# Host: 172.51.96.187  (Version: 5.6.21)
# Date: 2016-01-19 14:32:57
# Generator: MySQL-Front 5.3  (Build 4.214)

/*!40101 SET NAMES utf8 */;

#
# Structure for table "t_comment"
#

DROP TABLE IF EXISTS `t_comment`;
CREATE TABLE `t_comment` (
  `commentid` int(11) NOT NULL AUTO_INCREMENT COMMENT '意见反馈编码',
  `userid` int(11) DEFAULT NULL COMMENT '用户编码',
  `content` varchar(500) DEFAULT NULL COMMENT '反馈内容',
  `createtime` datetime DEFAULT NULL COMMENT '创建时间',
  PRIMARY KEY (`commentid`)
) ENGINE=InnoDB AUTO_INCREMENT=4 DEFAULT CHARSET=utf8 COMMENT='意见反馈';

#
# Data for table "t_comment"
#

INSERT INTO `t_comment` VALUES (1,141,'充值0.01元，系统消息充了1.0元。','2016-01-13 15:45:40'),(2,120,'dbhdhdhhdhdhxhhdh12345','2016-01-15 10:42:18'),(3,152,'红红火火恍恍惚惚','2016-01-19 11:43:23');

#
# Structure for table "t_maketrans"
#

DROP TABLE IF EXISTS `t_maketrans`;
CREATE TABLE `t_maketrans` (
  `maketransid` int(11) NOT NULL AUTO_INCREMENT COMMENT '编码',
  `userid` int(11) DEFAULT NULL COMMENT '用户编码',
  `countryid` int(11) DEFAULT NULL COMMENT '目的地国家编码',
  `provinceid` int(11) DEFAULT NULL COMMENT '目的地省或州编码',
  `cityid` int(11) DEFAULT NULL COMMENT '目的地市编码',
  `begintime` datetime DEFAULT NULL COMMENT '开始时间',
  `endtime` datetime DEFAULT NULL COMMENT '结束时间',
  `hours` int(5) DEFAULT NULL COMMENT '小时数',
  `languageid` int(11) DEFAULT NULL COMMENT '语种编码',
  `level` int(20) DEFAULT NULL COMMENT '等级 1初级2中级3高级',
  `specialtyid` int(11) DEFAULT NULL COMMENT '专业编码',
  `address` varchar(500) DEFAULT NULL COMMENT '起始地址',
  `state` int(2) DEFAULT '0' COMMENT '是否被抢单 0否1是',
  `remark` varchar(500) DEFAULT NULL COMMENT '备注',
  `createtime` datetime DEFAULT NULL COMMENT '创建时间',
  `tranuserid` int(11) DEFAULT NULL COMMENT '翻译人员编码',
  `getbilltime` datetime DEFAULT NULL COMMENT '抢单时间',
  PRIMARY KEY (`maketransid`)
) ENGINE=InnoDB AUTO_INCREMENT=9 DEFAULT CHARSET=utf8 COMMENT='预约表';

#
# Data for table "t_maketrans"
#

INSERT INTO `t_maketrans` VALUES (1,153,2,7,8,'2016-01-18 17:00:00','2016-01-18 22:00:00',5,1,1,395,'纽约',0,NULL,'2016-01-18 21:58:58',NULL,NULL),(3,139,2,7,8,'2016-01-23 08:00:00','2016-01-23 21:00:00',13,1,1,395,'肯尼迪机场',0,'开朗，专业。','2016-01-19 00:30:23',NULL,NULL),(6,153,2,7,8,'2016-01-19 12:00:00','2016-01-19 18:00:00',6,1,1,343,'朝阳',0,NULL,'2016-01-19 11:03:22',NULL,NULL),(8,124,1,5,6,'2016-01-19 14:00:00','2016-01-19 18:00:00',4,6,1,395,'你的你大家大家你想你的你复活的家绝对经典家金像奖独家互相监督家经典家睡觉绝对经典家绝对经典家经典家睡觉',0,'不参加选举进行家绝对经典家好喜欢巴登巴登好的呵护的话经典家绝对经典绝对经典很好的话好像亟待解决绝对经典家的话','2016-01-19 13:54:22',NULL,NULL);

#
# Structure for table "t_maketrans_user"
#

DROP TABLE IF EXISTS `t_maketrans_user`;
CREATE TABLE `t_maketrans_user` (
  `maketransiduserid` int(11) NOT NULL AUTO_INCREMENT COMMENT '主键',
  `maketransid` int(11) DEFAULT NULL COMMENT '预约编码',
  `userid` int(11) DEFAULT NULL COMMENT '翻译编码',
  PRIMARY KEY (`maketransiduserid`)
) ENGINE=InnoDB AUTO_INCREMENT=24 DEFAULT CHARSET=utf8 COMMENT='预约应该翻译表';

#
# Data for table "t_maketrans_user"
#

INSERT INTO `t_maketrans_user` VALUES (1,118,91),(2,118,114),(3,118,29),(4,119,91),(5,119,114),(6,119,119),(7,120,141),(8,121,91),(9,121,114),(10,121,119),(11,122,91),(12,122,114),(13,122,119),(14,1,149),(15,2,128),(16,3,149),(17,4,141),(18,5,141),(19,6,91),(20,6,114),(21,6,119),(22,7,141),(23,8,123);

#
# Structure for table "t_message"
#

DROP TABLE IF EXISTS `t_message`;
CREATE TABLE `t_message` (
  `msgid` int(11) NOT NULL AUTO_INCREMENT COMMENT '消息编码',
  `title` varchar(200) DEFAULT NULL COMMENT '标题',
  `content` varchar(500) DEFAULT NULL COMMENT '消息内容',
  `createtime` datetime DEFAULT NULL COMMENT '创建时间',
  PRIMARY KEY (`msgid`)
) ENGINE=InnoDB AUTO_INCREMENT=88 DEFAULT CHARSET=utf8 COMMENT='消息表';

#
# Data for table "t_message"
#

INSERT INTO `t_message` VALUES (1,'充值提醒','您成功充值：0.01元','2016-01-12 15:48:26'),(2,'充值提醒','您成功充值：0.01元','2016-01-12 15:48:53'),(20,'取消订单','订单号D16011309442318493已经被翻译Vsbdndjfkfkdnfnfmmr取消','2016-01-13 09:50:26'),(21,'扣除翻译会费通知','订单号D16011310116694941,扣除会费6.0','2016-01-13 10:13:12'),(22,'扣除翻译会费通知','订单号D16011313017545265,扣除会费6.0','2016-01-13 13:08:27'),(23,'扣除翻译会费通知','订单号D16011313005208258,扣除会费6.0','2016-01-13 13:16:02'),(24,'扣除翻译会费通知','订单号D16011313252625450,扣除会费6.0','2016-01-13 13:25:54'),(25,'取消订单','订单号D16011313208356557已经被翻译Vsbdndjfkfkdnfnfmmr取消','2016-01-13 13:31:51'),(26,'充值提醒','您成功充值：1.0元','2016-01-13 14:10:06'),(27,'支付提醒','订单D16011314116591652成功支付1.0元','2016-01-13 14:11:57'),(28,'充值提醒','您成功充值：0.01元','2016-01-13 14:13:17'),(29,'支付提醒','订单D16011314147098691成功支付0.01元','2016-01-13 14:14:45'),(30,'充值提醒','您成功充值：1.0元','2016-01-13 14:22:20'),(31,'充值提醒','您成功充值：1.0元','2016-01-13 14:22:37'),(32,'验证消息','META HTTP-EQUIV=\"Content-Type\" CONTENT=\"text/html; charset=euc-kr\">\n之后 还要在菜单---\"编辑\"---\"参数选择\"里把默认语言改一下\n以下详细的介绍\n你的Dreamweaver被设置为了以utf-8编码储存文件，你可以用以下两种方法解决：\n1.彻底的设置Dreamweaver的编码方式为utf-8\n设置方法：编辑－》首选参数－》新建文档－》默认编码，选择GB2312即可。但如果你的网页中存在多国语言，如中文、波斯文、韩文等等就需要设置为UTF-8\n','2016-01-13 15:11:07'),(33,'充值提醒','您成功充值：1.0元','2016-01-13 15:38:11'),(34,'扣除翻译会费通知','订单号D16011315390253464,扣除会费6.0','2016-01-13 15:56:27'),(35,'扣除翻译会费通知','订单号D16011316044402413,扣除会费6.0','2016-01-13 16:06:27'),(36,'扣除翻译会费通知','订单号D16011316044402413,扣除会费6.0','2016-01-13 16:06:29'),(37,'扣除翻译会费通知','订单号D16011316043694082,扣除会费6.0','2016-01-13 16:07:23'),(38,'抢单通知','您的预约单已经被翻译员etrans抢到','2016-01-14 10:25:24'),(39,'取消订单','订单号D16011410263435784已经被翻译etrans取消','2016-01-14 10:37:52'),(40,'充值提醒','您成功充值：0.01元','2016-01-14 15:08:57'),(41,'取消订单','订单号D16011414348477534已经被翻译悦1234567890qwertyuiiin取消','2016-01-14 15:18:19'),(42,'用户取消订单','订单号D16011414348477534已经被用户想念那些没打开取消','2016-01-14 15:18:36'),(43,'取消订单','订单号D16011414348477534已经被翻译悦1234567890qwertyuiiin取消','2016-01-14 15:21:24'),(44,'扣除翻译会费通知','订单号D16011414497556903,扣除会费6.0','2016-01-14 15:26:45'),(45,'扣除翻译会费通知','订单号D16011414497556903,扣除会费6.0','2016-01-14 15:26:53'),(46,'扣除翻译会费通知','订单号D16011414497556903,扣除会费6.0','2016-01-14 15:27:05'),(47,'扣除翻译会费通知','订单号D16011414497556903,扣除会费6.0','2016-01-14 15:27:21'),(48,'取消订单','订单号D16011510474824182已经被翻译悦1234567890qwertyuiiin取消','2016-01-15 10:53:21'),(49,'取消订单','订单号D16011415316126933已经被翻译惠惠取消','2016-01-15 11:02:09'),(50,'扣除翻译会费通知','订单号D16011415316126933,扣除会费6.0','2016-01-15 11:03:01'),(51,'扣除翻译会费通知','订单号D16011511064667255,扣除会费6.0','2016-01-15 11:10:52'),(52,'扣除翻译会费通知','订单号D16011511064667255,扣除会费6.0','2016-01-15 11:11:07'),(53,'扣除翻译会费通知','订单号D16011511064667255,扣除会费6.0','2016-01-15 11:11:40'),(54,'扣除翻译会费通知','订单号D16011511064667255,扣除会费6.0','2016-01-15 11:11:55'),(55,'扣除翻译会费通知','订单号D16011511064667255,扣除会费6.0','2016-01-15 11:12:27'),(56,'支付提醒','订单D16011511186555735成功支付1.0元','2016-01-15 11:21:03'),(57,'扣除翻译会费通知','订单号D16011511064667255,扣除会费6.0','2016-01-15 11:21:38'),(58,'订单通知','订单号D16011511186555735,离订单预约日还有1天时间','2016-01-15 11:30:00'),(59,'用户取消订单','订单号D16011513571455282已经被用户qweriruir取消','2016-01-15 13:58:51'),(60,'支付提醒','订单D16011514034348337成功支付1.0元','2016-01-15 14:04:04'),(61,'用户取消订单','订单号D16011514034348337已经被用户qweriruir取消','2016-01-15 14:04:27'),(62,'取消订单','订单号D16011514034348337已经被翻译悦1234567890qwertyuiiin取消','2016-01-15 14:08:16'),(63,'扣除翻译会费通知','订单号D16011514034348337,扣除会费6.0','2016-01-15 14:10:46'),(64,'扣除翻译会费通知','订单号D16011514034348337,扣除会费6.0','2016-01-15 14:10:54'),(65,'扣除翻译会费通知','订单号D16011822190182935,扣除会费6.0','2016-01-18 22:22:06'),(66,'抢单通知','您的预约单已经被翻译员悦1234567890qwertyuiiin抢到','2016-01-18 22:44:10'),(67,'取消订单','订单号D16011822456191554已经被翻译悦1234567890qwertyuiiin取消','2016-01-18 22:49:05'),(68,'充值提醒','您成功充值：0.01元','2016-01-18 23:28:24'),(69,'抢单通知','您的预约单已经被翻译员etrans抢到','2016-01-19 00:55:52'),(70,'抢单通知','您的预约单已经被翻译员etrans抢到','2016-01-19 02:05:13'),(71,'支付提醒','订单D16011902083834748成功支付1.0元','2016-01-19 03:08:26'),(72,'用户取消订单','订单号D16011902083834748已经被用户世界取消','2016-01-19 03:18:27'),(73,'支付提醒','订单D16011909280712795成功支付0.01元','2016-01-19 09:31:03'),(74,'支付提醒','订单D16011909343676212成功支付1.0元','2016-01-19 09:34:41'),(75,'用户取消订单','订单号D16011909343676212已经被用户qweriruir取消','2016-01-19 09:36:46'),(76,'取消订单','订单号D16011909402471331已经被翻译悦1234567890qwertyuiiin取消','2016-01-19 09:42:44'),(77,'用户取消订单','订单号D16011909504572934已经被用户55555取消','2016-01-19 09:51:39'),(78,'充值提醒','您成功充值：0.01元','2016-01-19 10:13:20'),(79,'扣除翻译会费通知','订单号D16011909402471331,扣除会费6.0','2016-01-19 10:19:53'),(80,'扣除翻译会费通知','订单号D16011909402471331,扣除会费6.0','2016-01-19 10:20:13'),(81,'扣除翻译会费通知','订单号D16011511186555735,扣除会费6.0','2016-01-19 10:57:38'),(82,'扣除翻译会费通知','订单号D16011511186555735,扣除会费6.0','2016-01-19 10:58:48'),(83,'扣除翻译会费通知','订单号D16011511186555735,扣除会费6.0','2016-01-19 11:00:51'),(84,'扣除翻译会费通知','订单号D16011909280712795,扣除会费6.0','2016-01-19 13:30:35'),(85,'扣除翻译会费通知','订单号D16011909280712795,扣除会费6.0','2016-01-19 13:30:42'),(86,'扣除翻译会费通知','订单号D16011909280712795,扣除会费6.0','2016-01-19 13:30:47'),(87,'充值提醒','您成功充值：0.01元','2016-01-19 14:18:51');

#
# Structure for table "t_message_user"
#

DROP TABLE IF EXISTS `t_message_user`;
CREATE TABLE `t_message_user` (
  `messageuserid` int(11) NOT NULL AUTO_INCREMENT COMMENT '主键',
  `msgid` int(11) DEFAULT NULL COMMENT '消息编码',
  `userid` int(11) DEFAULT NULL COMMENT '接收人编码',
  `isread` int(2) DEFAULT '0' COMMENT '是否查看 0否1是',
  `senduserid` int(11) DEFAULT NULL COMMENT '发送人编码',
  PRIMARY KEY (`messageuserid`)
) ENGINE=InnoDB AUTO_INCREMENT=1942 DEFAULT CHARSET=utf8 COMMENT='消息与人关系表';

#
# Data for table "t_message_user"
#

INSERT INTO `t_message_user` VALUES (1,1,114,1,0),(2,2,114,1,0),(1771,20,121,1,0),(1772,21,123,1,0),(1773,22,123,1,0),(1774,23,123,1,0),(1775,24,123,1,0),(1776,25,121,1,0),(1777,26,123,1,0),(1778,27,121,1,0),(1779,28,123,1,0),(1780,29,121,1,0),(1781,30,123,1,0),(1782,31,123,1,0),(1783,32,1,0,1),(1784,32,7,0,1),(1785,32,8,0,1),(1786,32,9,0,1),(1787,32,29,1,1),(1788,32,32,0,1),(1789,32,33,0,1),(1790,32,34,0,1),(1791,32,35,0,1),(1792,32,36,0,1),(1793,32,37,0,1),(1794,32,38,0,1),(1795,32,40,0,1),(1796,32,41,0,1),(1797,32,42,0,1),(1798,32,43,0,1),(1799,32,44,0,1),(1800,32,45,0,1),(1801,32,46,1,1),(1802,32,47,0,1),(1803,32,48,0,1),(1804,32,49,0,1),(1805,32,50,0,1),(1806,32,51,0,1),(1807,32,52,0,1),(1808,32,53,0,1),(1809,32,54,0,1),(1810,32,55,0,1),(1811,32,56,0,1),(1812,32,57,0,1),(1813,32,58,0,1),(1814,32,59,0,1),(1815,32,60,0,1),(1816,32,61,0,1),(1817,32,62,0,1),(1818,32,63,0,1),(1819,32,64,0,1),(1820,32,65,0,1),(1821,32,66,0,1),(1822,32,67,0,1),(1823,32,68,0,1),(1824,32,69,0,1),(1825,32,70,0,1),(1826,32,71,0,1),(1827,32,72,0,1),(1828,32,73,0,1),(1829,32,74,0,1),(1830,32,75,0,1),(1831,32,76,0,1),(1832,32,77,0,1),(1833,32,78,0,1),(1834,32,79,0,1),(1835,32,80,0,1),(1836,32,81,0,1),(1837,32,82,0,1),(1838,32,83,0,1),(1839,32,84,0,1),(1840,32,85,0,1),(1841,32,86,0,1),(1842,32,87,0,1),(1843,32,88,0,1),(1844,32,89,0,1),(1845,32,90,0,1),(1846,32,91,0,1),(1847,32,92,0,1),(1848,32,93,0,1),(1849,32,94,0,1),(1850,32,95,0,1),(1851,32,96,0,1),(1852,32,97,0,1),(1853,32,98,0,1),(1854,32,99,0,1),(1855,32,100,0,1),(1856,32,101,0,1),(1857,32,102,0,1),(1858,32,103,0,1),(1859,32,106,0,1),(1860,32,114,1,1),(1861,32,115,0,1),(1862,32,116,0,1),(1863,32,117,0,1),(1864,32,118,0,1),(1865,32,119,0,1),(1866,32,120,1,1),(1867,32,121,1,1),(1868,32,122,0,1),(1869,32,123,1,1),(1870,32,124,0,1),(1871,32,125,0,1),(1872,32,126,0,1),(1873,32,127,0,1),(1874,32,128,1,1),(1875,32,129,0,1),(1876,32,130,1,1),(1877,32,131,0,1),(1878,32,132,0,1),(1879,32,133,0,1),(1880,32,134,0,1),(1881,32,135,0,1),(1882,32,136,0,1),(1883,32,137,0,1),(1884,32,138,0,1),(1885,32,139,1,1),(1886,32,140,0,1),(1887,33,141,1,0),(1888,34,123,1,0),(1889,35,128,1,0),(1890,36,128,1,0),(1891,37,128,1,0),(1892,38,139,1,0),(1893,39,139,1,0),(1894,40,128,0,0),(1895,41,121,1,0),(1896,42,128,0,0),(1897,43,121,1,0),(1898,44,128,0,0),(1899,45,128,0,0),(1900,46,128,0,0),(1901,47,128,0,0),(1902,48,120,1,0),(1903,49,120,1,0),(1904,50,130,1,0),(1905,51,130,1,0),(1906,52,130,1,0),(1907,53,130,1,0),(1908,54,130,1,0),(1909,55,130,1,0),(1910,56,46,1,0),(1911,57,130,1,0),(1912,58,46,1,0),(1913,59,128,0,0),(1914,60,120,1,0),(1915,61,128,0,0),(1916,62,120,1,0),(1917,63,128,0,0),(1918,64,128,1,0),(1919,65,130,1,0),(1920,66,121,0,0),(1921,67,121,0,0),(1922,68,123,1,0),(1923,69,139,1,0),(1924,70,139,1,0),(1925,71,139,1,0),(1926,72,141,1,0),(1927,73,120,0,0),(1928,74,120,0,0),(1929,75,128,1,0),(1930,76,120,0,0),(1931,77,130,0,0),(1932,78,128,1,0),(1933,79,128,0,0),(1934,80,128,0,0),(1935,81,128,0,0),(1936,82,128,0,0),(1937,83,128,0,0),(1938,84,128,0,0),(1939,85,128,0,0),(1940,86,128,0,0),(1941,87,157,0,0);

#
# Structure for table "t_notify"
#

DROP TABLE IF EXISTS `t_notify`;
CREATE TABLE `t_notify` (
  `notifyid` int(11) NOT NULL AUTO_INCREMENT COMMENT '主键编码',
  `orderid` varchar(40) DEFAULT NULL COMMENT '订单编码',
  `totalfee` float(9,2) DEFAULT '0.00' COMMENT '金额',
  `state` int(11) DEFAULT '0' COMMENT '支付状态 0失败1成功',
  `des` varchar(200) DEFAULT NULL COMMENT '描述',
  `type` int(2) DEFAULT NULL COMMENT '类型 2翻译3用户',
  `transactionid` varchar(64) DEFAULT NULL COMMENT '微信或支付宝订单号',
  `paytype` int(2) DEFAULT NULL COMMENT '支付方式 1支付宝2微信',
  `buyerid` varchar(30) DEFAULT NULL COMMENT '买家支付宝账号对应的支付宝唯一用户号。以2088开头的纯16位数字',
  `buyeremail` varchar(100) DEFAULT NULL COMMENT '买家支付宝账号，可以是Email或手机号码',
  `createtime` datetime DEFAULT NULL COMMENT '创建时间',
  PRIMARY KEY (`notifyid`)
) ENGINE=InnoDB AUTO_INCREMENT=145 DEFAULT CHARSET=utf8 COMMENT='回调信息';

#
# Data for table "t_notify"
#

INSERT INTO `t_notify` VALUES (1,'D16011215237278030',0.01,0,NULL,3,'2016011221001004620004526642',1,'2088502027130626','haoxueforever@163.com','2016-01-12 15:28:43'),(2,'D16011212370912480',1.00,0,NULL,3,'1009560249201601122654210166',2,NULL,NULL,'2016-01-12 15:35:24'),(3,'D16011212370912480',1.00,0,'签名失败或参数格式校验错误',3,'1009560249201601122654210166',2,NULL,NULL,'2016-01-12 15:35:24'),(4,'D16011215237278030',0.01,0,NULL,3,'2016011221001004620004526642',1,'2088502027130626','haoxueforever@163.com','2016-01-12 15:38:33'),(5,'D16011215237278030',0.01,0,NULL,3,'2016011221001004620004526642',1,'2088502027130626','haoxueforever@163.com','2016-01-12 15:48:01'),(6,'5049C01989A74D878ED184AC692972ED',0.01,1,'处理成功',2,'2016011221001004620090549133',1,'2088502027130626','haoxueforever@163.com','2016-01-12 15:48:26'),(7,'5049C01989A74D878ED184AC692972ED',0.01,0,NULL,2,'2016011221001004620090549133',1,'2088502027130626','haoxueforever@163.com','2016-01-12 15:48:28'),(8,'142E207AA45A40C29558DA3B287E097E',0.01,1,'处理成功',2,'2016011221001004620090117954',1,'2088502027130626','haoxueforever@163.com','2016-01-12 15:48:52'),(9,'142E207AA45A40C29558DA3B287E097E',0.01,0,NULL,2,'2016011221001004620090117954',1,'2088502027130626','haoxueforever@163.com','2016-01-12 15:48:54'),(10,'5049C01989A74D878ED184AC692972ED',0.01,0,NULL,2,'2016011221001004620090549133',1,'2088502027130626','haoxueforever@163.com','2016-01-12 15:52:09'),(11,'142E207AA45A40C29558DA3B287E097E',0.01,0,NULL,2,'2016011221001004620090117954',1,'2088502027130626','haoxueforever@163.com','2016-01-12 15:52:35'),(12,'142E207AA45A40C29558DA3B287E097E',0.01,0,NULL,2,'2016011221001004620090117954',1,'2088502027130626','haoxueforever@163.com','2016-01-12 16:02:16'),(13,'5049C01989A74D878ED184AC692972ED',0.01,0,NULL,2,'2016011221001004620090549133',1,'2088502027130626','haoxueforever@163.com','2016-01-12 16:02:43'),(14,'D16011212370912480',1.00,0,NULL,3,'1009560249201601122654210166',2,NULL,NULL,'2016-01-12 16:05:25'),(15,'D16011212370912480',1.00,0,'签名失败或参数格式校验错误',3,'1009560249201601122654210166',2,NULL,NULL,'2016-01-12 16:05:25'),(16,'5049C01989A74D878ED184AC692972ED',0.01,0,NULL,2,'2016011221001004620090549133',1,'2088502027130626','haoxueforever@163.com','2016-01-12 16:12:03'),(17,'142E207AA45A40C29558DA3B287E097E',0.01,0,NULL,2,'2016011221001004620090117954',1,'2088502027130626','haoxueforever@163.com','2016-01-12 16:12:16'),(18,'A21F75FD12534A86ABF6243A369B065F',1.00,0,NULL,2,'1002690124201601122658818892',2,NULL,NULL,'2016-01-12 16:46:43'),(19,'A21F75FD12534A86ABF6243A369B065F',1.00,0,NULL,2,'1002690124201601122658818892',2,NULL,NULL,'2016-01-12 16:46:57'),(20,'14F4CE9D071E4B4998D667441D41BBA2',1.00,0,NULL,2,'1002690124201601122658823123',2,NULL,NULL,'2016-01-12 16:47:03'),(21,'14F4CE9D071E4B4998D667441D41BBA2',1.00,0,NULL,2,'1002690124201601122658823123',2,NULL,NULL,'2016-01-12 16:47:15'),(22,'A21F75FD12534A86ABF6243A369B065F',1.00,0,NULL,2,'1002690124201601122658818892',2,NULL,NULL,'2016-01-12 16:47:15'),(23,'14F4CE9D071E4B4998D667441D41BBA2',1.00,0,NULL,2,'1002690124201601122658823123',2,NULL,NULL,'2016-01-12 16:47:32'),(24,'A21F75FD12534A86ABF6243A369B065F',1.00,0,NULL,2,'1002690124201601122658818892',2,NULL,NULL,'2016-01-12 16:47:47'),(25,'14F4CE9D071E4B4998D667441D41BBA2',1.00,0,NULL,2,'1002690124201601122658823123',2,NULL,NULL,'2016-01-12 16:48:04'),(26,'D16011215237278030',0.01,0,NULL,3,'2016011221001004620004526642',1,'2088502027130626','haoxueforever@163.com','2016-01-12 16:48:13'),(27,'A21F75FD12534A86ABF6243A369B065F',1.00,0,NULL,2,'1002690124201601122658818892',2,NULL,NULL,'2016-01-12 16:50:49'),(28,'14F4CE9D071E4B4998D667441D41BBA2',1.00,0,NULL,2,'1002690124201601122658823123',2,NULL,NULL,'2016-01-12 16:51:07'),(29,'5049C01989A74D878ED184AC692972ED',0.01,0,NULL,2,'2016011221001004620090549133',1,'2088502027130626','haoxueforever@163.com','2016-01-12 17:12:03'),(30,'142E207AA45A40C29558DA3B287E097E',0.01,0,NULL,2,'2016011221001004620090117954',1,'2088502027130626','haoxueforever@163.com','2016-01-12 17:12:16'),(31,'A21F75FD12534A86ABF6243A369B065F',1.00,0,NULL,2,'1002690124201601122658818892',2,NULL,NULL,'2016-01-12 17:20:50'),(32,'14F4CE9D071E4B4998D667441D41BBA2',1.00,0,NULL,2,'1002690124201601122658823123',2,NULL,NULL,'2016-01-12 17:21:10'),(33,'D16011212370912480',1.00,0,NULL,3,'1009560249201601122654210166',2,NULL,NULL,'2016-01-12 17:35:28'),(34,'D16011217346026871',1.00,0,NULL,3,'1007370249201601122659873526',2,NULL,NULL,'2016-01-12 17:36:04'),(35,'D16011217346026871',1.00,0,NULL,3,'1007370249201601122659873526',2,NULL,NULL,'2016-01-12 17:36:19'),(36,'D16011217346026871',1.00,0,NULL,3,'1007370249201601122659873526',2,NULL,NULL,'2016-01-12 17:36:35'),(37,'D16011217346026871',1.00,0,NULL,3,'1007370249201601122659873526',2,NULL,NULL,'2016-01-12 17:37:08'),(38,'D16011217346026871',1.00,0,NULL,3,'1007370249201601122659873526',2,NULL,NULL,'2016-01-12 17:40:09'),(39,'A21F75FD12534A86ABF6243A369B065F',1.00,0,NULL,2,'1002690124201601122658818892',2,NULL,NULL,'2016-01-12 17:50:52'),(40,'14F4CE9D071E4B4998D667441D41BBA2',1.00,0,NULL,2,'1002690124201601122658823123',2,NULL,NULL,'2016-01-12 17:51:12'),(41,'D16011217346026871',1.00,0,NULL,3,'1007370249201601122659873526',2,NULL,NULL,'2016-01-12 18:10:13'),(42,'A21F75FD12534A86ABF6243A369B065F',1.00,0,NULL,2,'1002690124201601122658818892',2,NULL,NULL,'2016-01-12 18:20:55'),(43,'14F4CE9D071E4B4998D667441D41BBA2',1.00,0,NULL,2,'1002690124201601122658823123',2,NULL,NULL,'2016-01-12 18:21:16'),(44,'D16011217346026871',1.00,0,NULL,3,'1007370249201601122659873526',2,NULL,NULL,'2016-01-12 18:40:15'),(45,'D16011215237278030',0.01,0,NULL,3,'2016011221001004620004526642',1,'2088502027130626','haoxueforever@163.com','2016-01-12 18:48:24'),(46,'A21F75FD12534A86ABF6243A369B065F',1.00,0,NULL,2,'1002690124201601122658818892',2,NULL,NULL,'2016-01-12 18:50:57'),(47,'14F4CE9D071E4B4998D667441D41BBA2',1.00,0,NULL,2,'1002690124201601122658823123',2,NULL,NULL,'2016-01-12 18:51:17'),(48,'D16011217346026871',1.00,0,NULL,3,'1007370249201601122659873526',2,NULL,NULL,'2016-01-12 19:10:17'),(49,'142E207AA45A40C29558DA3B287E097E',0.01,0,NULL,2,'2016011221001004620090117954',1,'2088502027130626','haoxueforever@163.com','2016-01-12 19:12:00'),(50,'5049C01989A74D878ED184AC692972ED',0.01,0,NULL,2,'2016011221001004620090549133',1,'2088502027130626','haoxueforever@163.com','2016-01-12 19:12:21'),(51,'D16011217346026871',1.00,0,NULL,3,'1007370249201601122659873526',2,NULL,NULL,'2016-01-12 19:40:19'),(52,'A21F75FD12534A86ABF6243A369B065F',1.00,0,NULL,2,'1002690124201601122658818892',2,NULL,NULL,'2016-01-12 19:50:58'),(53,'14F4CE9D071E4B4998D667441D41BBA2',1.00,0,NULL,2,'1002690124201601122658823123',2,NULL,NULL,'2016-01-12 19:51:19'),(54,'D16011217346026871',1.00,0,NULL,3,'1007370249201601122659873526',2,NULL,NULL,'2016-01-12 20:40:21'),(55,'D16011215237278030',0.01,0,NULL,3,'2016011221001004620004526642',1,'2088502027130626','haoxueforever@163.com','2016-01-13 00:47:58'),(56,'142E207AA45A40C29558DA3B287E097E',0.01,0,NULL,2,'2016011221001004620090117954',1,'2088502027130626','haoxueforever@163.com','2016-01-13 01:12:03'),(57,'5049C01989A74D878ED184AC692972ED',0.01,0,NULL,2,'2016011221001004620090549133',1,'2088502027130626','haoxueforever@163.com','2016-01-13 01:12:12'),(58,'7AEC5009FD1C485DAD6F78916385445D',1.00,0,NULL,2,'1009560124201601132669328576',2,NULL,NULL,'2016-01-13 09:23:13'),(59,'7AEC5009FD1C485DAD6F78916385445D',1.00,0,NULL,2,'1009560124201601132669328576',2,NULL,NULL,'2016-01-13 09:23:22'),(60,'7AEC5009FD1C485DAD6F78916385445D',1.00,0,NULL,2,'1009560124201601132669328576',2,NULL,NULL,'2016-01-13 09:23:40'),(61,'7AEC5009FD1C485DAD6F78916385445D',1.00,0,NULL,2,'1009560124201601132669328576',2,NULL,NULL,'2016-01-13 09:24:12'),(62,'7AEC5009FD1C485DAD6F78916385445D',1.00,0,NULL,2,'1009560124201601132669328576',2,NULL,NULL,'2016-01-13 09:27:16'),(63,'D16011309442318493',1.00,0,NULL,3,'1006880249201601132669619548',2,NULL,NULL,'2016-01-13 09:45:51'),(64,'D16011309442318493',1.00,0,NULL,3,'1006880249201601132669619548',2,NULL,NULL,'2016-01-13 09:46:02'),(65,'D16011309442318493',1.00,0,NULL,3,'1006880249201601132669619548',2,NULL,NULL,'2016-01-13 09:46:19'),(66,'D16011309442318493',1.00,0,NULL,3,'1006880249201601132669619548',2,NULL,NULL,'2016-01-13 09:46:51'),(67,'D16011309442318493',1.00,0,NULL,3,'1006880249201601132669619548',2,NULL,NULL,'2016-01-13 09:49:53'),(68,'7AEC5009FD1C485DAD6F78916385445D',1.00,0,NULL,2,'1009560124201601132669328576',2,NULL,NULL,'2016-01-13 09:57:18'),(69,'D16011309442318493',1.00,0,NULL,3,'1006880249201601132669619548',2,NULL,NULL,'2016-01-13 10:19:56'),(70,'7AEC5009FD1C485DAD6F78916385445D',1.00,0,NULL,2,'1009560124201601132669328576',2,NULL,NULL,'2016-01-13 10:27:19'),(71,'D16011309442318493',1.00,0,NULL,3,'1006880249201601132669619548',2,NULL,NULL,'2016-01-13 10:49:57'),(72,'7AEC5009FD1C485DAD6F78916385445D',1.00,0,NULL,2,'1009560124201601132669328576',2,NULL,NULL,'2016-01-13 10:57:20'),(73,'D16011309442318493',1.00,0,NULL,3,'1006880249201601132669619548',2,NULL,NULL,'2016-01-13 11:20:00'),(74,'7AEC5009FD1C485DAD6F78916385445D',1.00,0,NULL,2,'1009560124201601132669328576',2,NULL,NULL,'2016-01-13 11:27:22'),(75,'D16011309442318493',1.00,0,NULL,3,'1006880249201601132669619548',2,NULL,NULL,'2016-01-13 11:50:02'),(76,'3A78D0ACE1AF40CD885B1F192459013B',1.00,0,NULL,2,'1009560124201601132674315514',2,NULL,NULL,'2016-01-13 13:18:10'),(77,'3A78D0ACE1AF40CD885B1F192459013B',1.00,0,NULL,2,'1009560124201601132674315514',2,NULL,NULL,'2016-01-13 13:18:26'),(78,'3A78D0ACE1AF40CD885B1F192459013B',1.00,0,NULL,2,'1009560124201601132674315514',2,NULL,NULL,'2016-01-13 13:18:41'),(79,'3A78D0ACE1AF40CD885B1F192459013B',1.00,0,NULL,2,'1009560124201601132674315514',2,NULL,NULL,'2016-01-13 13:19:12'),(80,'D16011313208356557',1.00,0,NULL,3,'1009560249201601132674382726',2,NULL,NULL,'2016-01-13 13:21:42'),(81,'D16011313208356557',1.00,0,NULL,3,'1009560249201601132674382726',2,NULL,NULL,'2016-01-13 13:21:53'),(82,'D16011313208356557',1.00,0,NULL,3,'1009560249201601132674382726',2,NULL,NULL,'2016-01-13 13:22:09'),(83,'3A78D0ACE1AF40CD885B1F192459013B',1.00,0,NULL,2,'1009560124201601132674315514',2,NULL,NULL,'2016-01-13 13:22:14'),(84,'D16011313208356557',1.00,0,NULL,3,'1009560249201601132674382726',2,NULL,NULL,'2016-01-13 13:22:42'),(85,'D16011313208356557',1.00,0,NULL,3,'1009560249201601132674382726',2,NULL,NULL,'2016-01-13 13:25:44'),(86,'0DF2C68969F840AF96A49A3445A7A3A7',1.00,0,NULL,2,'1009560124201601132674834536',2,NULL,NULL,'2016-01-13 13:48:32'),(87,'0DF2C68969F840AF96A49A3445A7A3A7',1.00,0,NULL,2,'1009560124201601132674834536',2,NULL,NULL,'2016-01-13 13:48:43'),(88,'0DF2C68969F840AF96A49A3445A7A3A7',1.00,0,NULL,2,'1009560124201601132674834536',2,NULL,NULL,'2016-01-13 13:49:00'),(89,'0DF2C68969F840AF96A49A3445A7A3A7',1.00,0,NULL,2,'1009560124201601132674834536',2,NULL,NULL,'2016-01-13 13:49:32'),(90,'3A78D0ACE1AF40CD885B1F192459013B',1.00,0,NULL,2,'1009560124201601132674315514',2,NULL,NULL,'2016-01-13 13:52:17'),(91,'0DF2C68969F840AF96A49A3445A7A3A7',1.00,0,NULL,2,'1009560124201601132674834536',2,NULL,NULL,'2016-01-13 13:52:34'),(92,'D16011313208356557',1.00,0,NULL,3,'1009560249201601132674382726',2,NULL,NULL,'2016-01-13 13:55:45'),(93,'D84E6AB4954548B2B39B9ACE39CED5D5',1.00,1,'处理成功',2,'1009560124201601132675187852',2,NULL,NULL,'2016-01-13 14:10:05'),(94,'D16011314116591652',1.00,1,'处理成功',3,'1009560249201601132675214649',2,NULL,NULL,'2016-01-13 14:11:56'),(95,'E86B1819025C46979A1183E99074529D',0.01,1,'处理成功',2,'2016011321001004620024325317',1,'2088502027130626','haoxueforever@163.com','2016-01-13 14:13:17'),(96,'E86B1819025C46979A1183E99074529D',0.01,0,NULL,2,'2016011321001004620024325317',1,'2088502027130626','haoxueforever@163.com','2016-01-13 14:13:19'),(97,'D16011314147098691',0.01,1,'处理成功',3,'2016011321001004620023006706',1,'2088502027130626','haoxueforever@163.com','2016-01-13 14:14:45'),(98,'D16011314147098691',0.01,0,NULL,3,'2016011321001004620023006706',1,'2088502027130626','haoxueforever@163.com','2016-01-13 14:14:46'),(99,'E86B1819025C46979A1183E99074529D',0.01,0,NULL,2,'2016011321001004620024325317',1,'2088502027130626','haoxueforever@163.com','2016-01-13 14:17:14'),(100,'D16011314147098691',0.01,0,NULL,3,'2016011321001004620023006706',1,'2088502027130626','haoxueforever@163.com','2016-01-13 14:18:29'),(101,'3A78D0ACE1AF40CD885B1F192459013B',1.00,1,'处理成功',2,'1009560124201601132674315514',2,NULL,NULL,'2016-01-13 14:22:19'),(102,'0DF2C68969F840AF96A49A3445A7A3A7',1.00,1,'处理成功',2,'1009560124201601132674834536',2,NULL,NULL,'2016-01-13 14:22:37'),(103,'D16011313208356557',1.00,0,NULL,3,'1009560249201601132674382726',2,NULL,NULL,'2016-01-13 14:25:46'),(104,'E86B1819025C46979A1183E99074529D',0.01,0,NULL,2,'2016011321001004620024325317',1,'2088502027130626','haoxueforever@163.com','2016-01-13 14:27:18'),(105,'D16011314147098691',0.01,0,NULL,3,'2016011321001004620023006706',1,'2088502027130626','haoxueforever@163.com','2016-01-13 14:28:10'),(106,'E86B1819025C46979A1183E99074529D',0.01,0,NULL,2,'2016011321001004620024325317',1,'2088502027130626','haoxueforever@163.com','2016-01-13 14:37:23'),(107,'D16011314147098691',0.01,0,NULL,3,'2016011321001004620023006706',1,'2088502027130626','haoxueforever@163.com','2016-01-13 14:38:09'),(108,'D16011313208356557',1.00,0,NULL,3,'1009560249201601132674382726',2,NULL,NULL,'2016-01-13 14:55:48'),(109,'D16011313208356557',1.00,0,NULL,3,'1009560249201601132674382726',2,NULL,NULL,'2016-01-13 15:25:49'),(110,'E86B1819025C46979A1183E99074529D',0.01,0,NULL,2,'2016011321001004620024325317',1,'2088502027130626','haoxueforever@163.com','2016-01-13 15:37:30'),(111,'27EEC078F89745FA9F20A6FB0D17D35E',1.00,1,'处理成功',2,'1005760124201601132676555026',2,NULL,NULL,'2016-01-13 15:38:10'),(112,'D16011314147098691',0.01,0,NULL,3,'2016011321001004620023006706',1,'2088502027130626','haoxueforever@163.com','2016-01-13 15:38:36'),(113,'D16011215237278030',0.01,0,NULL,3,'2016011221001004620004526642',1,'2088502027130626','haoxueforever@163.com','2016-01-13 15:48:20'),(114,'142E207AA45A40C29558DA3B287E097E',0.01,0,NULL,2,'2016011221001004620090117954',1,'2088502027130626','haoxueforever@163.com','2016-01-13 16:12:01'),(115,'5049C01989A74D878ED184AC692972ED',0.01,0,NULL,2,'2016011221001004620090549133',1,'2088502027130626','haoxueforever@163.com','2016-01-13 16:12:34'),(116,'D16011313208356557',1.00,0,NULL,3,'1009560249201601132674382726',2,NULL,NULL,'2016-01-13 16:25:50'),(117,'E86B1819025C46979A1183E99074529D',0.01,0,NULL,2,'2016011321001004620024325317',1,'2088502027130626','haoxueforever@163.com','2016-01-13 17:37:48'),(118,'D16011314147098691',0.01,0,NULL,3,'2016011321001004620023006706',1,'2088502027130626','haoxueforever@163.com','2016-01-13 17:38:21'),(119,'E86B1819025C46979A1183E99074529D',0.01,0,NULL,2,'2016011321001004620024325317',1,'2088502027130626','haoxueforever@163.com','2016-01-13 23:37:26'),(120,'D16011314147098691',0.01,0,NULL,3,'2016011321001004620023006706',1,'2088502027130626','haoxueforever@163.com','2016-01-13 23:38:20'),(121,'E86B1819025C46979A1183E99074529D',0.01,0,NULL,2,'2016011321001004620024325317',1,'2088502027130626','haoxueforever@163.com','2016-01-14 14:37:28'),(122,'D16011314147098691',0.01,0,NULL,3,'2016011321001004620023006706',1,'2088502027130626','haoxueforever@163.com','2016-01-14 14:38:12'),(123,'438D02CECBA047B595F1D747B785F908',1.00,1,'处理成功',2,'1004480124201601142693511803',2,NULL,NULL,'2016-01-14 15:08:56'),(124,'D16011511186555735',1.00,1,'处理成功',3,'1007370249201601152707591127',2,NULL,NULL,'2016-01-15 11:21:03'),(125,'D16011514034348337',1.00,1,'处理成功',3,'1004480249201601152710972904',2,NULL,NULL,'2016-01-15 14:04:03'),(126,'E25B722DB1A44C87BA420542259CE66F',0.01,1,'处理成功',2,'2016011821001004620067307122',1,'2088502027130626','haoxueforever@163.com','2016-01-18 23:28:23'),(127,'E25B722DB1A44C87BA420542259CE66F',0.01,0,NULL,2,'2016011821001004620067307122',1,'2088502027130626','haoxueforever@163.com','2016-01-18 23:28:24'),(128,'E25B722DB1A44C87BA420542259CE66F',0.01,0,NULL,2,'2016011821001004620067307122',1,'2088502027130626','haoxueforever@163.com','2016-01-18 23:32:22'),(129,'E25B722DB1A44C87BA420542259CE66F',0.01,0,NULL,2,'2016011821001004620067307122',1,'2088502027130626','haoxueforever@163.com','2016-01-18 23:42:06'),(130,'E25B722DB1A44C87BA420542259CE66F',0.01,0,NULL,2,'2016011821001004620067307122',1,'2088502027130626','haoxueforever@163.com','2016-01-18 23:52:40'),(131,'E25B722DB1A44C87BA420542259CE66F',0.01,0,NULL,2,'2016011821001004620067307122',1,'2088502027130626','haoxueforever@163.com','2016-01-19 00:52:37'),(132,'E25B722DB1A44C87BA420542259CE66F',0.01,0,NULL,2,'2016011821001004620067307122',1,'2088502027130626','haoxueforever@163.com','2016-01-19 02:52:13'),(133,'D16011902083834748',1.00,1,'处理成功',3,'1005760249201601182770507535',2,NULL,NULL,'2016-01-19 03:08:26'),(134,'E25B722DB1A44C87BA420542259CE66F',0.01,0,NULL,2,'2016011821001004620067307122',1,'2088502027130626','haoxueforever@163.com','2016-01-19 01:00:39'),(135,'D16011909280712795',0.01,1,'处理成功',3,'2016011921001004450068303496',1,'2088802586297454','15584152434','2016-01-19 09:31:03'),(136,'D16011909280712795',0.01,0,NULL,3,'2016011921001004450068303496',1,'2088802586297454','15584152434','2016-01-19 09:31:03'),(137,'D16011909343676212',1.00,1,'处理成功',3,'1004480249201601192777888852',2,NULL,NULL,'2016-01-19 09:34:41'),(138,'D16011909280712795',0.01,0,NULL,3,'2016011921001004450068303496',1,'2088802586297454','15584152434','2016-01-19 09:35:24'),(139,'D16011909280712795',0.01,0,NULL,3,'2016011921001004450068303496',1,'2088802586297454','15584152434','2016-01-19 09:45:42'),(140,'D16011909280712795',0.01,0,NULL,3,'2016011921001004450068303496',1,'2088802586297454','15584152434','2016-01-19 09:55:34'),(141,'22907C632CEB4319AE663C768A007B06',1.00,1,'处理成功',2,'1004480124201601192778431913',2,NULL,NULL,'2016-01-19 10:13:20'),(142,'D16011909280712795',0.01,0,NULL,3,'2016011921001004450068303496',1,'2088802586297454','15584152434','2016-01-19 10:55:06'),(143,'D16011909280712795',0.01,0,NULL,3,'2016011921001004450068303496',1,'2088802586297454','15584152434','2016-01-19 12:55:49'),(144,'C29A643351D94669AB1114056BFA6017',1.00,1,'处理成功',2,'1006880124201601192783270880',2,NULL,NULL,'2016-01-19 14:18:50');

#
# Structure for table "t_order"
#

DROP TABLE IF EXISTS `t_order`;
CREATE TABLE `t_order` (
  `orderid` varchar(40) NOT NULL DEFAULT '' COMMENT '订单编码',
  `countryid` int(11) DEFAULT NULL COMMENT '目的地国家编码',
  `provinceid` int(11) DEFAULT NULL COMMENT '目的地省或州编码',
  `cityid` int(11) DEFAULT NULL COMMENT '目的地市编码',
  `begintime` datetime DEFAULT NULL COMMENT '开始时间',
  `endtime` datetime DEFAULT NULL COMMENT '结束时间',
  `hours` int(5) DEFAULT NULL COMMENT '小时数',
  `tranuserid` int(11) DEFAULT NULL COMMENT '翻译人员编码',
  `languageid` int(11) DEFAULT NULL COMMENT '语种编码',
  `level` int(20) DEFAULT NULL COMMENT '等级 1初级2中级3高级',
  `specialtyid` int(11) DEFAULT NULL COMMENT '专业编码',
  `address` varchar(500) DEFAULT NULL COMMENT '起始地址',
  `remark` varchar(500) DEFAULT NULL COMMENT '备注',
  `userid` int(11) DEFAULT NULL COMMENT '用户编码',
  `bondmoney` float(9,2) NOT NULL DEFAULT '0.00' COMMENT '用户担保金',
  `userfine` float(9,2) DEFAULT '0.00' COMMENT '用户取消罚金',
  `fanyimoney` float(9,2) DEFAULT '0.00' COMMENT '翻译会费',
  `fanyifine` float(9,2) DEFAULT '0.00' COMMENT '翻译罚金',
  `state` int(2) DEFAULT '0' COMMENT '订单状态 0待付款1未支付取消2订单进行中3确认订单4待评价5完成6用户取消7翻译取消8用户确认取消',
  `createtime` datetime DEFAULT NULL COMMENT '创建时间',
  `cancel` int(2) DEFAULT '0' COMMENT '取消订单已退钱 0未退1已退',
  `confirm` int(2) DEFAULT '0' COMMENT '是否退保证金 0未退1已退',
  `reset` int(2) DEFAULT '3' COMMENT '0退钱1扣钱2退钱扣钱 未退未扣是3',
  `canceltime` datetime DEFAULT NULL COMMENT '取消时间',
  `userconfirm` int(2) DEFAULT '0' COMMENT '用户确认 0未确认1确认',
  `tranconfirm` int(2) DEFAULT '0' COMMENT '翻译确认 0未确认1确认',
  `confirmtime` datetime DEFAULT NULL COMMENT '订单确认时间',
  `getbilltime` datetime DEFAULT NULL COMMENT '抢单时间',
  `paytime` datetime DEFAULT NULL COMMENT '支付时间',
  `userdel` int(2) DEFAULT '0' COMMENT '用户删除订单  0否1是',
  `trandel` int(2) DEFAULT '0' COMMENT '翻译删除订单 0否1是',
  `usersay` int(2) DEFAULT '0' COMMENT '用户评价 0未评价1已评价',
  `transay` int(2) DEFAULT '0' COMMENT '翻译评价 0未评价1已评价',
  `oneday` int(2) DEFAULT '0' COMMENT '当订单预约日达到前1天消息提醒 0未提醒1已提醒',
  PRIMARY KEY (`orderid`)
) ENGINE=InnoDB DEFAULT CHARSET=utf8 COMMENT='订单表';

#
# Data for table "t_order"
#

INSERT INTO `t_order` VALUES ('D16011217346026871',1,5,6,'2016-01-12 00:00:00','2016-01-12 00:00:00',4,130,1,1,395,'沈阳大东','123',46,0.01,0.00,6.00,7.00,1,'2016-01-12 17:34:30',0,0,3,NULL,0,0,NULL,'2016-01-12 17:34:30',NULL,0,0,0,0,0),('D16011309442318493',1,3,4,'2016-01-13 11:00:00','2016-01-13 15:00:00',4,123,6,1,395,'FfghhjjngvhjnbFfghhjjn cvbb 呢','回到家大家的亟待解决你在你的家大家',121,0.01,0.00,6.00,7.00,1,'2016-01-13 09:44:12',0,0,3,'2016-01-13 09:50:26',0,0,NULL,'2016-01-13 09:44:12',NULL,0,0,0,0,0),('D16011310116694941',1,5,6,'2016-01-14 05:00:00','2016-01-14 10:00:00',5,123,6,1,395,'铁头功','风风光光',121,0.01,0.00,6.00,7.00,5,'2016-01-13 10:11:25',0,0,3,NULL,1,1,'2016-01-13 10:13:12','2016-01-13 10:11:25',NULL,1,0,1,1,0),('D16011313005208258',1,5,6,'2016-01-15 04:00:00','2016-01-15 14:00:00',10,123,6,1,395,'服不服工本费还放假','vfnfnn',121,0.01,0.00,6.00,7.00,5,'2016-01-13 13:00:58',0,0,3,NULL,1,1,'2016-01-13 13:16:02','2016-01-13 13:00:58',NULL,1,0,1,1,0),('D16011313017545265',1,5,6,'2016-01-16 08:00:00','2016-01-16 15:00:00',7,123,6,1,395,'服不服工本费还放假','vfnfnn',121,0.01,0.00,6.00,7.00,5,'2016-01-13 13:01:08',0,0,3,NULL,1,1,'2016-01-13 13:08:27','2016-01-13 13:01:08',NULL,1,0,1,1,0),('D16011313208356557',1,5,6,'2016-01-17 06:00:00','2016-01-17 11:00:00',5,123,6,1,395,'烦恼你发怒发怒','不咸不淡家大家记得',121,0.01,0.00,0.01,7.00,1,'2016-01-13 13:20:50',0,0,3,'2016-01-13 13:31:51',0,0,NULL,'2016-01-13 13:20:50',NULL,1,1,0,0,0),('D16011313252625450',1,5,6,'2016-01-18 05:00:00','2016-01-18 14:00:00',9,123,6,1,395,'新版本的女生','不到你发怒奶粉',121,0.01,0.00,6.00,7.00,5,'2016-01-13 13:25:08',0,0,3,NULL,1,1,'2016-01-13 13:25:54','2016-01-13 13:25:08','2016-01-18 21:55:28',1,0,1,1,0),('D16011314116591652',1,3,4,'2016-01-29 07:00:00','2016-01-29 23:00:00',16,125,5,2,395,'1111',NULL,121,0.01,0.00,6.00,7.00,2,'2016-01-13 14:11:37',0,0,3,NULL,0,0,NULL,'2016-01-13 14:11:37','2016-01-13 14:10:31',0,0,0,0,0),('D16011314147098691',1,3,4,'2016-01-27 06:00:00','2016-01-27 18:00:00',12,125,5,2,395,'在家里面',NULL,121,0.01,0.00,6.00,7.00,2,'2016-01-13 14:14:32',0,0,3,NULL,0,0,NULL,'2016-01-13 14:14:32','2016-01-13 14:13:20',0,0,0,0,0),('D16011315390253464',1,5,6,'2016-01-19 05:00:00','2016-01-19 09:00:00',4,123,6,1,395,'想念那些你的你','不到能对你的你',121,0.01,0.00,6.00,7.00,5,'2016-01-13 15:39:40',0,0,3,NULL,1,1,'2016-01-13 15:56:27','2016-01-13 15:39:40',NULL,1,1,1,1,0),('D16011316043694082',1,5,11,'2016-02-01 05:00:00','2016-02-01 09:00:00',4,128,1,1,395,'vggghjhgvg','不过还好姐姐',121,0.01,0.00,6.00,7.00,5,'2016-01-13 16:04:10',0,0,3,NULL,1,1,'2016-01-13 16:07:23','2016-01-13 16:04:10',NULL,1,0,1,1,0),('D16011316044402413',1,5,11,'2016-02-02 05:00:00','2016-02-02 10:00:00',5,128,1,1,395,'vggghjhgvg','不过还好姐姐',121,0.01,0.00,6.00,7.00,5,'2016-01-13 16:04:39',0,0,3,NULL,1,1,'2016-01-13 16:06:29','2016-01-13 16:04:39',NULL,1,0,1,1,0),('D16011412572922587',2,7,8,'2016-01-15 06:00:00','2016-01-15 11:00:00',5,141,1,1,374,'肯尼迪机场','随时可走。',142,0.01,0.00,6.00,7.00,1,'2016-01-14 12:57:47',0,0,3,NULL,0,0,NULL,'2016-01-14 12:57:47',NULL,0,0,0,0,0),('D16011412587845903',2,7,8,'2016-01-16 06:00:00','2016-01-16 10:00:00',4,141,1,1,374,'肯尼迪机场','随时可走。',142,0.01,0.00,6.00,7.00,1,'2016-01-14 12:58:49',0,0,3,NULL,0,0,NULL,'2016-01-14 12:58:49',NULL,0,0,0,0,0),('D16011414348477534',1,5,11,'2016-01-25 18:00:00','2016-01-25 22:00:00',4,128,1,1,395,'来咯哦哦弄','突破工作也破有自信',121,0.01,0.00,6.00,7.00,5,'2016-01-14 14:34:47',0,0,3,'2016-01-14 15:21:24',0,0,NULL,'2016-01-14 14:34:47','2016-01-14 15:57:22',0,0,0,0,0),('D16011414497556903',1,3,4,'2016-01-23 18:00:00','2016-01-23 23:00:00',5,128,1,1,395,'hjj',NULL,121,0.01,0.00,6.00,7.00,4,'2016-01-14 14:49:55',0,0,3,NULL,1,1,'2016-01-14 15:27:21','2016-01-14 14:49:55','2016-01-14 15:23:05',0,0,0,1,0),('D16011415316126933',1,5,6,'2016-02-01 09:00:00','2016-02-02 09:00:00',24,130,1,1,395,'asd','asd',120,0.01,0.00,6.00,7.00,4,'2016-01-14 15:31:33',0,0,3,'2016-01-15 11:02:09',1,1,'2016-01-15 11:03:01','2016-01-14 15:31:33','2016-01-15 11:02:49',0,0,1,0,0),('D16011415366111249',1,5,11,'2016-02-05 10:00:00','2016-02-06 10:00:00',24,128,1,1,395,'了在真咯我了','嘻嘻9我',121,0.01,0.00,6.00,7.00,1,'2016-01-14 15:36:04',0,0,3,NULL,0,0,NULL,'2016-01-14 15:36:04',NULL,0,0,0,0,0),('D16011510474824182',1,5,11,'2016-02-10 13:00:00','2016-02-11 06:00:00',17,128,1,1,395,'打扮打扮很大部分不烦你2你下嫩大','bcncncbcnjedijd',120,0.01,0.00,6.00,7.00,8,'2016-01-15 10:47:49',0,0,3,'2016-01-15 10:53:21',0,0,NULL,'2016-01-15 10:47:49','2016-01-15 10:51:06',0,0,0,0,0),('D16011511064667255',1,5,6,'2016-01-29 20:00:00','2016-01-29 23:00:00',3,130,1,1,395,'bxbxjdbfbbhhcbc','bdbdhdhbfbfbfb',120,0.01,0.00,6.00,7.00,4,'2016-01-15 11:06:23',0,0,3,NULL,1,1,'2016-01-15 11:21:38','2016-01-15 11:06:23','2016-01-15 11:10:42',0,0,0,0,0),('D16011511186555735',1,3,4,'2016-01-15 18:00:00','2016-01-15 23:00:00',5,128,1,1,395,'5',NULL,46,0.01,0.00,6.00,7.00,3,'2016-01-15 11:18:49',0,0,3,NULL,0,1,'2016-01-19 11:00:51','2016-01-15 11:18:49','2016-01-15 11:19:35',0,0,0,0,1),('D16011513571455282',1,5,6,'2016-01-30 10:00:00','2016-01-31 10:00:00',24,128,1,1,395,'苏主任你们','经理积木咯明明',120,0.01,0.00,6.00,7.00,6,'2016-01-15 13:57:08',0,0,0,'2016-01-15 13:58:51',0,0,NULL,'2016-01-15 13:57:08','2016-01-15 13:58:27',0,0,0,0,0),('D16011514034348337',1,5,6,'2016-01-26 10:00:00','2016-01-27 10:00:00',24,128,1,1,395,'兔子','解决了',120,0.01,0.00,6.00,7.00,5,'2016-01-15 14:03:36',0,0,3,'2016-01-15 14:08:16',1,1,'2016-01-15 14:10:54','2016-01-15 14:03:36','2016-01-15 14:15:05',0,0,1,1,0),('D16011514212932798',1,3,4,'2016-01-16 18:00:00','2016-01-15 23:00:00',-19,128,1,1,395,'5',NULL,46,0.01,0.00,6.00,7.00,1,'2016-01-15 14:21:18',0,0,3,NULL,0,0,NULL,'2016-01-15 14:21:18',NULL,0,0,0,0,0),('D16011822190182935',1,5,6,'2016-02-03 10:00:00','2016-02-03 14:00:00',4,130,1,1,395,'Dghh dfgh动画经典解放军还放假放假绝对经典家解放军大家解放军解放军大家','活动还放假还放假放假减肥解放军还放假放假解放军软件还放假大家',120,0.01,0.00,6.00,7.00,5,'2016-01-18 22:19:09',0,0,3,NULL,1,1,'2016-01-18 22:22:06','2016-01-18 22:19:09','2016-01-18 22:21:54',0,0,1,1,0),('D16011822456191554',1,5,11,'2016-02-25 05:00:00','2016-02-25 14:00:00',9,128,1,1,395,'xbbcbf[你orz破哦婆婆哦婆婆哦诺破','偷偷osmund哦婆婆took哦坡头MSN哦婆婆嘟嘟',121,0.01,0.00,6.00,7.00,7,'2016-01-18 22:45:49',0,0,3,'2016-01-18 22:49:05',0,0,NULL,'2016-01-18 22:44:10','2016-01-18 22:46:50',0,0,0,0,0),('D16011823168849711',1,5,6,'2016-02-26 09:00:00','2016-02-26 15:00:00',6,130,1,1,395,'妇女解放解放坚持绝代佳人家变成你发怒能让你会复活复活然后就饿好成绩分别发表办法','百分百放假放假放好的呵护功夫好的呵护和趁火打劫',121,0.01,0.00,6.00,7.00,5,'2016-01-18 23:16:47',0,0,3,NULL,0,0,NULL,'2016-01-18 23:16:47','2016-01-18 23:18:09',0,0,0,0,0),('D16011909280712795',1,5,6,'2016-02-15 05:00:00','2016-02-15 14:00:00',9,128,1,1,395,'乌云欧诺女诺诺咯偷偷摸诺LOL哦哦JOJO欧诺偷摸咯诺克咯哦咯过敏欧诺JOJO咯look哦诺look哦咯咯咙诺JOJO咯looknumlock','哦漏哦JOJO哦咯JOJO你明明你明明明年哦咯ing女模诺log您JOJO诺logo红补补egg哦理解跳楼倪敏急急急灵敏',120,0.01,0.00,6.00,7.00,4,'2016-01-19 09:28:42',0,0,3,NULL,0,0,'2016-01-19 13:30:47','2016-01-19 09:28:42','2016-01-19 14:27:12',0,0,0,1,0),('D16011909343676212',1,5,6,'2016-02-20 04:00:00','2016-02-20 10:00:00',6,128,1,1,395,'木木木诺空诺look哦咯咯咙numlock晕哦LOL哦哦LOL诺lowlz','做JOJO哦lol哦哦JOJO诺咯咙女OK吗定诺咯咙诺咯LOL诺',120,0.01,0.00,6.00,7.00,1,'2016-01-19 09:34:11',0,0,0,'2016-01-19 09:36:46',0,0,NULL,'2016-01-19 09:34:11',NULL,0,0,0,0,0),('D16011909402471331',1,5,6,'2016-02-21 10:00:00','2016-02-21 14:00:00',4,128,1,1,395,'啦咯是啦咯啦咯啦咯人快啦咯啦咯啦咯来咯路突击老K就咯啦咯来咯啦咯考虑图TUT','来咯哦哦拒绝啦咯啦咯啦咯考虑图老K',120,0.01,0.00,6.00,7.00,3,'2016-01-19 09:40:37',0,0,3,'2016-01-19 09:42:44',1,1,'2016-01-19 10:20:13','2016-01-19 09:40:37','2016-01-19 10:21:35',0,0,0,0,0),('D16011909504572934',1,3,4,'2016-01-19 18:00:00','2016-01-19 22:00:00',4,130,1,1,395,'Gig',NULL,46,0.01,0.00,6.00,7.00,6,'2016-01-19 09:50:47',0,0,0,'2016-01-19 09:51:39',0,0,NULL,'2016-01-19 09:50:47','2016-01-19 09:51:25',0,0,0,0,0),('D16011912104472354',2,7,8,'2016-01-19 13:00:00','2016-01-20 13:00:00',24,119,1,1,343,'跳楼','头',29,0.01,0.00,6.00,7.00,0,'2016-01-19 12:10:19',0,0,3,NULL,0,0,NULL,'2016-01-19 12:10:19',NULL,0,0,0,0,0),('D16011913420797349',2,7,8,'2016-01-19 18:00:00','2016-01-19 22:00:00',4,141,1,1,374,'You',NULL,139,0.01,0.00,6.00,7.00,0,'2016-01-19 13:42:06',0,0,3,NULL,0,0,NULL,'2016-01-19 13:42:06',NULL,0,0,0,0,0),('D16011914321902553',1,3,4,'2016-01-19 15:00:00','2016-01-19 18:00:00',3,157,1,3,395,'或许简单介绍难兄难弟解决能对你的你你能对你的你呢那些年你的你难兄难弟就发怒发怒','保持你的回答很简单不咸不淡嫩好想你的你你的你能对你的你家坚持你的家',124,0.01,0.00,6.00,7.00,0,'2016-01-19 14:32:31',0,0,3,NULL,0,0,NULL,'2016-01-19 14:32:31',NULL,0,0,0,0,0);

#
# Structure for table "t_order_comment"
#

DROP TABLE IF EXISTS `t_order_comment`;
CREATE TABLE `t_order_comment` (
  `commentid` bigint(20) NOT NULL AUTO_INCREMENT COMMENT '评论编码',
  `orderid` varchar(40) DEFAULT NULL COMMENT '订单编码',
  `fromuserid` int(11) DEFAULT NULL COMMENT '评论人编码',
  `touserid` int(11) DEFAULT NULL COMMENT '被评论人编码',
  `starlevel` int(2) DEFAULT '1' COMMENT '星等级',
  `content` varchar(500) DEFAULT NULL COMMENT '评论内容',
  `createtime` datetime DEFAULT NULL COMMENT '评论时间',
  PRIMARY KEY (`commentid`)
) ENGINE=InnoDB AUTO_INCREMENT=38 DEFAULT CHARSET=utf8 COMMENT='评论表';

#
# Data for table "t_order_comment"
#

INSERT INTO `t_order_comment` VALUES (1,'D16011313252625450',121,123,4,'啊啊啊嗄','2016-01-13 14:16:21'),(2,'D16011313017545265',121,123,5,'含含糊糊','2016-01-13 14:16:41'),(3,'D16011310116694941',123,121,5,'想经典解放军大家你信不信基督教不到你觉得打家劫舍你的难兄难弟就见不到你的嫩','2016-01-13 15:14:49'),(4,'D16011310116694941',121,123,4,'巴登巴登你的你能对你你的呢能对你难受呢','2016-01-13 15:15:45'),(5,'D16011313005208258',121,123,4,'记得绝对经典家绝对经典家酒店好多喝酒','2016-01-13 15:17:44'),(6,'D16011313005208258',123,121,4,'不想巴登巴登好','2016-01-13 15:18:11'),(7,'D16011313252625450',123,121,3,'呵呵好','2016-01-13 15:24:33'),(8,'D16011313017545265',123,121,4,'你才那些明星梦到你能对你你想你才能发怒呢你才能成就成俊俊才拿出耐心耐心耐心就想你的你能对你的你你的决定你的你呢','2016-01-13 15:25:19'),(9,'D16011315390253464',123,121,3,'deeee','2016-01-13 15:57:53'),(10,'D16011315390253464',121,123,4,'啊啊啊啊啊','2016-01-13 15:59:06'),(11,'D16011316044402413',121,128,4,'good','2016-01-13 16:08:40'),(12,'D16011316044402413',128,121,2,'啊啊啊啊','2016-01-13 16:09:09'),(13,'D16011316043694082',128,121,4,'啊啊啊','2016-01-13 16:09:32'),(14,'D16011316043694082',121,128,4,'萨阿德','2016-01-13 16:10:24'),(15,'D16011313252625450',123,121,1,'2222','2016-01-14 17:03:32'),(16,'D16011415316126933',120,130,0,'','2016-01-15 13:26:46'),(17,'D16011514034348337',128,120,1,'','2016-01-15 14:12:13'),(18,'D16011514034348337',128,120,1,'','2016-01-15 14:12:19'),(19,'D16011514034348337',120,128,4,'潭口','2016-01-15 14:12:35'),(20,'D16011514034348337',128,120,1,'','2016-01-15 14:14:19'),(21,'D16011313252625450',123,121,5,'','2016-01-18 21:55:49'),(22,'D16011822190182935',130,120,4,'好多好多百战百胜呢那些难受呢你的计算机蝴蝶结设计很是纠结','2016-01-18 22:27:58'),(23,'D16011822190182935',120,130,3,'好多好多话变成巴登巴登呢好像好多好多话不到好多好多别的吧','2016-01-18 22:28:24'),(24,'D16011514034348337',128,120,4,'','2016-01-19 13:39:23'),(25,'D16011414497556903',128,121,4,'','2016-01-19 13:39:36'),(26,'D16011414497556903',128,121,4,'','2016-01-19 13:39:43'),(27,'D16011414497556903',128,121,5,'','2016-01-19 13:54:39'),(28,'D16011414497556903',128,121,5,'','2016-01-19 13:55:06'),(29,'D16011909280712795',128,120,5,'','2016-01-19 13:56:04'),(30,'D16011909280712795',128,120,5,'','2016-01-19 13:56:11'),(31,'D16011909280712795',128,120,5,'','2016-01-19 13:56:48'),(32,'D16011909280712795',128,120,5,'','2016-01-19 14:01:54'),(33,'D16011414497556903',128,121,4,'','2016-01-19 14:11:46'),(34,'D16011909280712795',128,120,5,'','2016-01-19 14:20:21'),(35,'D16011909280712795',128,120,5,'','2016-01-19 14:22:21'),(36,'D16011909280712795',128,120,4,'66666','2016-01-19 14:24:08'),(37,'D16011909280712795',128,120,4,'ccvddvv','2016-01-19 14:27:52');

#
# Structure for table "t_price"
#

DROP TABLE IF EXISTS `t_price`;
CREATE TABLE `t_price` (
  `priceid` int(11) NOT NULL AUTO_INCREMENT COMMENT '价格表',
  `price` float(9,2) DEFAULT '0.00' COMMENT '价格',
  `name` varchar(200) DEFAULT NULL COMMENT '名称',
  `type` int(11) DEFAULT '0' COMMENT '类型 1初级翻译2中级翻译3高级翻译4起步小时5担保金6订单会费金额7翻译取消罚金',
  `remark` varchar(100) DEFAULT NULL COMMENT '解释',
  `createtime` datetime DEFAULT NULL COMMENT '创建时间',
  PRIMARY KEY (`priceid`)
) ENGINE=InnoDB AUTO_INCREMENT=8 DEFAULT CHARSET=utf8 COMMENT='价格表';

#
# Data for table "t_price"
#

INSERT INTO `t_price` VALUES (1,1.00,'初级翻译',1,'初级翻译每小时单价','2015-11-25 13:08:03'),(2,3.00,'中级翻译',2,'中级翻译每小时单价',NULL),(3,6.00,'高级翻译',3,'高级翻译每小时单价',NULL),(4,3.00,'起步小时',4,'每笔订单至少选择的服务时间',NULL),(5,0.01,'担保金金额',5,'用户端支付订单的担保金',NULL),(6,6.00,'订单会费金额',6,'翻译完成订单后扣除的会费',NULL),(7,7.00,'翻译取消罚金',7,'翻译临时取消订单后扣除的会费',NULL);

#
# Structure for table "t_sys_area"
#

DROP TABLE IF EXISTS `t_sys_area`;
CREATE TABLE `t_sys_area` (
  `areaid` int(11) NOT NULL AUTO_INCREMENT COMMENT '地区编码',
  `areaname` varchar(100) DEFAULT NULL COMMENT '地区名称',
  `parentid` int(11) DEFAULT NULL COMMENT '父节点，若是国家则为0',
  `userid` int(11) DEFAULT NULL COMMENT '添加人',
  `createtime` datetime DEFAULT NULL COMMENT '创建时间',
  PRIMARY KEY (`areaid`)
) ENGINE=InnoDB AUTO_INCREMENT=25 DEFAULT CHARSET=utf8 COMMENT='地区表';

#
# Data for table "t_sys_area"
#

INSERT INTO `t_sys_area` VALUES (1,'中国',0,NULL,NULL),(2,'美国',0,NULL,NULL),(3,'北京',1,NULL,NULL),(4,'北京',3,NULL,NULL),(5,'辽宁',1,NULL,NULL),(6,'沈阳',5,NULL,NULL),(7,'纽约州',2,NULL,NULL),(8,'纽约市',7,NULL,NULL),(9,'俄亥俄州',2,NULL,NULL),(10,'哥伦布',9,NULL,NULL),(11,'抚顺',5,1,'2015-12-03 09:45:16'),(12,'铁岭',5,1,'2015-12-03 09:48:33'),(14,'锦州',5,1,'2015-12-03 09:50:44'),(15,'法国',10,1,'2015-12-22 15:31:16'),(16,'法国',0,1,'2015-12-22 15:31:29'),(18,'巴黎',16,1,'2015-12-22 15:32:10'),(20,'营口',5,1,'2015-12-25 15:42:43'),(21,'营口',15,1,'2015-12-25 15:44:13'),(23,'韩国',0,1,'2015-12-25 15:45:19'),(24,'明洞',23,1,'2015-12-25 15:45:31');

#
# Structure for table "t_sys_language"
#

DROP TABLE IF EXISTS `t_sys_language`;
CREATE TABLE `t_sys_language` (
  `languageid` int(11) NOT NULL AUTO_INCREMENT COMMENT '语种编码',
  `languagename` varchar(200) DEFAULT NULL COMMENT '语种名称',
  `userid` int(11) DEFAULT NULL COMMENT '添加人编码',
  `createtime` datetime DEFAULT NULL COMMENT '创建时间',
  PRIMARY KEY (`languageid`)
) ENGINE=InnoDB AUTO_INCREMENT=18 DEFAULT CHARSET=utf8 COMMENT='语种表';

#
# Data for table "t_sys_language"
#

INSERT INTO `t_sys_language` VALUES (1,'英语',1,'2015-11-25 12:58:01'),(5,'汉语',1,'2015-11-30 11:02:26'),(6,'西班牙语',1,'2015-11-30 11:02:39'),(8,'日语',1,'2015-11-30 11:02:47'),(10,'德语',1,'2015-11-30 11:03:43'),(11,'四川话',1,'2015-11-30 11:03:51'),(17,'中国话',1,'2015-12-01 14:56:39');

#
# Structure for table "t_sys_menu"
#

DROP TABLE IF EXISTS `t_sys_menu`;
CREATE TABLE `t_sys_menu` (
  `menuid` int(11) NOT NULL AUTO_INCREMENT COMMENT '菜单编码',
  `parentid` int(11) DEFAULT '0' COMMENT '父节点',
  `title` varchar(255) DEFAULT NULL COMMENT '标题',
  `link` varchar(255) DEFAULT NULL COMMENT '请求地址',
  `icon` varchar(50) DEFAULT NULL COMMENT '导航 icon',
  `icon_bg` varchar(50) DEFAULT NULL COMMENT '导航 icon 背景',
  `sort` int(11) DEFAULT NULL COMMENT '序号',
  `status` tinyint(1) DEFAULT '1' COMMENT '是否启用。1：是；0：否；',
  `ctime` datetime DEFAULT NULL COMMENT '创建时间',
  PRIMARY KEY (`menuid`)
) ENGINE=InnoDB AUTO_INCREMENT=30 DEFAULT CHARSET=utf8 COMMENT='菜单编码';

#
# Data for table "t_sys_menu"
#

INSERT INTO `t_sys_menu` VALUES (2,1,'用户管理','','fa-male','bg-primary',5,1,'2014-07-04 00:25:24'),(3,2,'用户管理','/background/user/userindex','fa-users','',6,1,NULL),(4,1,'语种管理',NULL,'fa-adn','bg-danger',16,1,'2015-11-25 15:19:57'),(5,4,'语种管理','/background/language/language_index','fa-users','',17,1,'2015-11-25 15:23:06'),(6,1,'用户意见',NULL,'fa-folder-open','bg-primary',22,1,NULL),(7,6,'用户意见','/background/comment/index','fa-users','',23,1,NULL),(8,1,'订单管理','','fa-file-text-o','bg-danger',1,1,'2014-07-04 00:25:24'),(9,8,'订单列表管理','/background/order/findOrder','fa-users','',2,1,'2014-07-25 11:35:38'),(10,8,'取消订单管理','/background/order/findCancelOrder','fa-users','',4,1,'2015-11-26 10:25:30'),(12,2,'翻译管理','/background/user/tranindex','fa-users','',7,1,NULL),(13,1,'资料审核管理',NULL,'fa-pencil','bg-danger',8,1,NULL),(14,13,'资料审核管理','/background/useraudit/auditindex','fa-users','',9,1,NULL),(15,8,'评价管理','/background/ordercomment/index','fa-users','',3,1,NULL),(16,1,'文字管理',NULL,'fa-font','bg-danger',20,1,NULL),(17,16,'文字管理','/background/word/word_index','fa-users','',21,1,NULL),(20,1,'专业管理','','fa-gears','bg-primary',14,1,'2014-07-04 00:25:24'),(21,20,'专业管理','/background/specialty/entrance','fa-users','',15,1,'2014-07-04 00:25:24'),(22,1,'消息管理',NULL,'fa-volume-up','bg-danger',24,1,'2015-12-02 08:36:22'),(23,22,'消息管理','/background/message/index','fa-users','',25,1,'2015-12-02 08:37:33'),(24,1,'价格管理','','fa-dollar','bg-danger',12,1,'2015-12-02 09:19:27'),(25,24,'价格管理','/background/price/price_index','fa-users','',13,1,'2015-12-02 09:22:18'),(26,1,'管理员管理',NULL,'fa-user','bg-primary',10,1,NULL),(27,26,'管理员管理','/background/useradmin/useradminindex','fa-users','',11,1,NULL),(28,1,'地区管理',NULL,'fa-th','bg-primary',18,1,NULL),(29,28,'地区管理','/background/area/index','fa-users','',19,1,NULL);

#
# Structure for table "t_sys_menu_user"
#

DROP TABLE IF EXISTS `t_sys_menu_user`;
CREATE TABLE `t_sys_menu_user` (
  `menuroleid` int(11) NOT NULL AUTO_INCREMENT COMMENT '编码',
  `userid` int(11) NOT NULL DEFAULT '0' COMMENT '用户编码',
  `menuid` int(11) NOT NULL DEFAULT '0' COMMENT '菜单编码',
  PRIMARY KEY (`menuroleid`)
) ENGINE=InnoDB AUTO_INCREMENT=118 DEFAULT CHARSET=utf8 COMMENT='用户菜单关联表';

#
# Data for table "t_sys_menu_user"
#

INSERT INTO `t_sys_menu_user` VALUES (1,1,8),(2,1,2),(3,1,3),(4,1,9),(5,1,4),(8,1,5),(9,1,6),(10,1,7),(11,1,10),(13,1,12),(14,1,13),(15,1,14),(16,1,15),(17,1,16),(18,1,17),(21,1,20),(22,1,21),(23,1,22),(24,1,23),(25,1,24),(26,1,25),(27,1,26),(28,1,27),(29,1,28),(30,1,29),(105,40,8),(106,40,9),(107,40,15),(108,40,10),(109,40,26),(110,40,27),(111,40,22),(112,40,23),(113,43,2),(114,43,3),(115,43,12),(116,43,13),(117,43,14);

#
# Structure for table "t_sys_specialty"
#

DROP TABLE IF EXISTS `t_sys_specialty`;
CREATE TABLE `t_sys_specialty` (
  `specialtyid` int(11) NOT NULL AUTO_INCREMENT COMMENT '专业编码',
  `specialtyname` varchar(200) DEFAULT NULL COMMENT '专业名称',
  `userid` int(11) DEFAULT NULL COMMENT '添加人编码',
  `createtime` datetime DEFAULT NULL COMMENT '创建时间',
  PRIMARY KEY (`specialtyid`)
) ENGINE=InnoDB AUTO_INCREMENT=396 DEFAULT CHARSET=utf8 COMMENT='专业表';

#
# Data for table "t_sys_specialty"
#

INSERT INTO `t_sys_specialty` VALUES (343,'阿道夫',1,'2015-11-30 15:28:50'),(372,'联系',1,'2015-12-01 11:16:32'),(374,'管理',1,'2015-12-01 11:34:39'),(388,'阿斯蒂芬请问',1,'2015-12-01 13:03:44'),(389,'同意',1,'2015-12-01 13:04:27'),(393,'爱的',1,'2015-12-01 16:31:29'),(394,'商学院',1,'2015-12-22 15:28:35'),(395,'计算机科学与技术',1,'2015-12-25 15:39:12');

#
# Structure for table "t_sys_validatecode"
#

DROP TABLE IF EXISTS `t_sys_validatecode`;
CREATE TABLE `t_sys_validatecode` (
  `codeid` int(11) NOT NULL AUTO_INCREMENT COMMENT '验证码编码',
  `userid` int(11) DEFAULT NULL COMMENT '用户编码',
  `obj` varchar(200) DEFAULT NULL COMMENT '手机号或邮箱',
  `code` int(6) DEFAULT NULL COMMENT '验证码',
  `type` int(2) DEFAULT NULL COMMENT '类型 1注册2找回密码',
  `createtime` datetime DEFAULT NULL COMMENT '创建时间',
  PRIMARY KEY (`codeid`)
) ENGINE=InnoDB AUTO_INCREMENT=22 DEFAULT CHARSET=utf8 COMMENT='验证码表';

#
# Data for table "t_sys_validatecode"
#

INSERT INTO `t_sys_validatecode` VALUES (6,NULL,'asdfuijkl@163.com',542796,2,'2016-01-13 11:19:02'),(14,NULL,'jason-han@outlook.com',594754,2,'2016-01-14 14:05:03'),(16,NULL,'15948308596',166137,2,'2016-01-15 13:41:29'),(19,NULL,'12345678910',136298,1,'2016-01-15 14:15:29'),(20,NULL,'13566666666',410021,1,'2016-01-15 14:18:35');

#
# Structure for table "t_transpay"
#

DROP TABLE IF EXISTS `t_transpay`;
CREATE TABLE `t_transpay` (
  `transpayid` varchar(40) NOT NULL DEFAULT '' COMMENT '充值编码',
  `userid` int(11) DEFAULT NULL COMMENT '翻译编码',
  `amount` float(9,2) DEFAULT '0.00' COMMENT '充值金额',
  `state` int(2) DEFAULT '0' COMMENT '状态 0未支付1支付2失败',
  `transactionid` varchar(40) DEFAULT NULL COMMENT '微信或支付宝订单号',
  `paytype` int(2) DEFAULT NULL COMMENT '支付方式 1支付宝2微信',
  `createtime` datetime DEFAULT NULL COMMENT '创建时间',
  PRIMARY KEY (`transpayid`)
) ENGINE=InnoDB DEFAULT CHARSET=utf8 COMMENT='翻译充值';

#
# Data for table "t_transpay"
#

INSERT INTO `t_transpay` VALUES ('00BD9EF53AF14F65920AF5D9C115DD87',123,0.01,0,NULL,2,'2016-01-18 21:01:42'),('0DF2C68969F840AF96A49A3445A7A3A7',123,0.01,1,NULL,2,'2016-01-13 13:48:22'),('142E207AA45A40C29558DA3B287E097E',114,0.01,1,NULL,2,'2016-01-12 15:48:43'),('14F4CE9D071E4B4998D667441D41BBA2',119,0.01,0,NULL,2,'2016-01-12 16:46:56'),('15BE269E124D4D9DA9395AD2E5C29BBC',114,0.01,0,NULL,2,'2016-01-13 09:25:42'),('15FBFB4D4F5D4F648A5E9442E660919B',119,0.01,0,NULL,2,'2016-01-18 21:34:38'),('1AE25861D04D43B991104B396EACF523',130,1.00,0,NULL,2,'2016-01-18 23:18:45'),('1C73F56A2BC14D9CB4855E895837482E',123,0.01,0,NULL,2,'2016-01-18 21:02:16'),('1DE55BC2B1D4497283EA6FE044D11831',123,112.00,0,NULL,2,'2016-01-18 22:27:16'),('22907C632CEB4319AE663C768A007B06',128,0.01,1,NULL,2,'2016-01-19 10:13:07'),('230B281B95344A9FB0452D81065FEA84',123,0.01,0,NULL,2,'2016-01-13 09:36:20'),('27EEC078F89745FA9F20A6FB0D17D35E',141,0.01,1,NULL,2,'2016-01-13 15:37:49'),('280912F9FFCB4606913D417DFE9CEE65',145,0.01,0,NULL,2,'2016-01-14 18:33:35'),('2D6F2C32655D427FACA6F5E4ED5F444D',145,0.01,0,NULL,2,'2016-01-14 18:32:00'),('3A78D0ACE1AF40CD885B1F192459013B',123,0.01,1,NULL,2,'2016-01-13 13:17:16'),('421A6143D08E488EAF5FB8EED9598050',123,0.01,0,NULL,2,'2016-01-13 14:09:39'),('438D02CECBA047B595F1D747B785F908',128,0.01,1,NULL,2,'2016-01-14 15:08:40'),('45507D64B8E742B2A994D26C84A5092B',123,0.01,0,NULL,2,'2016-01-18 22:27:20'),('4905E9FBAF7C45BFBA6B26CB05210587',123,0.01,0,NULL,2,'2016-01-18 21:20:07'),('4D2F6B7EEB9A4292A03ABBFB248CB78C',123,333.00,0,NULL,2,'2016-01-18 22:09:42'),('5049C01989A74D878ED184AC692972ED',114,0.01,1,NULL,2,'2016-01-12 15:48:15'),('57502EC4300047F6939023CD51672B32',123,0.01,0,NULL,2,'2016-01-18 21:02:26'),('5CA8B5E7A9E44B31871EB932DF22636D',119,2222.00,0,NULL,2,'2016-01-18 21:34:42'),('6066D6F39A6F44DC8F02BB42D09F4BB1',114,0.01,0,NULL,2,'2016-01-12 15:47:02'),('67954D22A6B04CDC9460FBDD47084D09',123,11111.00,0,NULL,2,'2016-01-18 22:58:37'),('6C1D565CCAEB4AA0ACEEC6A3FB8E23E9',145,0.01,0,NULL,2,'2016-01-14 18:33:55'),('7AEC5009FD1C485DAD6F78916385445D',114,0.01,0,NULL,2,'2016-01-13 09:23:00'),('8DB9B245F6624628AA5A1D0DD2536EA8',123,0.01,0,NULL,2,'2016-01-18 21:01:48'),('93316A65BFCC4F6E80857637710AFA0F',130,0.01,0,NULL,2,'2016-01-18 23:25:40'),('9A9ABA0676724A0182586FA60663B2D7',157,0.01,0,NULL,2,'2016-01-19 14:19:01'),('A21F75FD12534A86ABF6243A369B065F',119,0.01,0,NULL,2,'2016-01-12 16:46:35'),('A77E9F5BD6A74CD39AD79A4914E8DB9A',114,0.01,0,NULL,2,'2016-01-13 09:22:10'),('B0E6F8CA9AAA40979D7F3A5B80BFA5C2',128,0.01,0,NULL,2,'2016-01-14 15:11:42'),('B506B9BA00484591A1419B3571476486',123,0.01,0,NULL,2,'2016-01-18 22:09:47'),('B5C30AFE973E4E15A82711F6A9BC2C29',128,666.00,0,NULL,2,'2016-01-19 10:13:00'),('BED8156CA1D34E8184D3E295ED1ED067',128,5588.00,0,NULL,2,'2016-01-14 15:11:48'),('C29A643351D94669AB1114056BFA6017',157,0.01,1,NULL,2,'2016-01-19 14:18:23'),('CBFEDFBD6561472DA31F7D0E0C951C9E',123,333.00,0,NULL,2,'2016-01-18 21:19:56'),('D84E6AB4954548B2B39B9ACE39CED5D5',123,0.01,1,NULL,2,'2016-01-13 14:09:55'),('E25B722DB1A44C87BA420542259CE66F',123,0.01,1,NULL,2,'2016-01-18 23:28:02'),('E7C5909FB6CD4838980E4C7B10A0081F',123,0.01,0,NULL,2,'2016-01-18 21:01:42'),('E86B1819025C46979A1183E99074529D',123,0.01,1,NULL,2,'2016-01-13 14:13:07'),('F4D6BAC19EAF49BF80399BED86AC185A',145,10.00,0,NULL,2,'2016-01-14 18:31:28'),('FD7293D4040B4349A9DFAA8C8420E0B6',123,1.00,0,NULL,2,'2016-01-13 15:23:16');

#
# Structure for table "t_user"
#

DROP TABLE IF EXISTS `t_user`;
CREATE TABLE `t_user` (
  `userid` int(11) NOT NULL AUTO_INCREMENT COMMENT '用户编码',
  `account` varchar(100) DEFAULT NULL COMMENT '登录账号',
  `pwd` varchar(40) DEFAULT NULL COMMENT '密码',
  `name` varchar(100) DEFAULT NULL COMMENT '用户姓名',
  `sex` int(2) DEFAULT NULL COMMENT '性别 1男2女',
  `education` int(2) DEFAULT NULL COMMENT '学历 1本科，2硕士，3博士',
  `school` varchar(500) DEFAULT NULL COMMENT '毕业学校',
  `idcardno` varchar(500) DEFAULT NULL COMMENT '护照号',
  `specialtyid` int(11) DEFAULT NULL COMMENT '专业编码',
  `languageid` int(11) DEFAULT NULL COMMENT '语种编码',
  `countryid` int(11) DEFAULT NULL COMMENT '服务国家编码',
  `provinceid` int(11) DEFAULT NULL COMMENT '服务省或州编码',
  `cityid` int(11) DEFAULT NULL COMMENT '服务城市编码',
  `passporturl` varchar(100) DEFAULT NULL COMMENT '护照照片url',
  `passporturlmin` varchar(100) DEFAULT NULL COMMENT '护照照片压缩url',
  `visaurl` varchar(100) DEFAULT NULL COMMENT '签证照片url',
  `visaurlmin` varchar(100) DEFAULT NULL COMMENT '签证照片压缩url',
  `studentupurl` varchar(100) DEFAULT NULL COMMENT '学生证照片url',
  `studentupurlmin` varchar(100) DEFAULT NULL COMMENT '学生证照片压缩url',
  `studentdownurl` varchar(100) DEFAULT NULL COMMENT '外语等级证明照片url',
  `studentdownurlmin` varchar(100) DEFAULT NULL COMMENT '外语等级证明照片压缩url',
  `state` int(2) DEFAULT '0' COMMENT '是否屏蔽 0未屏蔽1屏蔽',
  `token` varchar(40) DEFAULT NULL COMMENT 'APP端token',
  `createtime` datetime DEFAULT NULL COMMENT '创建时间',
  `x` float(12,9) DEFAULT NULL COMMENT 'x坐标',
  `y` float(12,9) DEFAULT NULL COMMENT 'y轴',
  `level` int(2) DEFAULT NULL COMMENT '等级 1初级2中级3高级',
  `balance` float(15,2) DEFAULT '0.00' COMMENT '帐户余额',
  `birthday` date DEFAULT NULL COMMENT '生日',
  `pushcode` varchar(50) DEFAULT NULL COMMENT '极光注册码',
  `system` int(2) DEFAULT NULL COMMENT '1 android，2 ios',
  `usertype` int(2) DEFAULT NULL COMMENT '用户类型 1后台管理员2翻译3用户',
  `isadmin` int(2) DEFAULT '0' COMMENT '是否超级管理员 0否1是',
  `headurl` varchar(100) DEFAULT NULL COMMENT '头像url',
  `auditstate` int(2) DEFAULT '0' COMMENT '翻译人员审核状态 0未填资料，1审核中，2审核不通过，3审核通过，4申请更新资料，5更新资料审核不通过，6更新资料审核通过',
  `remark` varchar(500) DEFAULT NULL COMMENT '个人简介',
  `ip` varchar(20) DEFAULT NULL COMMENT '登录ip地址',
  `lasttime` datetime DEFAULT NULL COMMENT '上次登录时间',
  `transtate` int(2) DEFAULT '0' COMMENT '翻译注册邮箱是否验证 0未验证1验证',
  `isexit` int(2) DEFAULT '0' COMMENT '是否申请退出 0未申请1申请2审核通过',
  `exitbalance` float(9,2) DEFAULT '0.00' COMMENT '退出返还金额',
  `apptoken` varchar(300) DEFAULT NULL COMMENT '荣云token',
  PRIMARY KEY (`userid`)
) ENGINE=InnoDB AUTO_INCREMENT=158 DEFAULT CHARSET=utf8 COMMENT='用户表';

#
# Data for table "t_user"
#

INSERT INTO `t_user` VALUES (1,'admin','e10adc3949ba59abbe56e057f20f883e','超级管理员',1,NULL,NULL,NULL,NULL,NULL,NULL,NULL,NULL,NULL,NULL,NULL,NULL,NULL,NULL,NULL,NULL,0,'77734019D3D04DAE87F90E55B4C210B5wert','2015-11-24 13:27:40',NULL,NULL,NULL,500.00,NULL,'awsd',1,1,1,'123',0,NULL,'61.161.243.74','2016-01-19 14:19:52',1,0,0.00,NULL),(7,'yubin454545@163.com','e10adc3949ba59abbe56e057f20f883e','2222222222222',2,3,'22222222',NULL,393,17,2,9,10,'/upload/images/7/7E3DB97D69324EC49EA43E865BD35568.jpg','/upload/images/7/7E3DB97D69324EC49EA43E865BD35568-min.jpg','/upload/images/2015/12/3/1695B947E3C746F2A98CB0E9AA3C85F3.jpg','/upload/images/2015/12/3/1695B947E3C746F2A98CB0E9AA3C85F3-min.jpg','/upload/images/7/E7BF648DD22F4C92AEF0279CE7E75EC5.jpg','/upload/images/7/E7BF648DD22F4C92AEF0279CE7E75EC5-min.jpg','/upload/images/7/E7BF648DD22F4C92AEF0279CE7E75EC5.jpg','/upload/images/7/E7BF648DD22F4C92AEF0279CE7E75EC5-min.jpg',0,'77734019D3D04DAE87F90E55B4C210B5ghjfg','2015-11-24 13:27:40',NULL,NULL,3,55.00,'2010-01-05','qweq',2,2,0,'1221',4,NULL,NULL,NULL,1,2,888.00,NULL),(8,'123456','e10adc3949ba59abbe56e057f20f883e','普通管理员',1,NULL,NULL,NULL,NULL,NULL,NULL,NULL,NULL,NULL,NULL,NULL,NULL,NULL,NULL,NULL,NULL,0,'77734019D3D04DAE87F90E55B4C210B5qwe','2015-11-26 09:21:00',NULL,NULL,NULL,22.00,NULL,'0a17887679d',2,1,0,'xzas',0,NULL,'22222','2015-12-03 13:47:56',1,0,0.00,NULL),(9,'15242404223','e10adc3949ba59abbe56e057f20f883e','用户111',1,NULL,NULL,NULL,NULL,NULL,2,9,10,NULL,NULL,NULL,NULL,NULL,NULL,NULL,NULL,0,'77734019D3D04DAE87F90E55B4C210B5asd','2015-12-11 14:48:25',NULL,NULL,NULL,0.00,NULL,'23ws',2,3,0,NULL,0,NULL,NULL,NULL,1,0,0.00,NULL),(29,'15948308596','4297f44b13955235245b2497399d7a93','weictor',1,NULL,'沈师师范',NULL,343,1,1,5,6,NULL,NULL,NULL,NULL,NULL,NULL,NULL,NULL,0,'5A1508FF401446D4BF2D25A58E865B95','2015-12-11 14:48:25',NULL,NULL,1,0.05,'2015-12-30',NULL,1,2,0,'/upload/images/2016/1/8/23E0E953E9BD42D4AC054B7FBD21354D-min.jpg',0,NULL,NULL,'2016-01-19 09:57:48',1,0,0.00,'SYjafBMPYq5FXUuFa5z8qPnOPJ4OJAYNfM464oThqgwF6WYEJNuFK0FGEOzah2Qc3a/IwzxNsX9LBObA+76puA=='),(32,'13352475012','25f9e794323b453885f5181f1b624d0b','啊哈哈',1,NULL,NULL,NULL,343,1,1,5,6,NULL,NULL,NULL,NULL,NULL,NULL,NULL,NULL,0,'68632677D94A4B7398921E23C5F833F9','2015-12-11 14:48:25',NULL,NULL,1,0.00,'2008-01-07',NULL,1,2,0,'/upload/images/2016/1/7/543736E40B4E4C3FA6679DA764C81931-min.jpg',0,NULL,NULL,'2016-01-07 14:39:13',1,0,0.00,'uj9rSkkX+Zrxjd4hoousF/nOPJ4OJAYNfM464oThqgxM1f1dwTGz2oOtDhchzZxv0H60vDGv0ZFLBObA+76puA=='),(33,'18609822832','1a100d2c0dab19c4430e7d73762b3423','匿名哦哦',1,NULL,NULL,NULL,NULL,NULL,NULL,NULL,NULL,NULL,NULL,NULL,NULL,NULL,NULL,NULL,NULL,0,'DD1F576200FF47B48D21E17C0607AAF1','2015-12-11 14:48:25',NULL,NULL,NULL,0.00,'2016-01-02',NULL,1,3,0,'/upload/images/2015/12/21/A59CF56C791243B49F676657FEC8D13C-min.jpg',0,NULL,NULL,'2015-12-24 11:25:50',1,0,0.00,'dUhQ82kFQfhFXUuFa5z8qPnOPJ4OJAYNfM464oThqgwF6WYEJNuFK9m3a07/2XfCtgJKDhiiB8ZLBObA+76puA=='),(34,'18240026465','e10adc3949ba59abbe56e057f20f883e',NULL,NULL,NULL,NULL,NULL,NULL,NULL,NULL,NULL,NULL,NULL,NULL,NULL,NULL,NULL,NULL,NULL,NULL,0,'B8ECACACD8A74BD8BCD8FDC6763C8CA1','2015-12-11 14:48:25',NULL,NULL,NULL,0.00,NULL,NULL,1,3,0,NULL,0,NULL,NULL,'2015-12-17 13:39:44',1,0,0.00,''),(35,'15801122123','92b2a179ae963abba08b62495efabb67',NULL,NULL,NULL,NULL,NULL,NULL,NULL,NULL,NULL,NULL,NULL,NULL,NULL,NULL,NULL,NULL,NULL,NULL,0,'0664916D97DF433B9CDADE754F3D36B0','2015-12-11 14:48:25',NULL,NULL,NULL,0.00,NULL,NULL,NULL,3,0,NULL,0,NULL,NULL,NULL,1,0,0.00,NULL),(36,'15801122124','e10adc3949ba59abbe56e057f20f883e',NULL,NULL,NULL,NULL,NULL,NULL,NULL,NULL,NULL,NULL,NULL,NULL,NULL,NULL,NULL,NULL,NULL,NULL,0,'EE67FDC11BD249228AE61D68D472EE4B','2015-12-11 14:48:25',NULL,NULL,NULL,0.00,NULL,NULL,NULL,3,0,NULL,0,NULL,NULL,NULL,1,0,0.00,NULL),(37,'15801122333','92b2a179ae963abba08b62495efabb67',NULL,NULL,NULL,NULL,NULL,NULL,NULL,NULL,NULL,NULL,NULL,NULL,NULL,NULL,NULL,NULL,NULL,NULL,0,'0D9EDEDA3D9948C9A382E31D0237241B','2015-12-11 14:48:25',NULL,NULL,NULL,0.00,NULL,NULL,NULL,3,0,NULL,0,NULL,NULL,NULL,1,0,0.00,NULL),(38,'15801122133','92b2a179ae963abba08b62495efabb67',NULL,NULL,NULL,NULL,NULL,NULL,NULL,NULL,NULL,NULL,NULL,NULL,NULL,NULL,NULL,NULL,NULL,NULL,0,'04BA8F8FFC304991AC8C35C54380552D','2015-12-11 14:48:25',NULL,NULL,NULL,0.00,NULL,NULL,NULL,3,0,NULL,0,NULL,NULL,NULL,1,0,0.00,NULL),(40,'qqqwww','e10adc3949ba59abbe56e057f20f883e',NULL,NULL,NULL,NULL,NULL,NULL,NULL,NULL,NULL,NULL,NULL,NULL,NULL,NULL,NULL,NULL,NULL,NULL,0,'77734019D3D04DAE87F90E55B4C210B5sss','2015-12-11 14:48:25',NULL,NULL,NULL,0.00,NULL,NULL,NULL,1,0,NULL,0,NULL,NULL,NULL,1,0,0.00,NULL),(41,'15801122321','e10adc3949ba59abbe56e057f20f883e',NULL,NULL,NULL,NULL,NULL,NULL,NULL,NULL,NULL,NULL,NULL,NULL,NULL,NULL,NULL,NULL,NULL,NULL,0,'4A59C42C1D0C42589FE11CF2A044177C','2015-12-11 14:48:25',NULL,NULL,NULL,0.00,NULL,NULL,NULL,3,0,NULL,0,NULL,NULL,NULL,1,0,0.00,NULL),(42,'15801122345','e10adc3949ba59abbe56e057f20f883e',NULL,NULL,NULL,NULL,NULL,NULL,NULL,NULL,NULL,NULL,NULL,NULL,NULL,NULL,NULL,NULL,NULL,NULL,0,'77734019D3D04DAE87F90E55B4C210B5','2015-11-26 09:21:00',NULL,NULL,NULL,0.00,NULL,NULL,NULL,3,0,NULL,3,NULL,NULL,NULL,1,1,0.00,NULL),(43,'taotao','e10adc3949ba59abbe56e057f20f883e',NULL,NULL,NULL,NULL,NULL,NULL,NULL,NULL,NULL,NULL,NULL,NULL,NULL,NULL,NULL,NULL,NULL,NULL,1,'77734019D3D04DAE87F90E55B4C210B522','2015-12-11 14:48:25',NULL,NULL,NULL,0.00,NULL,NULL,NULL,1,0,NULL,0,NULL,NULL,NULL,1,0,0.00,NULL),(44,'15801122456','e10adc3949ba59abbe56e057f20f883e',NULL,NULL,NULL,NULL,NULL,NULL,NULL,NULL,NULL,NULL,NULL,NULL,NULL,NULL,NULL,NULL,NULL,NULL,0,'931970055E7840BF851F492EEDB69E09','2015-12-11 14:48:25',NULL,NULL,NULL,0.00,NULL,NULL,NULL,3,0,NULL,0,NULL,NULL,NULL,1,0,0.00,NULL),(45,'18802456378','e10adc3949ba59abbe56e057f20f883e',NULL,NULL,NULL,NULL,NULL,NULL,NULL,NULL,NULL,NULL,NULL,NULL,NULL,NULL,NULL,NULL,NULL,NULL,0,'7E0D94DB60414B6A9E118A3A09EA355E','2015-12-11 14:48:25',NULL,NULL,NULL,0.00,NULL,NULL,NULL,3,0,NULL,0,NULL,NULL,NULL,1,0,0.00,NULL),(46,'18802456377','fcea920f7412b5da7be0cf42b8c93759','55555',2,NULL,NULL,NULL,NULL,NULL,NULL,NULL,NULL,NULL,NULL,NULL,NULL,NULL,NULL,NULL,NULL,0,'BA3B3F9BF1EB4619B9853964D4E28CA1','2015-12-11 14:48:25',NULL,NULL,NULL,0.00,'2015-12-14',NULL,2,3,0,'/upload/images/2015/12/31/7A9C90DB261C4C93A26C88425D5129AF-min.jpg',0,NULL,NULL,'2016-01-19 09:46:53',1,0,0.00,'mBvM0RcSbvmQijV230iZnfnOPJ4OJAYNfM464oThqgwF6WYEJNuFKzDtx1OWsFPInVTZbV71jl5LBObA+76puA=='),(47,'1213123213@163.com','96e79218965eb72c92a549dd5a330112',NULL,NULL,NULL,NULL,NULL,NULL,NULL,NULL,NULL,NULL,'/upload/images/7/E7BF648DD22F4C92AEF0279CE7E75EC5.jpg','/upload/images/7/E7BF648DD22F4C92AEF0279CE7E75EC5-min.jpg','/upload/images/7/E7BF648DD22F4C92AEF0279CE7E75EC5.jpg','/upload/images/7/E7BF648DD22F4C92AEF0279CE7E75EC5-min.jpg','/upload/images/7/E7BF648DD22F4C92AEF0279CE7E75EC5.jpg','/upload/images/7/E7BF648DD22F4C92AEF0279CE7E75EC5-min.jpg','/upload/images/7/E7BF648DD22F4C92AEF0279CE7E75EC5.jpg','/upload/images/7/E7BF648DD22F4C92AEF0279CE7E75EC5-min.jpg',0,'066490E821514B32BA91FCC6E1B62EF6','2015-12-08 11:12:31',NULL,NULL,2,0.00,NULL,NULL,NULL,2,0,NULL,3,'erqwerqwe',NULL,NULL,1,0,0.00,NULL),(48,'Abc123@163.com','96e79218965eb72c92a549dd5a330112',NULL,NULL,NULL,NULL,NULL,NULL,NULL,NULL,NULL,NULL,'/upload/images/7/E7BF648DD22F4C92AEF0279CE7E75EC5.jpg','/upload/images/7/E7BF648DD22F4C92AEF0279CE7E75EC5-min.jpg','/upload/images/7/E7BF648DD22F4C92AEF0279CE7E75EC5.jpg','/upload/images/7/E7BF648DD22F4C92AEF0279CE7E75EC5-min.jpg','/upload/images/7/E7BF648DD22F4C92AEF0279CE7E75EC5.jpg','/upload/images/7/E7BF648DD22F4C92AEF0279CE7E75EC5-min.jpg','/upload/images/7/E7BF648DD22F4C92AEF0279CE7E75EC5.jpg','/upload/images/7/E7BF648DD22F4C92AEF0279CE7E75EC5-min.jpg',0,'2CE92D2BC4DA41EA82AE376FB76EBE80','2015-12-08 11:16:19',NULL,NULL,2,0.00,NULL,NULL,NULL,2,0,NULL,3,'1431234444444444444444444444444444444444444444444444444444444444444444444444444444444444444as交电话费阿萨德发哈斯酒店客房哈萨克京东方哈空间锁量大幅啊空间锁量大或发送旅客地方哈空间连锁店发哈空间锁量大法律框架上的复活节啊莱克斯顿副科级啊连锁店发哈绿色科技都发哈绿色看的法律框架上的发哈喽的flak集散地flak三季度哈分老卡机岁的发哈喽空间阿萨德弗兰克哈的分老卡机岁的发了哈萨克京东方好好咖的flask都发哈拉开三季度辐铝合金卡萨帝发卡机的分老卡机啊岁的法律空间阿萨德发送的飞机拉萨的飞机as的法律上讲啊看到返回拉萨健康都发哈垃圾死看到发了哈萨克就的',NULL,NULL,1,0,0.00,NULL),(49,'123@163.com','5b1b68a9abf4d2cd155c81a9225fd158','44444444444',2,3,'444444444444444','5476456',393,17,2,9,10,'/upload/images/7/E7BF648DD22F4C92AEF0279CE7E75EC5.jpg','/upload/images/7/E7BF648DD22F4C92AEF0279CE7E75EC5-min.jpg','/upload/images/7/E7BF648DD22F4C92AEF0279CE7E75EC5.jpg','/upload/images/7/E7BF648DD22F4C92AEF0279CE7E75EC5-min.jpg','/upload/images/7/E7BF648DD22F4C92AEF0279CE7E75EC5.jpg','/upload/images/7/E7BF648DD22F4C92AEF0279CE7E75EC5-min.jpg','/upload/images/7/E7BF648DD22F4C92AEF0279CE7E75EC5.jpg','/upload/images/7/E7BF648DD22F4C92AEF0279CE7E75EC5-min.jpg',0,'66E85770F24B47CCAA096446FDE71368','2015-12-08 12:43:20',NULL,NULL,3,0.00,NULL,NULL,2,2,0,NULL,3,'12121212',NULL,'2015-12-10 15:49:33',1,0,0.00,NULL),(50,'18644443333','e10adc3949ba59abbe56e057f20f883e',NULL,NULL,NULL,NULL,NULL,NULL,NULL,NULL,NULL,NULL,NULL,NULL,NULL,NULL,NULL,NULL,NULL,NULL,0,'3ECBCDD616B144C0A30009894895E965','2015-12-08 14:14:47',NULL,NULL,NULL,0.00,NULL,NULL,NULL,3,0,NULL,0,NULL,NULL,NULL,1,0,0.00,NULL),(51,'15011112222','e10adc3949ba59abbe56e057f20f883e',NULL,NULL,NULL,NULL,NULL,NULL,NULL,NULL,NULL,NULL,NULL,NULL,NULL,NULL,NULL,NULL,NULL,NULL,0,'0D78F1E24C2B47818EFE2E0409F3BCC8','2015-12-08 14:27:28',NULL,NULL,NULL,0.00,NULL,NULL,1,3,0,NULL,0,NULL,NULL,'2015-12-16 13:15:31',1,0,0.00,NULL),(52,'13911112222','e10adc3949ba59abbe56e057f20f883e',NULL,NULL,NULL,NULL,NULL,NULL,NULL,NULL,NULL,NULL,NULL,NULL,NULL,NULL,NULL,NULL,NULL,NULL,0,'A50CC50558544C64A66277C8C3AF4F03','2015-12-08 15:02:04',NULL,NULL,NULL,0.00,NULL,NULL,NULL,3,0,NULL,0,NULL,NULL,NULL,1,0,0.00,NULL),(53,'15811112222','e10adc3949ba59abbe56e057f20f883e',NULL,NULL,NULL,NULL,NULL,NULL,NULL,NULL,NULL,NULL,NULL,NULL,NULL,NULL,NULL,NULL,NULL,NULL,0,'B9DFD89B12444580A100B553F05A0758','2015-12-08 15:10:07',NULL,NULL,NULL,0.00,NULL,NULL,NULL,3,0,NULL,0,NULL,NULL,NULL,1,0,0.00,NULL),(54,'15011113333','e10adc3949ba59abbe56e057f20f883e',NULL,NULL,NULL,NULL,NULL,NULL,NULL,NULL,NULL,NULL,NULL,NULL,NULL,NULL,NULL,NULL,NULL,NULL,0,'6393335F862549B4968A317A4857DBB9','2015-12-08 15:20:40',NULL,NULL,NULL,0.00,NULL,NULL,NULL,3,0,NULL,0,NULL,NULL,NULL,1,0,0.00,NULL),(55,'18877776666','e10adc3949ba59abbe56e057f20f883e',NULL,NULL,NULL,NULL,NULL,NULL,NULL,NULL,NULL,NULL,NULL,NULL,NULL,NULL,NULL,NULL,NULL,NULL,0,'204B538C3CF74EECBA11ECB24D1A9E36','2015-12-08 15:38:43',NULL,NULL,NULL,0.00,NULL,NULL,NULL,3,0,NULL,0,NULL,NULL,NULL,1,0,0.00,NULL),(56,'18866665555','e10adc3949ba59abbe56e057f20f883e',NULL,NULL,NULL,NULL,NULL,NULL,NULL,NULL,NULL,NULL,NULL,NULL,NULL,NULL,NULL,NULL,NULL,NULL,0,'4C6A173FA3D64DA88A410458976567CD','2015-12-08 15:40:38',NULL,NULL,NULL,0.00,NULL,NULL,NULL,3,0,NULL,0,NULL,NULL,NULL,1,0,0.00,NULL),(57,'13901234567','c8837b23ff8aaa8a2dde915473ce0991',NULL,NULL,NULL,NULL,NULL,NULL,NULL,NULL,NULL,NULL,NULL,NULL,NULL,NULL,NULL,NULL,NULL,NULL,0,'4769418E876A495796A7E5B094DCE6AD','2015-12-08 15:44:36',NULL,NULL,NULL,0.00,NULL,NULL,NULL,3,0,NULL,0,NULL,NULL,NULL,1,0,0.00,NULL),(58,'13011112222','e10adc3949ba59abbe56e057f20f883e',NULL,NULL,NULL,NULL,NULL,NULL,NULL,NULL,NULL,NULL,NULL,NULL,NULL,NULL,NULL,NULL,NULL,NULL,0,'0F6090F4F3484AB2B9EC6C92E188F40D','2015-12-08 15:53:57',NULL,NULL,NULL,0.00,NULL,NULL,NULL,3,0,NULL,0,NULL,NULL,NULL,1,0,0.00,NULL),(59,'13966664321','c8837b23ff8aaa8a2dde915473ce0991',NULL,NULL,NULL,NULL,NULL,NULL,NULL,NULL,NULL,NULL,NULL,NULL,NULL,NULL,NULL,NULL,NULL,NULL,0,'28EE1D6210FA413EA038698E7697F0D5','2015-12-08 15:58:28',NULL,NULL,NULL,0.00,NULL,NULL,NULL,3,0,NULL,0,NULL,NULL,NULL,1,0,0.00,NULL),(60,'15012341234','c8837b23ff8aaa8a2dde915473ce0991',NULL,NULL,NULL,NULL,NULL,NULL,NULL,NULL,NULL,NULL,NULL,NULL,NULL,NULL,NULL,NULL,NULL,NULL,0,'EB6BAF19A8EA47448B0B00130CF682D2','2015-12-08 16:01:26',NULL,NULL,NULL,0.00,NULL,NULL,NULL,3,0,NULL,0,NULL,NULL,NULL,1,0,0.00,NULL),(61,'15112341234','c8837b23ff8aaa8a2dde915473ce0991',NULL,NULL,NULL,NULL,NULL,NULL,NULL,NULL,NULL,NULL,NULL,NULL,NULL,NULL,NULL,NULL,NULL,NULL,0,'543F641D0FDB4696BAB91B7890964D8A','2015-12-08 16:09:29',NULL,NULL,NULL,0.00,NULL,NULL,NULL,3,0,NULL,0,NULL,NULL,NULL,1,0,0.00,NULL),(62,'15584152434','e10adc3949ba59abbe56e057f20f883e',NULL,NULL,NULL,NULL,NULL,NULL,NULL,NULL,NULL,NULL,NULL,NULL,NULL,NULL,NULL,NULL,NULL,NULL,0,'BD430BAF741F49EEBE4A682E837D9CB1','2015-12-08 17:12:04',NULL,NULL,NULL,0.00,NULL,NULL,NULL,3,0,NULL,0,NULL,NULL,NULL,1,0,0.00,NULL),(63,'17712341234','e10adc3949ba59abbe56e057f20f883e',NULL,NULL,NULL,NULL,NULL,NULL,NULL,NULL,NULL,NULL,NULL,NULL,NULL,NULL,NULL,NULL,NULL,NULL,0,'3D79D02AC905481099E22EF3BBE179A7','2015-12-08 17:46:27',NULL,NULL,NULL,0.00,NULL,NULL,NULL,3,0,NULL,0,NULL,NULL,NULL,1,0,0.00,NULL),(64,'15612341234','e10adc3949ba59abbe56e057f20f883e',NULL,NULL,NULL,NULL,NULL,NULL,NULL,NULL,NULL,NULL,NULL,NULL,NULL,NULL,NULL,NULL,NULL,NULL,0,'64B31EF3184F48C6AE1FAC8EA3B95C06','2015-12-08 17:48:26',NULL,NULL,NULL,0.00,NULL,NULL,NULL,3,0,NULL,0,NULL,NULL,NULL,1,0,0.00,NULL),(65,'15912341234','e10adc3949ba59abbe56e057f20f883e',NULL,NULL,NULL,NULL,NULL,NULL,NULL,NULL,NULL,NULL,NULL,NULL,NULL,NULL,NULL,NULL,NULL,NULL,0,'0072D106F5804B12A8E43449AB4F7BBA','2015-12-08 17:51:24',NULL,NULL,NULL,0.00,NULL,NULL,NULL,3,0,NULL,0,NULL,NULL,NULL,1,0,0.00,NULL),(66,'17812341234','e10adc3949ba59abbe56e057f20f883e',NULL,NULL,NULL,NULL,NULL,NULL,NULL,NULL,NULL,NULL,NULL,NULL,NULL,NULL,NULL,NULL,NULL,NULL,0,'D4FF0BE98FC8473285A4C319CB86E173','2015-12-08 18:10:19',NULL,NULL,NULL,0.00,NULL,NULL,NULL,3,0,NULL,0,NULL,NULL,NULL,1,0,0.00,NULL),(67,'18912341234','e10adc3949ba59abbe56e057f20f883e',NULL,NULL,NULL,NULL,NULL,NULL,NULL,NULL,NULL,NULL,NULL,NULL,NULL,NULL,NULL,NULL,NULL,NULL,0,'DF84899F4BC440159A3EA62F52333043','2015-12-08 18:14:32',NULL,NULL,NULL,0.00,NULL,NULL,NULL,3,0,NULL,0,NULL,NULL,NULL,1,0,0.00,NULL),(68,'18512341234','e10adc3949ba59abbe56e057f20f883e',NULL,NULL,NULL,NULL,NULL,NULL,NULL,NULL,NULL,NULL,NULL,NULL,NULL,NULL,NULL,NULL,NULL,NULL,0,'87E082FD907A4AD198F4C0A48FA96E42','2015-12-08 18:35:01',NULL,NULL,NULL,0.00,NULL,NULL,NULL,3,0,NULL,0,NULL,NULL,NULL,1,0,0.00,NULL),(69,'17745674567','e10adc3949ba59abbe56e057f20f883e',NULL,NULL,NULL,NULL,NULL,NULL,NULL,NULL,NULL,NULL,NULL,NULL,NULL,NULL,NULL,NULL,NULL,NULL,0,'7945DF3D46874C4290F2A1428B193771','2015-12-08 18:36:48',NULL,NULL,NULL,0.00,NULL,NULL,NULL,3,0,NULL,0,NULL,NULL,NULL,1,0,0.00,NULL),(70,'13941336602','e10adc3949ba59abbe56e057f20f883e',NULL,NULL,NULL,NULL,NULL,NULL,NULL,NULL,NULL,NULL,NULL,NULL,NULL,NULL,NULL,NULL,NULL,NULL,0,'8E129839CBAE465787E6A4FBAC6F21BD','2015-12-08 18:37:49',NULL,NULL,NULL,0.00,NULL,NULL,NULL,3,0,NULL,0,NULL,NULL,NULL,1,0,0.00,NULL),(71,'13941336603','e10adc3949ba59abbe56e057f20f883e',NULL,NULL,NULL,NULL,NULL,NULL,NULL,NULL,NULL,NULL,NULL,NULL,NULL,NULL,NULL,NULL,NULL,NULL,0,'542DF18D2DD54F6BABBF400241746D22','2015-12-08 18:39:34',NULL,NULL,NULL,0.00,NULL,NULL,NULL,3,0,NULL,0,NULL,NULL,NULL,1,0,0.00,NULL),(72,'13312341234','e10adc3949ba59abbe56e057f20f883e',NULL,NULL,NULL,NULL,NULL,NULL,NULL,NULL,NULL,NULL,NULL,NULL,NULL,NULL,NULL,NULL,NULL,NULL,0,'0AA15D289D59470FADC6FEDDE7DEDFE6','2015-12-08 18:49:09',NULL,NULL,NULL,0.00,NULL,NULL,NULL,3,0,NULL,0,NULL,NULL,NULL,1,0,0.00,NULL),(73,'401693062@qq.com','4297f44b13955235245b2497399d7a93','123',0,NULL,NULL,NULL,NULL,NULL,NULL,NULL,NULL,NULL,NULL,NULL,NULL,NULL,NULL,NULL,'',0,'21BDBAAA65FC4C07BF285A9C6EE857AE','2015-12-09 09:20:52',NULL,NULL,3,994.00,NULL,NULL,1,2,0,'/upload/images/2015/12/24/4A8ECDBE88A445A2B0C18B1A3337C357-min.jpg',1,NULL,NULL,'2016-01-05 09:02:59',1,1,0.00,'hH9NFMql6CbNf6/drdFTnPnOPJ4OJAYNfM464oThqgwF6WYEJNuFK8PVZ7PZ0Tm0N5CLOWcpxRlLBObA+76puA=='),(74,'1147187085@qq.com','4297f44b13955235245b2497399d7a93','564',1,1,'45645',NULL,372,5,1,5,6,'/upload/images/7/E7BF648DD22F4C92AEF0279CE7E75EC5.jpg','/upload/images/7/E7BF648DD22F4C92AEF0279CE7E75EC5-min.jpg','/upload/images/7/E7BF648DD22F4C92AEF0279CE7E75EC5.jpg','/upload/images/7/E7BF648DD22F4C92AEF0279CE7E75EC5-min.jpg','/upload/images/7/E7BF648DD22F4C92AEF0279CE7E75EC5.jpg','/upload/images/7/E7BF648DD22F4C92AEF0279CE7E75EC5-min.jpg','/upload/images/7/E7BF648DD22F4C92AEF0279CE7E75EC5.jpg','/upload/images/7/E7BF648DD22F4C92AEF0279CE7E75EC5-min.jpg',0,'8A8466D584CF40A698A3A25A72056F72','2015-12-09 09:34:53',NULL,NULL,1,0.00,NULL,NULL,NULL,2,0,NULL,3,NULL,NULL,NULL,1,0,0.00,NULL),(75,'13841338888','e10adc3949ba59abbe56e057f20f883e',NULL,NULL,NULL,NULL,NULL,NULL,NULL,NULL,NULL,NULL,NULL,NULL,NULL,NULL,NULL,NULL,NULL,NULL,0,'E037F0AE3DA54D89BC88CA9F18F2A412','2015-12-09 10:09:56',NULL,NULL,NULL,0.00,NULL,NULL,NULL,3,0,NULL,0,NULL,NULL,NULL,1,0,0.00,NULL),(76,'15899998888','e10adc3949ba59abbe56e057f20f883e',NULL,NULL,NULL,NULL,NULL,NULL,NULL,NULL,NULL,NULL,NULL,NULL,NULL,NULL,NULL,NULL,NULL,NULL,0,'5A66A45282D741FA8E1373566F878221','2015-12-09 10:34:03',NULL,NULL,NULL,0.00,NULL,NULL,1,3,0,'/upload/images/2015/12/14/DDF1A780D08F47B8B819EE7FB4A76378-min.jpg',0,NULL,NULL,'2015-12-16 13:16:16',1,0,0.00,NULL),(77,'17766667777','e10adc3949ba59abbe56e057f20f883e',NULL,NULL,NULL,NULL,NULL,NULL,NULL,NULL,NULL,NULL,NULL,NULL,NULL,NULL,NULL,NULL,NULL,NULL,0,'97019D6CD4204137B1912F28570B7BC7','2015-12-09 11:09:50',NULL,NULL,NULL,0.00,NULL,NULL,NULL,3,0,NULL,0,NULL,NULL,NULL,1,0,0.00,NULL),(78,'15801122888','e10adc3949ba59abbe56e057f20f883e',NULL,NULL,NULL,NULL,NULL,NULL,NULL,NULL,NULL,NULL,NULL,NULL,NULL,NULL,NULL,NULL,NULL,NULL,0,'A50B4932C6A840C68DD943B32EBA83F2','2015-12-09 11:12:39',NULL,NULL,NULL,0.00,NULL,NULL,NULL,3,0,NULL,0,NULL,NULL,NULL,1,0,0.00,NULL),(79,'13344445555','e10adc3949ba59abbe56e057f20f883e',NULL,NULL,NULL,NULL,NULL,NULL,NULL,NULL,NULL,NULL,NULL,NULL,NULL,NULL,NULL,NULL,NULL,NULL,0,'B3C28DC0249E45E889F3FAA20BBB20F8','2015-12-09 11:26:28',NULL,NULL,NULL,0.00,NULL,NULL,NULL,3,0,NULL,0,NULL,NULL,NULL,1,0,0.00,NULL),(80,'13212341234','e10adc3949ba59abbe56e057f20f883e',NULL,NULL,NULL,NULL,NULL,NULL,NULL,NULL,NULL,NULL,NULL,NULL,NULL,NULL,NULL,NULL,NULL,NULL,0,'80241453955B4E9899479DF8FB7B2F3E','2015-12-09 12:19:25',NULL,NULL,NULL,0.00,NULL,NULL,NULL,3,0,NULL,0,NULL,NULL,NULL,1,0,0.00,NULL),(81,'15212341234','e10adc3949ba59abbe56e057f20f883e',NULL,NULL,NULL,NULL,NULL,NULL,NULL,NULL,NULL,NULL,NULL,NULL,NULL,NULL,NULL,NULL,NULL,NULL,0,'81329C136BC749999333976AAF37164A','2015-12-09 12:47:27',NULL,NULL,NULL,0.00,NULL,NULL,NULL,3,0,NULL,0,NULL,NULL,NULL,1,0,0.00,NULL),(82,'13941336600','e10adc3949ba59abbe56e057f20f883e',NULL,NULL,NULL,NULL,NULL,NULL,NULL,NULL,NULL,NULL,NULL,NULL,NULL,NULL,NULL,NULL,NULL,NULL,0,'F85F053CFDCE4778ADDD9E67D45CD5E9','2015-12-09 12:52:03',NULL,NULL,NULL,0.00,NULL,NULL,NULL,3,0,NULL,0,NULL,NULL,NULL,1,0,0.00,NULL),(83,'18077778888','e10adc3949ba59abbe56e057f20f883e',NULL,NULL,NULL,NULL,NULL,NULL,NULL,NULL,NULL,NULL,NULL,NULL,NULL,NULL,NULL,NULL,NULL,NULL,0,'DA591075AABF410894D20E45F6609169','2015-12-09 12:57:44',NULL,NULL,NULL,0.00,NULL,NULL,NULL,3,0,NULL,0,NULL,NULL,NULL,1,0,0.00,NULL),(84,'13755556666','e10adc3949ba59abbe56e057f20f883e',NULL,NULL,NULL,NULL,NULL,NULL,NULL,NULL,NULL,NULL,NULL,NULL,NULL,NULL,NULL,NULL,NULL,NULL,0,'EC0CEA931E1D4D40A063920527E31117','2015-12-09 13:00:29',NULL,NULL,NULL,0.00,NULL,NULL,NULL,3,0,NULL,0,NULL,NULL,NULL,1,0,0.00,NULL),(85,'18812341234','e10adc3949ba59abbe56e057f20f883e',NULL,NULL,NULL,NULL,NULL,NULL,NULL,NULL,NULL,NULL,NULL,NULL,NULL,NULL,NULL,NULL,NULL,NULL,0,'052DB448C60943A8BB51B279F3620DE2','2015-12-09 16:49:35',NULL,NULL,NULL,0.00,NULL,NULL,1,3,0,NULL,0,NULL,NULL,'2015-12-10 19:27:24',1,0,0.00,NULL),(86,'15801122123@163.com','e10adc3949ba59abbe56e057f20f883e',NULL,NULL,NULL,NULL,NULL,NULL,NULL,NULL,NULL,NULL,NULL,NULL,NULL,NULL,NULL,NULL,NULL,NULL,0,'BB09C16C671549BFBD5C4932B3CA6A97','2015-12-10 13:31:08',NULL,NULL,1,0.00,NULL,NULL,1,2,0,NULL,3,'qwerqw',NULL,'2016-01-19 10:26:35',1,0,0.00,'mAJsISCtcOSfmugh4e5Kl/bbsiT4fyT74fnCUIs9TO7N0aIXjPY2OBJVwHehyzQkXLXzG5vAhR4='),(87,'123456@163.com','e10adc3949ba59abbe56e057f20f883e',NULL,NULL,NULL,NULL,NULL,NULL,NULL,NULL,NULL,NULL,NULL,NULL,NULL,NULL,NULL,NULL,NULL,NULL,0,'D48BEA6535D94C0092B129C0FA26A295','2015-12-10 15:10:02',NULL,NULL,NULL,0.00,NULL,NULL,NULL,2,0,NULL,0,NULL,NULL,NULL,1,0,0.00,NULL),(88,'447059111@qq.com','e10adc3949ba59abbe56e057f20f883e',NULL,NULL,NULL,NULL,NULL,NULL,NULL,NULL,NULL,NULL,NULL,NULL,NULL,NULL,NULL,NULL,NULL,NULL,0,'E60BA2C4B9674383BE9D591D8D1496B9','2015-12-10 15:10:50',NULL,NULL,1,0.00,NULL,NULL,NULL,2,0,NULL,3,NULL,NULL,NULL,1,0,0.00,NULL),(89,'111@163.com','4297f44b13955235245b2497399d7a93','Bibibibbi',1,3,'Liaoning university ','210181198709088337',393,1,1,3,4,'/upload/images/2015/12/10/315EE4632B834CA9BE62441096F7FAF2.jpg','/upload/images/2015/12/10/315EE4632B834CA9BE62441096F7FAF2-min.jpg','/upload/images/2015/12/10/69AEF3DB7E94453B8810B8D12FA6B670.jpg','/upload/images/2015/12/10/69AEF3DB7E94453B8810B8D12FA6B670-min.jpg','/upload/images/2015/12/10/558A792B4EB94DDEB55278B45053B343.jpg','/upload/images/2015/12/10/558A792B4EB94DDEB55278B45053B343-min.jpg','/upload/images/2015/12/10/EE1849AB96344DA791791401A649C6F7.jpg','/upload/images/2015/12/10/EE1849AB96344DA791791401A649C6F7-min.jpg',0,'65844E61F62B4987A96691E2AF58AA82','2015-12-10 15:50:19',NULL,NULL,1,0.00,NULL,NULL,1,2,0,NULL,3,'Hello world',NULL,'2016-01-11 10:37:22',1,0,0.00,'fODEI+w5ySKA/EFQ7tcaQPnOPJ4OJAYNfM464oThqgxM1f1dwTGz2rpz8RXWTVgKjN8AZbRrNRhLBObA+76puA=='),(90,'405602650@qq.com','96e79218965eb72c92a549dd5a330112',NULL,NULL,NULL,NULL,NULL,NULL,NULL,NULL,NULL,NULL,NULL,NULL,NULL,NULL,NULL,NULL,NULL,NULL,0,'ABB74997D08D434DBC95970ABA401E69','2015-12-11 10:35:38',NULL,NULL,2,0.00,NULL,NULL,NULL,2,0,NULL,3,NULL,NULL,NULL,1,0,0.00,NULL),(91,'555@163.com','e10adc3949ba59abbe56e057f20f883e','Du Minghao',1,3,'Liaoning University ','210181198709088337',343,1,2,7,8,'/upload/images/2015/12/14/E9F1D68793704A3CA72A3AFDF87D03EE.jpg','/upload/images/2015/12/14/E9F1D68793704A3CA72A3AFDF87D03EE-min.jpg','/upload/images/2015/12/14/18FEC418AC1C4754B501B8D0B7070FA2.jpg','/upload/images/2015/12/14/18FEC418AC1C4754B501B8D0B7070FA2-min.jpg','/upload/images/2015/12/14/6CCAD22968724AF1922AB7EB02988BFA.jpg','/upload/images/2015/12/14/6CCAD22968724AF1922AB7EB02988BFA-min.jpg','/upload/images/2015/12/14/A733273B12D5429283AFB68BF3C90F63.jpg','/upload/images/2015/12/14/A733273B12D5429283AFB68BF3C90F63-min.jpg',0,'FFF9875E197B4245865A72CFF7530C21','2015-12-11 10:57:07',NULL,NULL,1,9970.00,NULL,NULL,2,2,0,'/upload/images/2015/12/16/D4A049BC38074167A072533074B5710E-min.jpg',3,'Hello ,world !',NULL,'2015-12-16 12:46:45',1,0,0.00,NULL),(92,'15500000000','96e79218965eb72c92a549dd5a330112',NULL,1,NULL,NULL,NULL,NULL,NULL,NULL,NULL,NULL,NULL,NULL,NULL,NULL,NULL,NULL,NULL,NULL,0,'A46D7AD42B474E35BFC6CFF7349A31E8','2015-12-11 13:33:31',NULL,NULL,NULL,0.00,'2015-12-11',NULL,2,3,0,NULL,0,NULL,NULL,'2015-12-11 15:33:36',1,0,0.00,NULL),(93,'15500000001','96e79218965eb72c92a549dd5a330112',NULL,NULL,NULL,NULL,NULL,NULL,NULL,NULL,NULL,NULL,NULL,NULL,NULL,NULL,NULL,NULL,NULL,NULL,0,'105F7B6354B0428CA1134042267DF281','2015-12-11 13:39:45',NULL,NULL,NULL,0.00,NULL,NULL,2,3,0,NULL,0,NULL,NULL,'2015-12-11 15:17:28',1,0,0.00,NULL),(94,'heheta@111.com','96e79218965eb72c92a549dd5a330112','fanyi001',1,1,'xuexiao','445121198507041515',374,1,1,3,4,'/upload/images/2015/12/11/E3B02AE433144C3187776384BB777CB1.jpg','/upload/images/2015/12/11/E3B02AE433144C3187776384BB777CB1-min.jpg','/upload/images/2015/12/11/11E42E3784B54EE98607F63F1A3E3E9A.jpg','/upload/images/2015/12/11/11E42E3784B54EE98607F63F1A3E3E9A-min.jpg','/upload/images/2015/12/11/7C2F7C79472E4160A5A4EB0D2FC0DF12.jpg','/upload/images/2015/12/11/7C2F7C79472E4160A5A4EB0D2FC0DF12-min.jpg','/upload/images/2015/12/11/324C194B1FC942F0822DD91CFC0CD5D0.jpg','/upload/images/2015/12/11/324C194B1FC942F0822DD91CFC0CD5D0-min.jpg',0,'283969C912304A56B8FDF8062FAE0702','2015-12-11 14:48:25',NULL,NULL,1,0.00,NULL,NULL,2,2,0,NULL,3,'',NULL,'2015-12-11 15:12:18',1,0,0.00,NULL),(95,'heheta@222.com','96e79218965eb72c92a549dd5a330112','fanyi2',2,3,'xuexiao','451300198009212219',388,1,1,3,4,'/upload/images/2015/12/11/8BE6A891BB8740D7940B9FEA9BF7055D.jpg','/upload/images/2015/12/11/8BE6A891BB8740D7940B9FEA9BF7055D-min.jpg','/upload/images/2015/12/11/801CE1101F7A4B2CAC4436EC472DC557.jpg','/upload/images/2015/12/11/801CE1101F7A4B2CAC4436EC472DC557-min.jpg','/upload/images/2015/12/11/6485D2BFA70944319A23A4C96ED26511.jpg','/upload/images/2015/12/11/6485D2BFA70944319A23A4C96ED26511-min.jpg','/upload/images/2015/12/11/F90C695E2CDD42D4A83024A88B41EA59.jpg','/upload/images/2015/12/11/F90C695E2CDD42D4A83024A88B41EA59-min.jpg',0,'97DFC80608AA4EEAAA9C4DD8597FB688','2015-12-11 15:02:47',NULL,NULL,1,0.00,NULL,NULL,2,2,0,NULL,3,'',NULL,'2015-12-11 15:03:41',1,0,0.00,NULL),(96,'heheta@333.com','96e79218965eb72c92a549dd5a330112','fanyi3',2,2,'xuexiao','341503198212082231',389,11,1,3,4,'/upload/images/2015/12/11/CA59F0D1EE094184A70A34D3BB37DA7B.jpg','/upload/images/2015/12/11/CA59F0D1EE094184A70A34D3BB37DA7B-min.jpg','/upload/images/2015/12/11/557DF3603D8241FC8E8F5C1EEEA64E16.jpg','/upload/images/2015/12/11/557DF3603D8241FC8E8F5C1EEEA64E16-min.jpg','/upload/images/2015/12/11/E970E2D05A9B4F6291540BBD5910AD54.jpg','/upload/images/2015/12/11/E970E2D05A9B4F6291540BBD5910AD54-min.jpg','/upload/images/2015/12/11/938DAF12B05847C08C3E3B57337B4731.jpg','/upload/images/2015/12/11/938DAF12B05847C08C3E3B57337B4731-min.jpg',0,'46A32A54518F42478A9F09F639D06D43','2015-12-11 15:06:43',NULL,NULL,1,0.00,NULL,NULL,1,2,0,NULL,3,'111',NULL,'2015-12-16 10:43:13',1,0,0.00,NULL),(97,'sdfsdf@sdf.com','96e79218965eb72c92a549dd5a330112',NULL,NULL,NULL,NULL,NULL,NULL,NULL,NULL,NULL,NULL,NULL,NULL,NULL,NULL,NULL,NULL,NULL,NULL,0,'8A6BEEC5369B4D2B9B1D53CC3255CB48','2015-12-11 15:13:15',NULL,NULL,NULL,0.00,NULL,NULL,NULL,2,0,NULL,0,NULL,NULL,NULL,1,0,0.00,NULL),(98,'111@111.com','96e79218965eb72c92a549dd5a330112',NULL,NULL,NULL,NULL,NULL,NULL,NULL,NULL,NULL,NULL,NULL,NULL,NULL,NULL,NULL,NULL,NULL,NULL,0,'18D35481802649E7AA32BC565A6E49ED','2015-12-11 15:13:47',NULL,NULL,NULL,0.00,NULL,NULL,2,2,0,NULL,0,NULL,NULL,'2015-12-11 15:16:32',1,0,0.00,NULL),(99,'15012341111','e10adc3949ba59abbe56e057f20f883e',NULL,NULL,NULL,NULL,NULL,NULL,NULL,NULL,NULL,NULL,NULL,NULL,NULL,NULL,NULL,NULL,NULL,NULL,0,'AD6EA54B46FB4ED2B9A7906DBE35866A','2015-12-14 19:07:14',NULL,NULL,NULL,0.00,NULL,NULL,1,3,0,NULL,0,NULL,NULL,'2015-12-14 19:07:50',0,0,0.00,NULL),(100,'111@qq.com','4297f44b13955235245b2497399d7a93','123321',2,1,'1','111111111111111111',343,1,1,3,4,'/upload/images/2015/12/16/AA2413C2496F457A8B6EA7DFEF72A787.jpg','/upload/images/2015/12/16/AA2413C2496F457A8B6EA7DFEF72A787-min.jpg','/upload/images/2015/12/16/E6A7BFF9CEDF4D0EAC9054B33E5B8C74.jpg','/upload/images/2015/12/16/E6A7BFF9CEDF4D0EAC9054B33E5B8C74-min.jpg','/upload/images/2015/12/16/E98ED552D5CB4B699FAB7A324111CEC4.jpg','/upload/images/2015/12/16/E98ED552D5CB4B699FAB7A324111CEC4-min.jpg','/upload/images/2015/12/16/EEF4565A50BE4FD5A22D91F1038DEEF5.jpg','/upload/images/2015/12/16/EEF4565A50BE4FD5A22D91F1038DEEF5-min.jpg',0,'5B535A75E0E34241ADE9E6E421C75102','2015-12-15 19:05:12',NULL,NULL,1,10000.00,'1111-11-11',NULL,1,2,0,'/upload/images/2016/1/18/D771F007F88942CF93E8E93554AED3CB-min.jpg',4,'1',NULL,'2016-01-19 08:42:36',1,0,0.00,'7O9vukNZfORUhzX+s1EFovnOPJ4OJAYNfM464oThqgwF6WYEJNuFK06H7YKpxrgARlqainajX+BLBObA+76puA=='),(101,'222@qq.com','4297f44b13955235245b2497399d7a93','111111',1,2,'111','1211',343,1,0,5,6,'http://112.64.173.178/images/upload/images/2016/1/6/E8E72C6E54864D43BF6B886BB225CE7C.jpg','http://112.64.173.178/images/upload/images/2016/1/6/E8E72C6E54864D43BF6B886BB225CE7C-min.jpg','null','null','null','null','null','null',0,'FEE3A370B48046DB81F6D32D39BC1441','2015-12-15 19:05:33',NULL,NULL,1,9958.00,NULL,NULL,1,2,0,'/upload/images/2016/1/6/A6F80DA73061467A8A78731D8C88AF95-min.jpg',3,'111',NULL,'2016-01-19 08:52:26',1,0,0.00,'lHzT9kToCCerfaj83XJcY/bbsiT4fyT74fnCUIs9TO6tZvJywQsis4Fg7FMNHlOsCh9tpNvyr+Q='),(102,'333@qq.com','4297f44b13955235245b2497399d7a93','xingbuxing',1,1,'1111','21040419881221237',343,1,0,3,4,'/upload/images/2016/1/6/6ED53F78A9D2430BAF4F4055CAFBD7A6.jpg','/upload/images/2016/1/6/6ED53F78A9D2430BAF4F4055CAFBD7A6-min.jpg','/upload/images/2016/1/6/E90DB35F8DC54092A4FCA0749460E465.jpg','/upload/images/2016/1/6/E90DB35F8DC54092A4FCA0749460E465-min.jpg','/upload/images/2016/1/6/4B70FB35572B4CA1A0081D75488ED4C8.jpg','/upload/images/2016/1/6/4B70FB35572B4CA1A0081D75488ED4C8-min.jpg','/upload/images/2016/1/6/5F01FA83FE924A54A62203A190297946.jpg','/upload/images/2016/1/6/5F01FA83FE924A54A62203A190297946-min.jpg',0,'9B5BFADB5DAA408EB5D4BF6E8B5CCE29','2015-12-15 19:05:45',NULL,NULL,1,10000.00,NULL,NULL,1,2,0,NULL,4,'weqweqw',NULL,'2016-01-07 10:24:02',1,0,0.00,'d+2VtAH73El3xPU1YfCe2vbbsiT4fyT74fnCUIs9TO6gdt0kKDSwu6lROtfrPIBXjzmIKlVPUa4='),(103,'666@163.com','e10adc3949ba59abbe56e057f20f883e',NULL,NULL,NULL,NULL,NULL,NULL,NULL,NULL,NULL,NULL,NULL,NULL,NULL,NULL,NULL,NULL,NULL,NULL,0,'59E5EB26CF7F4F5FB5E2A69E0DEF3C03','2015-12-16 10:12:56',NULL,NULL,NULL,0.00,NULL,NULL,NULL,2,0,NULL,0,NULL,NULL,NULL,0,0,0.00,NULL),(106,'17000000000','e10adc3949ba59abbe56e057f20f883e',NULL,1,NULL,NULL,NULL,NULL,NULL,NULL,NULL,NULL,NULL,NULL,NULL,NULL,NULL,NULL,NULL,NULL,0,'B7DBC2F6D6704AC39259654923FE28E8','2015-12-16 13:22:17',NULL,NULL,NULL,0.00,NULL,NULL,1,3,0,NULL,0,NULL,NULL,'2015-12-17 16:01:09',0,0,0.00,''),(114,'asdfuijkl@163.com','e10adc3949ba59abbe56e057f20f883e','杜明浩',1,1,'沈阳师范大学－软件学院','210181198709088337',343,1,2,7,8,'/upload/images/2015/12/16/013465F0BBFC44619BCB1AAFC5CCFBEF.jpg','/upload/images/2015/12/16/013465F0BBFC44619BCB1AAFC5CCFBEF-min.jpg','/upload/images/2015/12/16/A21E029235894919935D202666AB818F.jpg','/upload/images/2015/12/16/A21E029235894919935D202666AB818F-min.jpg','/upload/images/2015/12/16/5F7F10263DED47EAA07CBDAA7241E35B.jpg','/upload/images/2015/12/16/5F7F10263DED47EAA07CBDAA7241E35B-min.jpg','/upload/images/2015/12/16/28A56ADBB3CD45689E8C7D02A50CB51A.jpg','/upload/images/2015/12/16/28A56ADBB3CD45689E8C7D02A50CB51A-min.jpg',0,'C27CDE2141D24A7A97A5A0C2E7E00E09','2015-12-16 16:10:47',NULL,NULL,1,9994.02,'1987-09-08',NULL,2,2,0,'/upload/images/2016/1/6/D7708081760D474BB90BDE04D65E5384-min.jpg',3,'英语水平很好，全心全意为您服务。',NULL,'2016-01-14 17:01:49',1,0,0.00,'hK7sZNQCf9bEeAtUUufwuis/9QubkIymiMsy0eaBU79nWq99zmm8R2ZRrnVuUq/6eJSv2kj10Y0='),(115,'15940290864','1a100d2c0dab19c4430e7d73762b3423',NULL,NULL,NULL,NULL,NULL,NULL,NULL,NULL,NULL,NULL,NULL,NULL,NULL,NULL,NULL,NULL,NULL,NULL,0,'1B5F0C6345B54B119AA9E8020ADD2114','2015-12-18 14:27:09',NULL,NULL,NULL,0.00,NULL,NULL,1,3,0,NULL,0,NULL,NULL,'2015-12-18 14:27:21',0,0,0.00,''),(116,'666@qq.com','4297f44b13955235245b2497399d7a93',NULL,NULL,NULL,NULL,NULL,NULL,NULL,NULL,NULL,NULL,NULL,NULL,NULL,NULL,NULL,NULL,NULL,NULL,0,'819CE627C4F74B80BBFE02914C7AC972','2015-12-18 14:32:11',NULL,NULL,NULL,0.00,NULL,NULL,NULL,2,0,NULL,0,NULL,NULL,NULL,0,0,0.00,NULL),(117,'888@qq.com','4297f44b13955235245b2497399d7a93',NULL,NULL,NULL,NULL,NULL,NULL,NULL,NULL,NULL,NULL,NULL,NULL,NULL,NULL,NULL,NULL,NULL,NULL,0,'EAFBF5867E3543FDA06A972BD284B753','2015-12-18 14:32:26',NULL,NULL,NULL,0.00,NULL,NULL,NULL,2,0,NULL,0,NULL,NULL,NULL,0,0,0.00,NULL),(118,'123@qq.com','4297f44b13955235245b2497399d7a93',NULL,NULL,NULL,NULL,NULL,NULL,NULL,NULL,NULL,NULL,NULL,NULL,NULL,NULL,NULL,NULL,NULL,NULL,0,'2A173E82ECBE492C9E8F37CBC8E8C9A7','2015-12-18 14:32:36',NULL,NULL,NULL,0.00,NULL,NULL,NULL,2,0,NULL,0,NULL,NULL,NULL,0,0,0.00,NULL),(119,'000@qq.com','4297f44b13955235245b2497399d7a93','呵呵',1,1,'123csad','111222333433333231',343,1,2,7,8,'/upload/images/2015/12/18/3708D5B0A4084563A74E8B46C067A0DA.jpg','/upload/images/2015/12/18/3708D5B0A4084563A74E8B46C067A0DA-min.jpg','/upload/images/2015/12/18/9FA6E301DDCD41B18DC6AA13C6107CDC.jpg','/upload/images/2015/12/18/9FA6E301DDCD41B18DC6AA13C6107CDC-min.jpg','/upload/images/2015/12/18/80B2405267324DF0919FF5114E1CA705.jpg','/upload/images/2015/12/18/80B2405267324DF0919FF5114E1CA705-min.jpg','/upload/images/2015/12/18/65BF7C6FCD844A2EB4DF551FE0F505FD.jpg','/upload/images/2015/12/18/65BF7C6FCD844A2EB4DF551FE0F505FD-min.jpg',0,'D6A3BE1A0DEF4D3D89F1368852DD675F','2015-12-18 14:32:53',NULL,NULL,1,10000.00,'3336-10-03',NULL,1,2,0,'/upload/images/2016/1/6/7315113AF24D47E7BFF07FC3FCCD84ED-min.jpg',3,'123123asdas',NULL,'2016-01-18 21:35:08',1,0,0.00,'GH+tGWKC6NrhuQwO9LOpLPbbsiT4fyT74fnCUIs9TO6tZvJywQsis+HymyI9aaC6/32ap8QM3Q4='),(120,'15940279100','e10adc3949ba59abbe56e057f20f883e','qweriruir',2,NULL,NULL,NULL,NULL,NULL,NULL,NULL,NULL,NULL,NULL,NULL,NULL,NULL,NULL,NULL,NULL,0,'19346E4E34304605AB6447FCC1607965','2015-12-22 11:23:11',NULL,NULL,NULL,0.00,'2010-01-15',NULL,1,3,0,'/upload/images/2016/1/19/F96FE1DA5776480E9811C65F46AD2E0B-min.jpg',0,NULL,NULL,'2016-01-19 13:27:00',0,0,0.00,'Sfl6m7lQXc/EBY7fU+I0IvnOPJ4OJAYNfM464oThqgwF6WYEJNuFKxJ5bgTeetYNaPDxxW/F6BlLBObA+76puA=='),(121,'15002486406','e10adc3949ba59abbe56e057f20f883e','想念那些没打开',1,NULL,NULL,NULL,NULL,NULL,NULL,NULL,NULL,NULL,NULL,NULL,NULL,NULL,NULL,NULL,NULL,0,'421B30DE23AA44669F9C8820DBBC9DA1','2015-12-23 15:19:14',NULL,NULL,NULL,30.00,'2009-01-13',NULL,2,3,0,'/upload/images/2015/12/23/C9F832CD3E7649748578A2DD8A3C2CEC-min.jpg',0,NULL,NULL,'2016-01-19 13:50:54',0,0,0.00,'Zi/qPmWV43RFXUuFa5z8qPnOPJ4OJAYNfM464oThqgwF6WYEJNuFK4TtrUJ3ox6jed6ZcN7QQexLBObA+76puA=='),(122,'1242288285@qq.com','d8578edf8458ce06fbc5bb76a58c5ca4',NULL,NULL,NULL,NULL,NULL,NULL,NULL,NULL,NULL,NULL,NULL,NULL,NULL,NULL,NULL,NULL,NULL,NULL,0,'D27D4DCD72F84F22BF07A78301804D79','2015-12-23 15:58:58',NULL,NULL,NULL,0.00,NULL,NULL,NULL,2,0,NULL,0,NULL,NULL,NULL,0,0,0.00,NULL),(123,'zhangfy@bluemobi.cn','e10adc3949ba59abbe56e057f20f883e','Vsbdndjfkfkdnfnfmmr',2,1,'fghjj','210122199206240928',395,6,1,5,6,'/upload/images/2016/1/7/EDA82202425442F8BA687F4AE4E9FA47.jpg','/upload/images/2016/1/7/EDA82202425442F8BA687F4AE4E9FA47-min.jpg','/upload/images/2016/1/7/F3755419C5C642FB84DF3E157C762593.jpg','/upload/images/2016/1/7/F3755419C5C642FB84DF3E157C762593-min.jpg','/upload/images/2016/1/7/2BF78CD6B0794F40ABA2DF07DF92BB3F.jpg','/upload/images/2016/1/7/2BF78CD6B0794F40ABA2DF07DF92BB3F-min.jpg','/upload/images/2016/1/7/5F843FF8DB44452293D3A04B8DDBC40C.jpg','/upload/images/2016/1/7/5F843FF8DB44452293D3A04B8DDBC40C-min.jpg',0,'CC6E4657F95F47DCB9CCB2BAF96E6650','2015-12-23 16:11:25',NULL,NULL,1,20.05,NULL,NULL,2,2,0,'/upload/images/2016/1/18/ED76399BC97843498ACF7D773F898D2C-min.jpg',4,',vhjn',NULL,'2016-01-19 13:43:59',1,0,0.00,'YKXTe6lOWkPEeAtUUufwuis/9QubkIymiMsy0eaBU7/p+kpzoR4HogXMFbtQH2eKihI/ZAritOM='),(124,'18742477086','d8578edf8458ce06fbc5bb76a58c5ca4','hk',NULL,NULL,NULL,NULL,NULL,NULL,NULL,NULL,NULL,NULL,NULL,NULL,NULL,NULL,NULL,NULL,NULL,0,'7573CE7F26A647C8B842214D856D692B','2015-12-24 09:31:12',NULL,NULL,NULL,0.00,'2011-12-24',NULL,2,3,0,'/upload/images/2015/12/24/90F22CE3FA67458E82D180DEE16FA738-min.jpg',0,NULL,NULL,'2016-01-19 14:23:02',0,0,0.00,'s3RIay2HYYMiA00JX93Mopk+19tlomIloO6UeOLvBxCwtx/c5T2urzWZCZev7Pu8B3UvqMT/xZd+Hbwn8hD9Bg=='),(125,'xiaojiao.wang@bluemobi.cn','e10adc3949ba59abbe56e057f20f883e','qwertyuiopqwertyuiop',2,3,'南非就大哭大哭大哭解放军','210122199206240928',395,5,1,3,4,'/upload/images/2015/12/29/A114DFE8E1804BD5A9166CEAC4B0563C.jpg','/upload/images/2015/12/29/A114DFE8E1804BD5A9166CEAC4B0563C-min.jpg','/upload/images/2015/12/29/0068F6C37BD74D7DB6A228D08D56B96A.jpg','/upload/images/2015/12/29/0068F6C37BD74D7DB6A228D08D56B96A-min.jpg','/upload/images/2015/12/29/E355353C1C2D4321B106A74265954A5A.jpg','/upload/images/2015/12/29/E355353C1C2D4321B106A74265954A5A-min.jpg','/upload/images/2015/12/29/76C93908FFAA4A61870A0F0E9ED3E776.jpg','/upload/images/2015/12/29/76C93908FFAA4A61870A0F0E9ED3E776-min.jpg',0,'41CB842981B6431FA3AC2E4E1B8387DA','2015-12-25 15:33:05',NULL,NULL,2,3000.00,NULL,NULL,2,2,0,'/upload/images/2015/12/30/B7A2B12116764837AAB7C06485F02710-min.jpg',3,'本次难兄难弟妈妈那些年承诺能否能否能否你那粉嫩粉嫩',NULL,'2016-01-12 00:48:01',1,0,0.00,'9Elkr1jNByjqHN2S+VFtf/nOPJ4OJAYNfM464oThqgwAsixCgEI6imRdMJgP8MQf+PMuYOD/DedLBObA+76puA=='),(126,'985080675@qq.com','e10adc3949ba59abbe56e057f20f883e',NULL,NULL,NULL,NULL,NULL,NULL,NULL,NULL,NULL,NULL,NULL,NULL,NULL,NULL,NULL,NULL,NULL,NULL,0,'83C7110D22A74904BD805D5BA455EE4A','2015-12-28 16:38:18',NULL,NULL,NULL,0.00,NULL,NULL,NULL,2,0,NULL,0,NULL,NULL,NULL,0,0,0.00,NULL),(127,'861466389@qq.com','e10adc3949ba59abbe56e057f20f883e',NULL,NULL,NULL,NULL,NULL,NULL,NULL,NULL,NULL,NULL,NULL,NULL,NULL,NULL,NULL,NULL,NULL,NULL,0,'8F8B81D22AF2458D8B6F49EA63A963DF','2015-12-28 16:47:51',NULL,NULL,NULL,0.00,NULL,NULL,NULL,2,0,NULL,0,NULL,NULL,NULL,0,0,0.00,NULL),(128,'wangy04@bluemobi.cn','e10adc3949ba59abbe56e057f20f883e','悦1234567890qwertyuiiin',2,2,'沈阳解放军大家能对你的你','210122199206240928',395,1,1,5,11,'/upload/images/2015/12/30/18B4DD2965F648A59EFF6453C68B43F0.jpg','/upload/images/2015/12/30/18B4DD2965F648A59EFF6453C68B43F0-min.jpg','/upload/images/2015/12/30/C0C38ABEE7B442A3818E301EE063EDAB.jpg','/upload/images/2015/12/30/C0C38ABEE7B442A3818E301EE063EDAB-min.jpg','/upload/images/2015/12/30/61A35A0DBB03403D9910DE2782047B46.jpg','/upload/images/2015/12/30/61A35A0DBB03403D9910DE2782047B46-min.jpg','/upload/images/2015/12/30/D0495F78C05A4FC7A64BFF89EDF4A9E2.jpg','/upload/images/2015/12/30/D0495F78C05A4FC7A64BFF89EDF4A9E2-min.jpg',0,'8FC703C793664FC38AA2A17BA5CE80D7','2015-12-30 13:09:46',NULL,NULL,1,152.02,NULL,NULL,1,2,0,'/upload/images/2016/1/4/1CAB6FFA733A46C284F92EAFC8C0F08C-min.jpg',4,'那份激动把爸爸说吧巴登巴登不上班不打扮打扮打扮放假就放假不到你的家你的你能对你说不到你',NULL,'2016-01-19 14:28:21',1,0,0.00,'MsigDLtbFsxEDfmr4NtdLPnOPJ4OJAYNfM464oThqgwAsixCgEI6ir4MBPSNsT5s9u4zftw5kWRLBObA+76puA=='),(129,'15988888888','4297f44b13955235245b2497399d7a93',NULL,1,NULL,NULL,NULL,NULL,NULL,NULL,NULL,NULL,NULL,NULL,NULL,NULL,NULL,NULL,NULL,NULL,0,'39CF7E819AF54CC8928991AC7729AB01','2016-01-04 10:14:05',NULL,NULL,NULL,0.00,NULL,NULL,1,3,0,NULL,0,NULL,NULL,'2016-01-04 10:14:19',0,0,0.00,'oa35Th9zPqv1rtWFWwhBb/nOPJ4OJAYNfM464oThqgwAsixCgEI6ikgve7Pp3+J934q4HlRQ2XRLBObA+76puA=='),(130,'jianghh@bluemobi.cn','e10adc3949ba59abbe56e057f20f883e','惠惠',2,1,'回到家大家','210122199206240928',395,1,1,5,6,'/upload/images/2016/1/4/1CB09041AE8341E6AAEA6917708391A3.jpg','/upload/images/2016/1/4/1CB09041AE8341E6AAEA6917708391A3-min.jpg','/upload/images/2016/1/4/4F5992E5A84749EBBC39D3452A8D8E77.jpg','/upload/images/2016/1/4/4F5992E5A84749EBBC39D3452A8D8E77-min.jpg','/upload/images/2016/1/4/7A04D9823306462780905BAEC9EDFBE6.jpg','/upload/images/2016/1/4/7A04D9823306462780905BAEC9EDFBE6-min.jpg','/upload/images/2016/1/4/6B1E2AC7E99F487C8689EBE464EA7031.jpg','/upload/images/2016/1/4/6B1E2AC7E99F487C8689EBE464EA7031-min.jpg',0,'06067631AB1347BDB2B539802AC8CB8F','2016-01-04 10:20:31',NULL,NULL,1,214.00,NULL,NULL,2,2,0,'/upload/images/2016/1/18/1D478517A83F4F53A52A058A7261D08B-min.jpg',4,'不想你的你的你你的你你想你想你你的那些年才能奶粉难道你们的',NULL,'2016-01-19 13:43:34',1,0,0.00,'/B0NJrWCXZmzAfMjIuevlJk+19tlomIloO6UeOLvBxCwtx/c5T2urxBoa2bo1Lso5dVI94tRzNvwoACsQbGixw=='),(131,'15966666666','4297f44b13955235245b2497399d7a93','123',1,NULL,NULL,NULL,NULL,NULL,NULL,NULL,NULL,NULL,NULL,NULL,NULL,NULL,NULL,NULL,NULL,0,'7734585069104E6BB57D7F03D9B8928C','2016-01-04 10:37:53',NULL,NULL,NULL,0.00,'2016-01-03',NULL,1,3,0,NULL,0,NULL,NULL,'2016-01-04 17:36:59',0,0,0.00,'5hfNJXFBqf2fmugh4e5Kl/bbsiT4fyT74fnCUIs9TO74jD++bi2Yvw+FkOR+fQTqbiFsLImpiWQ='),(132,'15955555555','4297f44b13955235245b2497399d7a93',NULL,NULL,NULL,NULL,NULL,NULL,NULL,NULL,NULL,NULL,NULL,NULL,NULL,NULL,NULL,NULL,NULL,NULL,0,'59532AB54B884B61BDAE01816534DDD2','2016-01-04 10:42:30',NULL,NULL,NULL,0.00,NULL,NULL,1,3,0,NULL,0,NULL,NULL,'2016-01-06 15:29:25',0,0,0.00,'PmpefR2PkYlaI6Abs6wYYfnOPJ4OJAYNfM464oThqgwAsixCgEI6iorDOXGsxQmh7gJMWv79d95LBObA+76puA=='),(133,'122@123.com','96e79218965eb72c92a549dd5a330112',NULL,NULL,NULL,NULL,NULL,NULL,NULL,NULL,NULL,NULL,NULL,NULL,NULL,NULL,NULL,NULL,NULL,NULL,0,'27E18F2CE6AB43A79BB8B82BCF79DD64','2016-01-04 14:30:33',NULL,NULL,NULL,0.00,NULL,NULL,NULL,2,0,NULL,0,NULL,NULL,NULL,0,0,0.00,NULL),(134,'jianghh@bluemobi1.cn','96e79218965eb72c92a549dd5a330112',NULL,NULL,NULL,NULL,NULL,NULL,NULL,NULL,NULL,NULL,NULL,NULL,NULL,NULL,NULL,NULL,NULL,NULL,0,'60DD8FE32B774140A9FB3638CCDB35BC','2016-01-04 14:33:25',NULL,NULL,NULL,0.00,NULL,NULL,NULL,2,0,NULL,0,NULL,NULL,NULL,0,0,0.00,NULL),(135,'janghh@bluemobi.cn','96e79218965eb72c92a549dd5a330112',NULL,NULL,NULL,NULL,NULL,NULL,NULL,NULL,NULL,NULL,NULL,NULL,NULL,NULL,NULL,NULL,NULL,NULL,0,'BE01AFB5C3E1477BB6EFBEBCEEB8F699','2016-01-04 14:33:49',NULL,NULL,NULL,0.00,NULL,NULL,NULL,2,0,NULL,0,NULL,NULL,NULL,0,0,0.00,NULL),(136,'janghh@bluemobi.cm','e10adc3949ba59abbe56e057f20f883e',NULL,NULL,NULL,NULL,NULL,NULL,NULL,NULL,NULL,NULL,NULL,NULL,NULL,NULL,NULL,NULL,NULL,NULL,0,'F319C3501FA24116BE328E2191BFFC7F','2016-01-04 14:34:57',NULL,NULL,NULL,0.00,NULL,NULL,NULL,2,0,NULL,0,NULL,NULL,NULL,0,0,0.00,NULL),(137,'dumh@bluemobi.cn','e10adc3949ba59abbe56e057f20f883e',NULL,NULL,NULL,NULL,NULL,NULL,NULL,NULL,NULL,NULL,NULL,NULL,NULL,NULL,NULL,NULL,NULL,NULL,0,'DFA38B7DA77E48049E32723D4B392A61','2016-01-06 14:34:22',NULL,NULL,NULL,0.00,NULL,NULL,2,2,0,NULL,1,NULL,NULL,'2016-01-06 15:35:31',1,0,0.00,'ImSY5IvQZ7k3bdB5Nmss+/nOPJ4OJAYNfM464oThqgxM1f1dwTGz2s2ZkISs07qQt7wzWfeh5/JLBObA+76puA=='),(138,'18842457876','e10adc3949ba59abbe56e057f20f883e','qwertyuiopqwertyuiop',1,NULL,NULL,NULL,NULL,NULL,NULL,NULL,NULL,NULL,NULL,NULL,NULL,NULL,NULL,NULL,NULL,0,'74D66BD17B3D4E61839E60A93179BDB4','2016-01-07 09:18:39',NULL,NULL,NULL,300.00,'1998-01-07',NULL,1,3,0,'/upload/images/2016/1/7/3790B97134C544EF81220FDC20C5EABB-min.jpg',0,NULL,NULL,'2016-01-07 11:30:31',0,0,0.00,'dyvAwIWkOUdbvj7sqLWpvZk+19tlomIloO6UeOLvBxCwtx/c5T2ur0ZwTzDCBvMrqse6/66XW8yEp18p6fwh9w=='),(139,'13524629349','e10adc3949ba59abbe56e057f20f883e','世界',NULL,NULL,NULL,NULL,NULL,NULL,NULL,NULL,NULL,NULL,NULL,NULL,NULL,NULL,NULL,NULL,NULL,0,'9ABD327E19D54E63820C96056CD30FA6','2016-01-12 10:52:50',NULL,NULL,NULL,0.00,'1980-01-30',NULL,2,3,0,'/upload/images/2016/1/19/B2B5497E13AB4DE6B40D5F1E4B98984D-min.jpg',0,NULL,NULL,'2016-01-19 14:13:58',0,0,0.00,'h23X+9YMnl1uiZ7EEZmqtZk+19tlomIloO6UeOLvBxCwtx/c5T2ur30VrENrjU6xRMGbryjNAHNDgpBejcKA3w=='),(141,'easiertranslation@outlook.com','e10adc3949ba59abbe56e057f20f883e','etrans',1,1,'纽约大学','3181151900',374,1,2,7,8,'/upload/images/2016/1/13/C216B0883BEB4215AA156E5B174CDDEF.jpg','/upload/images/2016/1/13/C216B0883BEB4215AA156E5B174CDDEF-min.jpg','/upload/images/2016/1/13/CF5E9324715A4DB6BA75BD9DF48B240B.jpg','/upload/images/2016/1/13/CF5E9324715A4DB6BA75BD9DF48B240B-min.jpg','/upload/images/2016/1/13/A2A47AC10B894E9287A5C9BB5FB2493F.jpg','/upload/images/2016/1/13/A2A47AC10B894E9287A5C9BB5FB2493F-min.jpg','/upload/images/2016/1/13/2E4E655D5A58471DBB67C881D861B090.jpg','/upload/images/2016/1/13/2E4E655D5A58471DBB67C881D861B090-min.jpg',0,'B081D1BE0FF4466997F6BA014D160778','2016-01-13 15:21:59',NULL,NULL,1,100000000.00,NULL,NULL,2,2,0,'/upload/images/2016/1/19/8225973ED9BC4C54BC642F66A8154DEC-min.jpg',3,'乐意为大家服务',NULL,'2016-01-19 10:03:36',1,0,0.00,'X8aqRSEGcb+rfaj83XJcY/bbsiT4fyT74fnCUIs9TO79ZilsByOY5ZnXqbQVMjxSqcMTVaZpulI='),(142,'13816650011','e10adc3949ba59abbe56e057f20f883e',NULL,NULL,NULL,NULL,NULL,NULL,NULL,NULL,NULL,NULL,NULL,NULL,NULL,NULL,NULL,NULL,NULL,NULL,0,'83D42DD500B748C4A9AE88430B9194CB','2016-01-14 11:09:39',NULL,NULL,NULL,0.00,NULL,NULL,2,3,0,NULL,0,NULL,NULL,'2016-01-14 11:12:03',0,0,0.00,'EAxm6EtQ1JWzAfMjIuevlJk+19tlomIloO6UeOLvBxCwtx/c5T2ur1ikNbEwT3pC2Jzcp2jZS5+TWL6FTIzJSQ=='),(145,'jason-han@outlook.com','e10adc3949ba59abbe56e057f20f883e','秦晴',2,2,'哥伦比亚大学','g31309404',395,1,2,7,8,'/upload/images/2016/1/14/220AD3FFEE7543408E4BEB7DB5C7EE3C.jpg','/upload/images/2016/1/14/220AD3FFEE7543408E4BEB7DB5C7EE3C-min.jpg','/upload/images/2016/1/14/DE707774E8B541D4AFE3642730644C49.jpg','/upload/images/2016/1/14/DE707774E8B541D4AFE3642730644C49-min.jpg','/upload/images/2016/1/14/92E22F2482F14573921CA6184E2EC350.jpg','/upload/images/2016/1/14/92E22F2482F14573921CA6184E2EC350-min.jpg','/upload/images/2016/1/14/6B7962F0B0A94927A0D00547D8B624F3.jpg','/upload/images/2016/1/14/6B7962F0B0A94927A0D00547D8B624F3-min.jpg',0,'84212AA76D4E429DB8D26C4CBCFDC7E7','2016-01-14 15:05:54',NULL,NULL,2,0.00,NULL,NULL,2,2,0,'/upload/images/2016/1/14/0FF0E6DD185F41078AE36D57DD7A6FE9-min.jpg',3,'开心每一天！',NULL,'2016-01-19 10:08:45',1,0,0.00,'PPeoyi3CqKXEJvlyz17op5k+19tlomIloO6UeOLvBxCwtx/c5T2ur9MCOkt4S7kjSAJ+tnJrTZrceZhLM3ArGw=='),(148,'hsj130@sohu.com','e10adc3949ba59abbe56e057f20f883e',NULL,NULL,NULL,NULL,NULL,NULL,NULL,NULL,NULL,NULL,NULL,NULL,NULL,NULL,NULL,NULL,NULL,NULL,0,'0C1434D6E72A4A49927227400CEAE73B','2016-01-15 09:18:14',NULL,NULL,NULL,0.00,NULL,NULL,NULL,2,0,NULL,0,NULL,NULL,NULL,0,0,0.00,NULL),(149,'23234599@qq.com','e10adc3949ba59abbe56e057f20f883e','世界',1,1,'斯坦福大学','g123456789',395,1,2,7,8,'/upload/images/2016/1/15/DD408E9FC9D94F829B38B8F554E94320.jpg','/upload/images/2016/1/15/DD408E9FC9D94F829B38B8F554E94320-min.jpg','/upload/images/2016/1/15/EE19C969EC3A4803A48F8D68A027FF35.jpg','/upload/images/2016/1/15/EE19C969EC3A4803A48F8D68A027FF35-min.jpg','/upload/images/2016/1/15/17F83649BA1B472CB4AFECB3773D0685.jpg','/upload/images/2016/1/15/17F83649BA1B472CB4AFECB3773D0685-min.jpg','/upload/images/2016/1/15/091E7007CB7B4A819D61471327CAC384.jpg','/upload/images/2016/1/15/091E7007CB7B4A819D61471327CAC384-min.jpg',0,'414F96DC8FB54DECB87124C04C503CFA','2016-01-15 09:22:09',NULL,NULL,1,0.00,NULL,NULL,2,2,0,'/upload/images/2016/1/19/E0D42D06A2A34367A84515E672F5603D-min.jpg',3,'早睡早起身体好。',NULL,'2016-01-19 00:53:20',1,0,0.00,'sxGCKPueTFvZKEM6wYX3+/nOPJ4OJAYNfM464oThqgxM1f1dwTGz2rljdDl3G/g8DTetYzRvQz5LBObA+76puA=='),(150,'15612345678','e10adc3949ba59abbe56e057f20f883e',NULL,NULL,NULL,NULL,NULL,NULL,NULL,NULL,NULL,NULL,NULL,NULL,NULL,NULL,NULL,NULL,NULL,NULL,0,'E4498033F9304B09B9DA914D4828A8DA','2016-01-15 14:12:34',NULL,NULL,NULL,0.00,NULL,NULL,NULL,3,0,NULL,0,NULL,NULL,NULL,0,0,0.00,NULL),(151,'15632156547','c56d39addca4fe7561121fa35ef8a823',NULL,NULL,NULL,NULL,NULL,NULL,NULL,NULL,NULL,NULL,NULL,NULL,NULL,NULL,NULL,NULL,NULL,NULL,0,'1E0014083A90414DB7A2412B511B88AA','2016-01-15 14:13:21',NULL,NULL,NULL,0.00,NULL,NULL,NULL,3,0,NULL,0,NULL,NULL,NULL,0,0,0.00,NULL),(152,'weishunbosw123@163.com','2cc8339428e54ae9072ae1a5b6cf9e23','韦顺波',1,1,'上海','123456789',395,1,0,7,8,'null','null','null','null','null','null','null','null',0,'9DBC683EAD944BC2B7A3743392752577','2016-01-15 14:24:42',NULL,NULL,1,0.00,NULL,NULL,2,2,0,NULL,3,'@',NULL,'2016-01-19 11:43:13',1,0,0.00,'YZZzdV7BHt5Zwcu8t/ERTZk+19tlomIloO6UeOLvBxCwtx/c5T2ur5EEIzX+76qnEmQFCxm4FDCTWL6FTIzJSQ=='),(153,'18840822032','2cc8339428e54ae9072ae1a5b6cf9e23','Bob',NULL,NULL,NULL,NULL,NULL,NULL,NULL,NULL,NULL,NULL,NULL,NULL,NULL,NULL,NULL,NULL,NULL,0,'D5D39552E8DB48149465A946957AFF94','2016-01-15 15:51:03',NULL,NULL,NULL,0.00,'2016-01-15',NULL,2,3,0,NULL,0,NULL,NULL,'2016-01-19 11:00:22',0,0,0.00,'oIQQYOrYU9fEeAtUUufwuis/9QubkIymiMsy0eaBU79mNBQaz7xqjPTZ5bbBt18Xa9kPVFr00LU='),(154,'3334@163.com','e10adc3949ba59abbe56e057f20f883e',NULL,NULL,NULL,NULL,NULL,NULL,NULL,NULL,NULL,NULL,NULL,NULL,NULL,NULL,NULL,NULL,NULL,NULL,0,'B93C691436FD4477B78A617296F23EAD','2016-01-19 09:14:20',NULL,NULL,NULL,0.00,NULL,NULL,NULL,2,0,NULL,0,NULL,NULL,NULL,0,0,0.00,NULL),(155,'78949959@qq.com','e10adc3949ba59abbe56e057f20f883e',NULL,NULL,NULL,NULL,NULL,NULL,NULL,NULL,NULL,NULL,NULL,NULL,NULL,NULL,NULL,NULL,NULL,NULL,0,'E8685A70E8E1420E8771847B01649AFD','2016-01-19 09:23:42',NULL,NULL,NULL,0.00,NULL,NULL,NULL,2,0,NULL,0,NULL,NULL,NULL,0,0,0.00,NULL),(156,'1111sss@qq.com','4297f44b13955235245b2497399d7a93',NULL,NULL,NULL,NULL,NULL,NULL,NULL,NULL,NULL,NULL,NULL,NULL,NULL,NULL,NULL,NULL,NULL,NULL,0,'1924117AF07540B6AA2DB5D452A3551A','2016-01-19 10:49:38',NULL,NULL,NULL,0.00,NULL,NULL,NULL,2,0,NULL,0,NULL,NULL,NULL,0,0,0.00,NULL),(157,'liub01@bluemobi.cn','e10adc3949ba59abbe56e057f20f883e','刘饼干',2,1,'好像回到家大家','210122199206240928',395,1,1,3,4,'/upload/images/2016/1/19/916BDC74A5174FF1A23466DE8BCFE30C.jpg','/upload/images/2016/1/19/916BDC74A5174FF1A23466DE8BCFE30C-min.jpg','/upload/images/2016/1/19/22CBF8A6891B41D19B0FED66C9FD47EB.jpg','/upload/images/2016/1/19/22CBF8A6891B41D19B0FED66C9FD47EB-min.jpg','/upload/images/2016/1/19/B7EA229E0F654D5C9530803434DE1A25.jpg','/upload/images/2016/1/19/B7EA229E0F654D5C9530803434DE1A25-min.jpg','/upload/images/2016/1/19/11BCB7E3A8014E79B3943F4C1A192E0A.jpg','/upload/images/2016/1/19/11BCB7E3A8014E79B3943F4C1A192E0A-min.jpg',0,'FE0E878D95BC4CD7B943FC6736B17BA3','2016-01-19 14:02:56',NULL,NULL,3,60.00,NULL,NULL,2,2,0,'/upload/images/2016/1/19/7B62E02EEB34418F9D191D97B31E7C8C-min.jpg',3,'好吃解放军经典解放军经典经典解放军家绝对经典家见不到你能对你保持你的吧不吃不发怒你的你',NULL,'2016-01-19 14:17:29',1,0,0.00,'1UuRRLLE00+2jdP283+8L/nOPJ4OJAYNfM464oThqgwh7eLRe/7MPuT5c+7ZPoUnf/f4kGE4oHJLBObA+76puA==');

#
# Structure for table "t_user_audit"
#

DROP TABLE IF EXISTS `t_user_audit`;
CREATE TABLE `t_user_audit` (
  `auditid` int(11) NOT NULL AUTO_INCREMENT COMMENT '编码',
  `userid` int(11) DEFAULT NULL COMMENT '翻译编码',
  `account` varchar(100) DEFAULT NULL COMMENT '登录账号',
  `name` varchar(50) DEFAULT NULL COMMENT '用户姓名',
  `sex` varchar(2) DEFAULT NULL COMMENT '性别 1男2女',
  `education` varchar(2) DEFAULT NULL COMMENT '学历 1本科，2硕士，3博士',
  `school` varchar(500) DEFAULT NULL COMMENT '毕业学校',
  `idcardno` varchar(20) DEFAULT NULL COMMENT '身份证号',
  `specialtyid` int(11) DEFAULT NULL COMMENT '专业编码',
  `languageid` int(11) DEFAULT NULL COMMENT '语种编码',
  `countryid` int(11) DEFAULT NULL COMMENT '服务国家编码',
  `provinceid` int(11) DEFAULT NULL COMMENT '服务省编码',
  `cityid` int(11) DEFAULT NULL COMMENT '服务城市编码',
  `passporturl` varchar(100) DEFAULT NULL COMMENT '护照照片url',
  `passporturlmin` varchar(100) DEFAULT NULL COMMENT '护照照片压缩url',
  `visaurl` varchar(100) DEFAULT NULL COMMENT '签证照片url',
  `visaurlmin` varchar(100) DEFAULT NULL COMMENT '签证照片压缩url',
  `studentupurl` varchar(100) DEFAULT NULL COMMENT '学生证正面照片url',
  `studentupurlmin` varchar(100) DEFAULT NULL COMMENT '学生证正面照片压缩url',
  `studentdownurl` varchar(100) DEFAULT NULL COMMENT '学生证反面url',
  `studentdownurlmin` varchar(100) DEFAULT NULL COMMENT '学生证反面照片压缩url',
  `auditstate` int(2) DEFAULT '0' COMMENT '翻译人员审核状态 0未填资料，1审核中，2审核不通过，3审核通过，4申请更新资料，5更新资料审核不通过',
  `level` int(2) DEFAULT NULL COMMENT '等级 1初级2中级3高级',
  `createtime` datetime DEFAULT NULL COMMENT '创建时间',
  `remark` varchar(500) DEFAULT NULL COMMENT '个人简介',
  `applytime` datetime DEFAULT NULL COMMENT '申请时间',
  PRIMARY KEY (`auditid`)
) ENGINE=InnoDB AUTO_INCREMENT=14 DEFAULT CHARSET=utf8 COMMENT='翻译申请表';

#
# Data for table "t_user_audit"
#

INSERT INTO `t_user_audit` VALUES (1,141,'easiertranslation@outlook.com','etrans','1','1','纽约大学','3181151900',374,1,2,7,8,'/upload/images/2016/1/13/C216B0883BEB4215AA156E5B174CDDEF.jpg','/upload/images/2016/1/13/C216B0883BEB4215AA156E5B174CDDEF-min.jpg','/upload/images/2016/1/13/CF5E9324715A4DB6BA75BD9DF48B240B.jpg','/upload/images/2016/1/13/CF5E9324715A4DB6BA75BD9DF48B240B-min.jpg','/upload/images/2016/1/13/A2A47AC10B894E9287A5C9BB5FB2493F.jpg','/upload/images/2016/1/13/A2A47AC10B894E9287A5C9BB5FB2493F-min.jpg','/upload/images/2016/1/13/2E4E655D5A58471DBB67C881D861B090.jpg','/upload/images/2016/1/13/2E4E655D5A58471DBB67C881D861B090-min.jpg',3,1,'2016-01-13 15:21:59','乐意为大家服务','2016-01-13 15:28:30'),(4,145,'jason-han@outlook.com','秦晴','2','2','哥伦比亚大学','g31309404',395,1,2,7,8,'/upload/images/2016/1/14/220AD3FFEE7543408E4BEB7DB5C7EE3C.jpg','/upload/images/2016/1/14/220AD3FFEE7543408E4BEB7DB5C7EE3C-min.jpg','/upload/images/2016/1/14/DE707774E8B541D4AFE3642730644C49.jpg','/upload/images/2016/1/14/DE707774E8B541D4AFE3642730644C49-min.jpg','/upload/images/2016/1/14/92E22F2482F14573921CA6184E2EC350.jpg','/upload/images/2016/1/14/92E22F2482F14573921CA6184E2EC350-min.jpg','/upload/images/2016/1/14/6B7962F0B0A94927A0D00547D8B624F3.jpg','/upload/images/2016/1/14/6B7962F0B0A94927A0D00547D8B624F3-min.jpg',3,2,'2016-01-14 15:05:54','开心每一天！','2016-01-14 18:00:56'),(5,146,'hsj130@sohu.com',NULL,NULL,NULL,NULL,NULL,NULL,NULL,NULL,NULL,NULL,NULL,NULL,NULL,NULL,NULL,NULL,NULL,NULL,2,NULL,'2016-01-14 23:30:40',NULL,NULL),(6,147,'23234599@qq.com',NULL,NULL,NULL,NULL,NULL,NULL,NULL,NULL,NULL,NULL,NULL,NULL,NULL,NULL,NULL,NULL,NULL,NULL,0,NULL,'2016-01-14 23:38:24',NULL,NULL),(7,148,'hsj130@sohu.com',NULL,NULL,NULL,NULL,NULL,NULL,NULL,NULL,NULL,NULL,NULL,NULL,NULL,NULL,NULL,NULL,NULL,NULL,0,NULL,'2016-01-15 09:18:14',NULL,NULL),(8,149,'23234599@qq.com','世界','1','1','斯坦福大学','g123456789',395,1,2,7,8,'/upload/images/2016/1/15/DD408E9FC9D94F829B38B8F554E94320.jpg','/upload/images/2016/1/15/DD408E9FC9D94F829B38B8F554E94320-min.jpg','/upload/images/2016/1/15/EE19C969EC3A4803A48F8D68A027FF35.jpg','/upload/images/2016/1/15/EE19C969EC3A4803A48F8D68A027FF35-min.jpg','/upload/images/2016/1/15/17F83649BA1B472CB4AFECB3773D0685.jpg','/upload/images/2016/1/15/17F83649BA1B472CB4AFECB3773D0685-min.jpg','/upload/images/2016/1/15/091E7007CB7B4A819D61471327CAC384.jpg','/upload/images/2016/1/15/091E7007CB7B4A819D61471327CAC384-min.jpg',3,1,'2016-01-15 09:22:09','早睡早起身体好。','2016-01-15 09:25:20'),(9,152,'weishunbosw123@163.com','韦顺波','1','1','上海','123456789',395,1,0,7,8,'null','null','null','null','null','null','null','null',3,1,'2016-01-15 14:24:42','@','2016-01-15 14:29:09'),(10,154,'3334@163.com',NULL,NULL,NULL,NULL,NULL,NULL,NULL,NULL,NULL,NULL,NULL,NULL,NULL,NULL,NULL,NULL,NULL,NULL,0,NULL,'2016-01-19 09:14:20',NULL,NULL),(11,155,'78949959@qq.com',NULL,NULL,NULL,NULL,NULL,NULL,NULL,NULL,NULL,NULL,NULL,NULL,NULL,NULL,NULL,NULL,NULL,NULL,0,NULL,'2016-01-19 09:23:42',NULL,NULL),(12,156,'1111sss@qq.com',NULL,NULL,NULL,NULL,NULL,NULL,NULL,NULL,NULL,NULL,NULL,NULL,NULL,NULL,NULL,NULL,NULL,NULL,0,NULL,'2016-01-19 10:49:38',NULL,NULL),(13,157,'liub01@bluemobi.cn','刘饼干','2','1','好像回到家大家','210122199206240928',395,1,1,3,4,'/upload/images/2016/1/19/916BDC74A5174FF1A23466DE8BCFE30C.jpg','/upload/images/2016/1/19/916BDC74A5174FF1A23466DE8BCFE30C-min.jpg','/upload/images/2016/1/19/22CBF8A6891B41D19B0FED66C9FD47EB.jpg','/upload/images/2016/1/19/22CBF8A6891B41D19B0FED66C9FD47EB-min.jpg','/upload/images/2016/1/19/B7EA229E0F654D5C9530803434DE1A25.jpg','/upload/images/2016/1/19/B7EA229E0F654D5C9530803434DE1A25-min.jpg','/upload/images/2016/1/19/11BCB7E3A8014E79B3943F4C1A192E0A.jpg','/upload/images/2016/1/19/11BCB7E3A8014E79B3943F4C1A192E0A-min.jpg',3,3,'2016-01-19 14:02:56','好吃解放军经典解放军经典经典解放军家绝对经典家见不到你能对你保持你的吧不吃不发怒你的你','2016-01-19 14:04:45');

#
# Structure for table "t_word"
#

DROP TABLE IF EXISTS `t_word`;
CREATE TABLE `t_word` (
  `wordid` int(11) NOT NULL AUTO_INCREMENT COMMENT '主键',
  `title` varchar(100) DEFAULT NULL COMMENT '标题',
  `content` varchar(500) DEFAULT NULL COMMENT '内容',
  `type` int(2) DEFAULT NULL COMMENT '1关于我们2使用帮助3服务条款4计费规则5服务法律及违约责任约定6法律声明及隐私政策7注册协议',
  `createtime` datetime DEFAULT NULL COMMENT '操作时间',
  PRIMARY KEY (`wordid`)
) ENGINE=InnoDB AUTO_INCREMENT=8 DEFAULT CHARSET=utf8 COMMENT='文字管理';

#
# Data for table "t_word"
#

INSERT INTO `t_word` VALUES (1,'\r\n\r\n关于我们','mvsMulti-Video System(MVS)是snk公司于1990年推出的街机用基板，其上推出过拳皇，侍魂，月华剑士，合金弹头，饿狼传说等一系列优秀作品，最后一款发布于其上的作品为2004年的侍魂零特别版。 它使用两颗14 Mhz的Motorola 68000CPU，可达320x224的分辨率(最大发色数65,536色，同屏显示4096色),声音处理芯片为Z80A，有8声道的FM合成音源和7声道的数字立体声音源(PSG&PCM)，系统RAM为7MB(56Mbits).卡带最大容量42MB(330Mbits)。\nmvs\nmvs\n值得一提的是与此款街机基板为neogeo家用机Advanced Entertainment System(aes)的互换基板，其上游戏大多被移植到此家用机上。\n',1,'2015-12-23 15:33:24'),(2,'\r\n\r\n使用帮助','使用帮助使用帮助使用帮助使用帮助使用帮助使用帮助使用帮助使用帮助使用帮助使用帮助使用帮助使用帮助使用帮助使用帮助使用帮助使用帮助使用帮助使用帮助使用帮助使用帮助使用帮助使用帮助使用帮助使用帮助使用帮助使用帮助使用帮助使用帮助使用帮助使用帮助使用帮助使用帮助使用帮助使用帮助使用帮助使用帮助使用帮助使用帮助使用帮助使用帮助使用帮助使用帮助使用帮助使用帮助使用帮助使用帮助使用帮助使用帮助使用帮助使用帮助使用帮助使用帮助使用帮助111111111111111111111',2,'2015-12-23 15:33:46'),(3,'\r\n\r\n服务条款','服务条款服务条款服务条款服务条款服务条款服务条款服务条款服务条款服务条款服务条款服务条款服务条款服务条款服务条款服务条款服务条款服务条款服务条款服务条款服务条款服务条款服务条款服务条款服务条款服务条款服务条款服务条款服务条款服务条款服务条款服务条款服务条款服务条款服务条款服务条款服务条款服务条款服务条款服务条款服务条款服务条款服务条款服务条款服务条款服务条款服务条款服务条款服务条款服务条款111111111111111111111111111111111111111111111111111111111111@@####################',3,'2015-12-23 15:33:57'),(4,'计费规则','计费规则计费规则计费规则计费规则计费规则计费规则计费规则计费规则计费规则计费规则计费规则计费规则计费规则计费规则计费规则计费规则计费规则计费规则计费规则计费规则计费规则计费规则计费规则计费规则计费规则计费规则计费规则!@$#^$%&%^#%$',4,'2015-12-23 15:34:08'),(5,'\r\n\r\n服务法律及违约责任约定','\n1111服务法律及违约责任约定\n\n服务法律及违约责任约定\n\n服务法律及违约责任约定\n\n服务法律及违约责任约定\n\n服务法律及违约责任约定\n\n服务法律及违约责任约定\n\n服务法律及违约责任约定\n\n服务法律及违约责任约定\n\n服务法律及违约责任约定\n\n服务法律及违约责任约定\n\n服务法律及违约责任约定\n\n服务法律及违约责任约定\n\n服务法律及违约责任约定\n\n服务法律及违约责任约定\n\n服务法律及违约责任约定\n\n服务法律及违约责任约定\n\n服务法律及违约责任约定\n\n服务法律及违约责任约定\n\n服务法律及违约责任约定\n\n服务法律及违约责任约定\n\n服务法律及违约责任约定\n\n服务法律及违约责任约定\n\n服务法律及违约责任约定\n\n服务法律及违约责任约定\n\n服务法律及违约责任约定\n\n服务法律及违约责任约定\n\n服务法律及违约责任约定\n\n服务法律及违约责任约定\n\n服务法律及违约责任约定\n\n服务法律及违约责任约定\n\n服务法律及违约责任约定\n\n服务法律及违约责任约定\n\n服务法律及违约责任约定',5,'2015-11-30 14:48:19'),(6,'\r\n\r\n法律声明和隐私政策','法律声明和隐私政策法律声明和隐私政策法律声明和隐私政策法律声明和隐私政策法律声明和隐私政策法律声明和隐私政策法律声明和隐私政策法律声明和隐私政策法律声明和隐私政策法律声明和隐私政策法律声明和隐私政策法律声明和隐私政策法律声明和隐私政策法律声明和隐私政策法律声明和隐私政策法律声明和隐私政策法律声明和隐私政策法律声明和隐私政策法律声明和隐私政策法律声明和隐私政策法律声明和隐私政策法律声明和隐私政策法律声明和隐私政策法律声明和隐私政策法律声明和隐私政策法律声明和隐私政策法律声明和隐私政策法律声明和隐私政策法律声明和隐私政策法律声明和隐私政策法律声明和隐私政策法律声明和隐私政策法律声明和隐私政策法律声明和隐私政策法律声明和隐私政策法律声明和隐私政策法律声明和隐私政策法律声明和隐私政策法律声明和隐私政策法律声明和隐私政策法律声明和隐私政策                 !@%#############',6,'2015-12-23 15:34:17'),(7,'\r\n\r\n注册协议','注册协议注册协议注册协议注册协议注册协议注册协议注册协议注册协议注册协议注册协议注册协议注册协议注册协议注册协议注册协议注册协议注册协议注册协议注册协议注册协议注册协议注册协议注册协议注册协议注册协议注册协议注册协议注册协议注册协议注册协议注册协议注册协议注册协议注册协议注册协议注册协议注册协议注册协议注册协议注册协议注册协议注册协议注册协议注册协议注册协议注册协议注册协议注册协议注册协议注册协议注册协议注册协议注册协议注册协议注册协议注册协议注册协议注册协议注册协议注册协议注册协议#!@%$#&^@$%$%$&$7',7,'2015-12-23 15:34:26');
