# Host: 127.0.0.1  (Version: 5.6.5-m8)
# Date: 2016-02-04 15:41:55
# Generator: MySQL-Front 5.3  (Build 4.214)

/*!40101 SET NAMES utf8 */;

#
# Structure for table "t_comment"
#

DROP TABLE IF EXISTS `t_comment`;
CREATE TABLE `t_comment` (
  `commentid` int(11) NOT NULL AUTO_INCREMENT COMMENT '意见反馈编码',
  `userid` int(11) DEFAULT NULL COMMENT '用户编码',
  `content` varchar(500) DEFAULT NULL COMMENT '反馈内容',
  `createtime` datetime DEFAULT NULL COMMENT '创建时间',
  PRIMARY KEY (`commentid`)
) ENGINE=InnoDB AUTO_INCREMENT=8 DEFAULT CHARSET=utf8 COMMENT='意见反馈';

#
# Data for table "t_comment"
#

INSERT INTO `t_comment` VALUES (1,141,'充值0.01元，系统消息充了1.0元。','2016-01-13 15:45:40'),(2,120,'dbhdhdhhdhdhxhhdh12345','2016-01-15 10:42:18'),(3,152,'红红火火恍恍惚惚','2016-01-19 11:43:23'),(4,157,'好多好多好多话巴登巴登不代表不咸不淡记得绝对经典家坚持解放军大家绝对不代表','2016-01-19 14:52:17'),(5,124,'想念继续进行家不到你想暖暖的不想你巴登巴登呢','2016-01-19 14:53:21'),(6,124,'不想你的你发怒的你你才难兄难弟你的你呢不发怒发怒大家记得那些家不放假放假大家大家解放军大家减肥解放军复活复活减肥环境恶化和解放军回到家大家大家记得经常今生今世回到家大家都还记得绝对经典家回到家小亟待解决的教学计划回到家大家绝对经典家好会大喊大叫绝对好多话','2016-01-19 15:25:45'),(7,152,'我这是翻译端','2016-01-20 10:57:35');

#
# Structure for table "t_maketrans"
#

DROP TABLE IF EXISTS `t_maketrans`;
CREATE TABLE `t_maketrans` (
  `maketransid` int(11) NOT NULL AUTO_INCREMENT COMMENT '编码',
  `userid` int(11) DEFAULT NULL COMMENT '用户编码',
  `countryid` int(11) DEFAULT NULL COMMENT '目的地国家编码',
  `provinceid` int(11) DEFAULT NULL COMMENT '目的地省或州编码',
  `cityid` int(11) DEFAULT NULL COMMENT '目的地市编码',
  `begintime` datetime DEFAULT NULL COMMENT '开始时间',
  `endtime` datetime DEFAULT NULL COMMENT '结束时间',
  `hours` int(5) DEFAULT NULL COMMENT '小时数',
  `languageid` int(11) DEFAULT NULL COMMENT '语种编码',
  `level` int(20) DEFAULT NULL COMMENT '等级 1初级2中级3高级',
  `specialtyid` int(11) DEFAULT NULL COMMENT '专业编码',
  `address` varchar(500) DEFAULT NULL COMMENT '起始地址',
  `state` int(2) DEFAULT '0' COMMENT '是否被抢单 0否1是',
  `remark` varchar(500) DEFAULT NULL COMMENT '备注',
  `createtime` datetime DEFAULT NULL COMMENT '创建时间',
  `tranuserid` int(11) DEFAULT NULL COMMENT '翻译人员编码',
  `getbilltime` datetime DEFAULT NULL COMMENT '抢单时间',
  PRIMARY KEY (`maketransid`)
) ENGINE=InnoDB AUTO_INCREMENT=28 DEFAULT CHARSET=utf8 COMMENT='预约表';

#
# Data for table "t_maketrans"
#

INSERT INTO `t_maketrans` VALUES (21,120,1,5,6,'2016-03-31 18:00:00','2016-03-31 22:00:00',4,1,1,395,'Aaaa',1,NULL,'2016-01-26 10:25:20',130,'2016-01-26 10:25:37'),(22,120,1,5,6,'2016-04-30 18:00:00','2016-04-30 22:00:00',4,1,1,395,'Asa',1,NULL,'2016-01-26 10:48:18',130,'2016-01-26 10:48:26'),(23,120,1,5,6,'2016-05-31 18:00:00','2016-05-31 22:00:00',4,1,1,395,'Dodd',1,NULL,'2016-01-26 10:50:13',130,'2016-01-26 10:50:22'),(24,120,1,5,6,'2016-04-29 18:00:00','2016-04-29 22:00:00',4,1,1,395,'As',1,NULL,'2016-01-26 10:52:44',130,'2016-01-26 10:54:20'),(25,120,1,5,6,'2016-03-30 18:00:00','2016-03-30 22:00:00',4,1,1,395,'Dodd',1,NULL,'2016-01-26 10:55:38',130,'2016-01-26 10:58:35'),(27,46,1,5,6,'2016-01-31 18:00:00','2016-01-31 22:00:00',4,1,1,395,'888',1,NULL,'2016-01-26 13:03:36',130,'2016-01-26 13:07:36');

#
# Structure for table "t_maketrans_user"
#

DROP TABLE IF EXISTS `t_maketrans_user`;
CREATE TABLE `t_maketrans_user` (
  `maketransiduserid` int(11) NOT NULL AUTO_INCREMENT COMMENT '主键',
  `maketransid` int(11) DEFAULT NULL COMMENT '预约编码',
  `userid` int(11) DEFAULT NULL COMMENT '翻译编码',
  PRIMARY KEY (`maketransiduserid`)
) ENGINE=InnoDB AUTO_INCREMENT=44 DEFAULT CHARSET=utf8 COMMENT='预约应该翻译表';

#
# Data for table "t_maketrans_user"
#

INSERT INTO `t_maketrans_user` VALUES (36,21,130),(37,22,130),(38,23,130),(39,24,130),(40,25,130),(41,26,152),(42,27,130),(43,28,130);

#
# Structure for table "t_message"
#

DROP TABLE IF EXISTS `t_message`;
CREATE TABLE `t_message` (
  `msgid` int(11) NOT NULL AUTO_INCREMENT COMMENT '消息编码',
  `title` varchar(200) DEFAULT NULL COMMENT '标题',
  `content` varchar(500) DEFAULT NULL COMMENT '消息内容',
  `createtime` datetime DEFAULT NULL COMMENT '创建时间',
  PRIMARY KEY (`msgid`)
) ENGINE=InnoDB AUTO_INCREMENT=159 DEFAULT CHARSET=utf8 COMMENT='消息表';

#
# Data for table "t_message"
#

INSERT INTO `t_message` VALUES (1,'充值提醒','您成功充值：0.01元','2016-01-12 15:48:26'),(2,'充值提醒','您成功充值：0.01元','2016-01-12 15:48:53'),(20,'取消订单','订单号D16011309442318493已经被翻译Vsbdndjfkfkdnfnfmmr取消','2016-01-13 09:50:26'),(21,'扣除翻译会费通知','订单号D16011310116694941,扣除会费6.0','2016-01-13 10:13:12'),(22,'扣除翻译会费通知','订单号D16011313017545265,扣除会费6.0','2016-01-13 13:08:27'),(23,'扣除翻译会费通知','订单号D16011313005208258,扣除会费6.0','2016-01-13 13:16:02'),(24,'扣除翻译会费通知','订单号D16011313252625450,扣除会费6.0','2016-01-13 13:25:54'),(25,'取消订单','订单号D16011313208356557已经被翻译Vsbdndjfkfkdnfnfmmr取消','2016-01-13 13:31:51'),(26,'充值提醒','您成功充值：1.0元','2016-01-13 14:10:06'),(27,'支付提醒','订单D16011314116591652成功支付1.0元','2016-01-13 14:11:57'),(28,'充值提醒','您成功充值：0.01元','2016-01-13 14:13:17'),(29,'支付提醒','订单D16011314147098691成功支付0.01元','2016-01-13 14:14:45'),(30,'充值提醒','您成功充值：1.0元','2016-01-13 14:22:20'),(31,'充值提醒','您成功充值：1.0元','2016-01-13 14:22:37'),(32,'验证消息','META HTTP-EQUIV=\"Content-Type\" CONTENT=\"text/html; charset=euc-kr\">\n之后 还要在菜单---\"编辑\"---\"参数选择\"里把默认语言改一下\n以下详细的介绍\n你的Dreamweaver被设置为了以utf-8编码储存文件，你可以用以下两种方法解决：\n1.彻底的设置Dreamweaver的编码方式为utf-8\n设置方法：编辑－》首选参数－》新建文档－》默认编码，选择GB2312即可。但如果你的网页中存在多国语言，如中文、波斯文、韩文等等就需要设置为UTF-8\n','2016-01-13 15:11:07'),(33,'充值提醒','您成功充值：1.0元','2016-01-13 15:38:11'),(34,'扣除翻译会费通知','订单号D16011315390253464,扣除会费6.0','2016-01-13 15:56:27'),(35,'扣除翻译会费通知','订单号D16011316044402413,扣除会费6.0','2016-01-13 16:06:27'),(36,'扣除翻译会费通知','订单号D16011316044402413,扣除会费6.0','2016-01-13 16:06:29'),(37,'扣除翻译会费通知','订单号D16011316043694082,扣除会费6.0','2016-01-13 16:07:23'),(38,'抢单通知','您的预约单已经被翻译员etrans抢到','2016-01-14 10:25:24'),(39,'取消订单','订单号D16011410263435784已经被翻译etrans取消','2016-01-14 10:37:52'),(40,'充值提醒','您成功充值：0.01元','2016-01-14 15:08:57'),(41,'取消订单','订单号D16011414348477534已经被翻译悦1234567890qwertyuiiin取消','2016-01-14 15:18:19'),(42,'用户取消订单','订单号D16011414348477534已经被用户想念那些没打开取消','2016-01-14 15:18:36'),(43,'取消订单','订单号D16011414348477534已经被翻译悦1234567890qwertyuiiin取消','2016-01-14 15:21:24'),(44,'扣除翻译会费通知','订单号D16011414497556903,扣除会费6.0','2016-01-14 15:26:45'),(45,'扣除翻译会费通知','订单号D16011414497556903,扣除会费6.0','2016-01-14 15:26:53'),(46,'扣除翻译会费通知','订单号D16011414497556903,扣除会费6.0','2016-01-14 15:27:05'),(47,'扣除翻译会费通知','订单号D16011414497556903,扣除会费6.0','2016-01-14 15:27:21'),(48,'取消订单','订单号D16011510474824182已经被翻译悦1234567890qwertyuiiin取消','2016-01-15 10:53:21'),(49,'取消订单','订单号D16011415316126933已经被翻译惠惠取消','2016-01-15 11:02:09'),(50,'扣除翻译会费通知','订单号D16011415316126933,扣除会费6.0','2016-01-15 11:03:01'),(51,'扣除翻译会费通知','订单号D16011511064667255,扣除会费6.0','2016-01-15 11:10:52'),(52,'扣除翻译会费通知','订单号D16011511064667255,扣除会费6.0','2016-01-15 11:11:07'),(53,'扣除翻译会费通知','订单号D16011511064667255,扣除会费6.0','2016-01-15 11:11:40'),(54,'扣除翻译会费通知','订单号D16011511064667255,扣除会费6.0','2016-01-15 11:11:55'),(55,'扣除翻译会费通知','订单号D16011511064667255,扣除会费6.0','2016-01-15 11:12:27'),(56,'支付提醒','订单D16011511186555735成功支付1.0元','2016-01-15 11:21:03'),(57,'扣除翻译会费通知','订单号D16011511064667255,扣除会费6.0','2016-01-15 11:21:38'),(58,'订单通知','订单号D16011511186555735,离订单预约日还有1天时间','2016-01-15 11:30:00'),(59,'用户取消订单','订单号D16011513571455282已经被用户qweriruir取消','2016-01-15 13:58:51'),(60,'支付提醒','订单D16011514034348337成功支付1.0元','2016-01-15 14:04:04'),(61,'用户取消订单','订单号D16011514034348337已经被用户qweriruir取消','2016-01-15 14:04:27'),(62,'取消订单','订单号D16011514034348337已经被翻译悦1234567890qwertyuiiin取消','2016-01-15 14:08:16'),(63,'扣除翻译会费通知','订单号D16011514034348337,扣除会费6.0','2016-01-15 14:10:46'),(64,'扣除翻译会费通知','订单号D16011514034348337,扣除会费6.0','2016-01-15 14:10:54'),(65,'扣除翻译会费通知','订单号D16011822190182935,扣除会费6.0','2016-01-18 22:22:06'),(66,'抢单通知','您的预约单已经被翻译员悦1234567890qwertyuiiin抢到','2016-01-18 22:44:10'),(67,'取消订单','订单号D16011822456191554已经被翻译悦1234567890qwertyuiiin取消','2016-01-18 22:49:05'),(68,'充值提醒','您成功充值：0.01元','2016-01-18 23:28:24'),(69,'抢单通知','您的预约单已经被翻译员etrans抢到','2016-01-19 00:55:52'),(70,'抢单通知','您的预约单已经被翻译员etrans抢到','2016-01-19 02:05:13'),(71,'支付提醒','订单D16011902083834748成功支付1.0元','2016-01-19 03:08:26'),(72,'用户取消订单','订单号D16011902083834748已经被用户世界取消','2016-01-19 03:18:27'),(73,'支付提醒','订单D16011909280712795成功支付0.01元','2016-01-19 09:31:03'),(74,'支付提醒','订单D16011909343676212成功支付1.0元','2016-01-19 09:34:41'),(75,'用户取消订单','订单号D16011909343676212已经被用户qweriruir取消','2016-01-19 09:36:46'),(76,'取消订单','订单号D16011909402471331已经被翻译悦1234567890qwertyuiiin取消','2016-01-19 09:42:44'),(77,'用户取消订单','订单号D16011909504572934已经被用户55555取消','2016-01-19 09:51:39'),(78,'充值提醒','您成功充值：0.01元','2016-01-19 10:13:20'),(79,'扣除翻译会费通知','订单号D16011909402471331,扣除会费6.0','2016-01-19 10:19:53'),(80,'扣除翻译会费通知','订单号D16011909402471331,扣除会费6.0','2016-01-19 10:20:13'),(81,'扣除翻译会费通知','订单号D16011511186555735,扣除会费6.0','2016-01-19 10:57:38'),(82,'扣除翻译会费通知','订单号D16011511186555735,扣除会费6.0','2016-01-19 10:58:48'),(83,'扣除翻译会费通知','订单号D16011511186555735,扣除会费6.0','2016-01-19 11:00:51'),(84,'扣除翻译会费通知','订单号D16011909280712795,扣除会费6.0','2016-01-19 13:30:35'),(85,'扣除翻译会费通知','订单号D16011909280712795,扣除会费6.0','2016-01-19 13:30:42'),(86,'扣除翻译会费通知','订单号D16011909280712795,扣除会费6.0','2016-01-19 13:30:47'),(87,'充值提醒','您成功充值：0.01元','2016-01-19 14:18:51'),(88,'支付提醒','订单D16011914321902553成功支付1.0元','2016-01-19 14:33:22'),(89,'抢单通知','您的预约单已经被翻译员刘饼干抢到','2016-01-19 14:37:22'),(90,'扣除翻译会费通知','订单号D16011914377817120,扣除会费6.0','2016-01-19 14:39:34'),(91,'订单通知','订单号D16011914321902553,离订单预约日还有1天时间','2016-01-19 14:40:00'),(92,'升级消息','号地块vasd 12可代发都符合非酒吧的速度快叫爸爸啪啪啪啪啪啪啪啪啪啪啪【啪啪啪啪啪啪啪啪啪啪啪啪啪啪啪啪啪啪啪啪啪啪啪啪啪啪啪啪啪啪啪啪啪啪啪','2016-01-19 15:30:48'),(93,'扣除翻译会费通知','订单号D16011915418771751,扣除会费6.0','2016-01-19 15:42:20'),(94,'扣除翻译会费通知','订单号D16011915418771751,扣除会费6.0','2016-01-19 15:43:24'),(95,'扣除翻译会费通知','订单号D16011914321902553,扣除会费6.0','2016-01-19 15:48:38'),(96,'扣除翻译会费通知','订单号D16011914321902553,扣除会费6.0','2016-01-19 15:49:11'),(97,'扣除翻译会费通知','订单号D16011916219333119,扣除会费6.0','2016-01-19 16:33:10'),(98,'扣除翻译会费通知','订单号D16011916219333119,扣除会费6.0','2016-01-19 16:33:25'),(99,'扣除翻译会费通知','订单号D16011916219333119,扣除会费6.0','2016-01-19 16:33:29'),(100,'扣除翻译会费通知','订单号D16011916219333119,扣除会费6.0','2016-01-19 16:33:49'),(101,'用户取消订单','订单号D16011916230851715已经被用户hk取消','2016-01-19 16:33:59'),(102,'扣除翻译会费通知','订单号D16011916230851715,扣除会费6.0','2016-01-19 16:40:02'),(103,'扣除翻译会费通知','订单号D16011916230851715,扣除会费6.0','2016-01-19 16:40:04'),(104,'扣除翻译会费通知','订单号D16011916230851715,扣除会费6.0','2016-01-19 16:45:02'),(105,'扣除翻译会费通知','订单号D16011916230851715,扣除会费6.0','2016-01-19 16:48:22'),(106,'扣除翻译会费通知','订单号D16011916230851715,扣除会费6.0','2016-01-19 16:48:25'),(107,'扣除翻译会费通知','订单号D16011916230851715,扣除会费6.0','2016-01-19 16:48:27'),(108,'扣除翻译会费通知','订单号D16011916230851715,扣除会费6.0','2016-01-19 16:50:03'),(109,'扣除翻译会费通知','订单号D16011916230851715,扣除会费6.0','2016-01-19 16:51:57'),(110,'扣除翻译会费通知','订单号D16011916230851715,扣除会费6.0','2016-01-19 16:54:54'),(111,'扣除翻译会费通知','订单号D16011916230851715,扣除会费6.0','2016-01-19 16:57:38'),(112,'扣除翻译会费通知','订单号D16011916230851715,扣除会费6.0','2016-01-19 17:01:16'),(113,'扣除翻译会费通知','订单号D16011916230851715,扣除会费6.0','2016-01-19 17:12:27'),(114,'用户取消订单','订单号D16011916219333119已经被用户hk取消','2016-01-19 17:15:09'),(115,'扣除翻译会费通知','订单号D16011916230851715,扣除会费6.0','2016-01-19 17:18:14'),(116,'扣除翻译会费通知','订单号D16011916230851715,扣除会费6.0','2016-01-19 17:20:39'),(117,'扣除翻译会费通知','订单号D16011916230851715,扣除会费6.0','2016-01-19 17:21:45'),(118,'扣除翻译会费通知','订单号D16011916230851715,扣除会费6.0','2016-01-19 17:25:51'),(119,'扣除翻译会费通知','订单号D16011916230851715,扣除会费6.0','2016-01-20 11:06:16'),(120,'抢单通知','您的预约单已经被翻译员etrans抢到','2016-01-20 15:06:20'),(121,'扣除翻译会费通知','订单号D16011913420797349,扣除会费6.0','2016-01-20 15:06:48'),(122,'抢单通知','您的预约单已经被翻译员etrans抢到','2016-01-20 15:26:11'),(123,'支付提醒','订单D16012016049581822成功支付0.01元','2016-01-20 16:16:47'),(124,'支付提醒','订单D16012111040274554成功支付0.01元','2016-01-21 11:06:57'),(125,'支付提醒','订单D16012111040274554成功支付0.01元','2016-01-21 11:06:58'),(126,'用户取消订单','订单号D16012111040274554已经被用户Bob取消','2016-01-21 12:06:36'),(127,'取消订单','订单号D16012110570141123已经被翻译etrans取消','2016-01-21 12:13:57'),(128,'抢单通知','您的预约单已经被翻译员etrans抢到','2016-01-21 12:21:09'),(129,'抢单通知','您的预约单已经被翻译员etrans抢到','2016-01-21 13:32:07'),(130,'订单通知','订单号D16012016049581822,离订单预约日还有1天时间','2016-01-22 03:00:00'),(131,'订单通知','订单号D16012015573183619,离订单预约日还有1天时间','2016-01-23 03:00:00'),(132,'用户取消订单','订单号D16012513239609178已经被用户qweriruir取消','2016-01-25 13:36:52'),(133,'抢单通知','您的预约单已经被翻译员刘饼干抢到','2016-01-25 13:43:56'),(134,'扣除翻译会费通知','订单号D16012513320921463,扣除会费6.0','2016-01-25 14:05:40'),(135,'抢单通知','您的预约单已经被翻译员刘饼干抢到','2016-01-25 14:20:19'),(136,'抢单通知','您的预约单已经被翻译员刘饼干抢到','2016-01-25 14:51:27'),(137,'取消订单','订单号D16012514533017900已经被翻译刘饼干取消','2016-01-25 14:57:22'),(138,'抢单通知','您的预约单已经被翻译员惠惠抢到','2016-01-25 15:12:06'),(139,'抢单通知','您的预约单已经被翻译员惠惠抢到','2016-01-25 15:13:02'),(140,'扣除翻译会费通知','订单号D16012515025475386,扣除会费6.0','2016-01-25 15:33:36'),(141,'取消订单','订单号D16012515256494638已经被翻译惠惠取消','2016-01-25 15:42:36'),(142,'订单通知','订单号D16011314147098691,离订单预约日还有1天时间','2016-01-26 06:00:00'),(143,'抢单通知','您的预约单已经被翻译员惠惠抢到','2016-01-26 10:25:37'),(144,'取消订单','订单号D16012610294856354已经被翻译悦1234567890qwertyuiiin取消','2016-01-26 10:40:30'),(145,'抢单通知','您的预约单已经被翻译员惠惠抢到','2016-01-26 10:48:26'),(146,'抢单通知','您的预约单已经被翻译员惠惠抢到','2016-01-26 10:50:22'),(147,'抢单通知','您的预约单已经被翻译员惠惠抢到','2016-01-26 10:54:20'),(148,'抢单通知','您的预约单已经被翻译员惠惠抢到','2016-01-26 10:58:35'),(149,'抢单通知','您的预约单已经被翻译员惠惠抢到','2016-01-26 13:07:36'),(150,'抢单通知','您的预约单已经被翻译员惠惠抢到','2016-01-26 16:39:47'),(151,'取消订单','订单号D16011314116591652已经被翻译qwertyuiopqwertyuiop取消','2016-01-27 09:49:10'),(152,'取消订单','订单号D16011314116591652已经被翻译qwertyuiopqwertyuiop取消','2016-01-27 10:33:38'),(153,'取消订单','订单号D16011314116591652已经被翻译qwertyuiopqwertyuiop取消','2016-01-27 10:33:50'),(154,'取消订单','订单号D16011314116591652已经被翻译qwertyuiopqwertyuiop取消','2016-01-27 10:40:15'),(155,'取消订单','订单号D16012610440242288已经被翻译hk取消','2016-01-27 10:45:18'),(156,'取消订单','订单号D16012610440242288已经被翻译hk取消','2016-01-27 10:59:07'),(157,'取消订单','订单号D16012610440242288已经被翻译hk取消','2016-01-27 11:02:20'),(158,'取消订单','订单号D16012610440242288已经被翻译hk取消','2016-01-27 11:02:37');

#
# Structure for table "t_message_user"
#

DROP TABLE IF EXISTS `t_message_user`;
CREATE TABLE `t_message_user` (
  `messageuserid` int(11) NOT NULL AUTO_INCREMENT COMMENT '主键',
  `msgid` int(11) DEFAULT NULL COMMENT '消息编码',
  `userid` int(11) DEFAULT NULL COMMENT '接收人编码',
  `isread` int(2) DEFAULT '0' COMMENT '是否查看 0否1是',
  `senduserid` int(11) DEFAULT NULL COMMENT '发送人编码',
  PRIMARY KEY (`messageuserid`)
) ENGINE=InnoDB AUTO_INCREMENT=2128 DEFAULT CHARSET=utf8 COMMENT='消息与人关系表';

#
# Data for table "t_message_user"
#

INSERT INTO `t_message_user` VALUES (1,1,114,1,0),(2,2,114,1,0),(1771,20,121,1,0),(1772,21,123,1,0),(1773,22,123,1,0),(1774,23,123,1,0),(1775,24,123,1,0),(1776,25,121,1,0),(1777,26,123,1,0),(1778,27,121,1,0),(1779,28,123,1,0),(1780,29,121,1,0),(1781,30,123,1,0),(1782,31,123,1,0),(1783,32,1,0,1),(1784,32,7,0,1),(1785,32,8,0,1),(1786,32,9,0,1),(1787,32,29,1,1),(1788,32,32,0,1),(1789,32,33,0,1),(1790,32,34,0,1),(1791,32,35,0,1),(1792,32,36,0,1),(1793,32,37,0,1),(1794,32,38,0,1),(1795,32,40,0,1),(1796,32,41,0,1),(1797,32,42,0,1),(1798,32,43,0,1),(1799,32,44,0,1),(1800,32,45,0,1),(1801,32,46,1,1),(1802,32,47,0,1),(1803,32,48,0,1),(1804,32,49,0,1),(1805,32,50,0,1),(1806,32,51,0,1),(1807,32,52,0,1),(1808,32,53,0,1),(1809,32,54,0,1),(1810,32,55,0,1),(1811,32,56,0,1),(1812,32,57,0,1),(1813,32,58,0,1),(1814,32,59,0,1),(1815,32,60,0,1),(1816,32,61,0,1),(1817,32,62,0,1),(1818,32,63,0,1),(1819,32,64,0,1),(1820,32,65,0,1),(1821,32,66,0,1),(1822,32,67,0,1),(1823,32,68,0,1),(1824,32,69,0,1),(1825,32,70,0,1),(1826,32,71,0,1),(1827,32,72,0,1),(1828,32,73,0,1),(1829,32,74,0,1),(1830,32,75,0,1),(1831,32,76,0,1),(1832,32,77,0,1),(1833,32,78,0,1),(1834,32,79,0,1),(1835,32,80,0,1),(1836,32,81,0,1),(1837,32,82,0,1),(1838,32,83,0,1),(1839,32,84,0,1),(1840,32,85,0,1),(1841,32,86,0,1),(1842,32,87,0,1),(1843,32,88,0,1),(1844,32,89,0,1),(1845,32,90,0,1),(1846,32,91,0,1),(1847,32,92,0,1),(1848,32,93,0,1),(1849,32,94,0,1),(1850,32,95,0,1),(1851,32,96,0,1),(1852,32,97,0,1),(1853,32,98,0,1),(1854,32,99,0,1),(1855,32,100,0,1),(1856,32,101,0,1),(1857,32,102,0,1),(1858,32,103,0,1),(1859,32,106,0,1),(1860,32,114,1,1),(1861,32,115,0,1),(1862,32,116,0,1),(1863,32,117,0,1),(1864,32,118,0,1),(1865,32,119,0,1),(1866,32,120,1,1),(1867,32,121,1,1),(1868,32,122,0,1),(1869,32,123,1,1),(1870,32,124,1,1),(1871,32,125,0,1),(1872,32,126,0,1),(1873,32,127,0,1),(1874,32,128,1,1),(1875,32,129,0,1),(1876,32,130,1,1),(1877,32,131,0,1),(1878,32,132,0,1),(1879,32,133,0,1),(1880,32,134,0,1),(1881,32,135,0,1),(1882,32,136,0,1),(1883,32,137,0,1),(1884,32,138,0,1),(1885,32,139,1,1),(1886,32,140,0,1),(1887,33,141,1,0),(1888,34,123,1,0),(1889,35,128,1,0),(1890,36,128,1,0),(1891,37,128,1,0),(1892,38,139,1,0),(1893,39,139,1,0),(1894,40,128,0,0),(1895,41,121,1,0),(1896,42,128,0,0),(1897,43,121,1,0),(1898,44,128,0,0),(1899,45,128,0,0),(1900,46,128,0,0),(1901,47,128,0,0),(1902,48,120,1,0),(1903,49,120,1,0),(1904,50,130,1,0),(1905,51,130,1,0),(1906,52,130,1,0),(1907,53,130,1,0),(1908,54,130,1,0),(1909,55,130,1,0),(1910,56,46,1,0),(1911,57,130,1,0),(1912,58,46,1,0),(1913,59,128,0,0),(1914,60,120,1,0),(1915,61,128,0,0),(1916,62,120,1,0),(1917,63,128,0,0),(1918,64,128,1,0),(1919,65,130,1,0),(1920,66,121,0,0),(1921,67,121,0,0),(1922,68,123,1,0),(1923,69,139,1,0),(1924,70,139,1,0),(1925,71,139,1,0),(1926,72,141,1,0),(1927,73,120,1,0),(1928,74,120,1,0),(1929,75,128,1,0),(1930,76,120,1,0),(1931,77,130,1,0),(1932,78,128,1,0),(1933,79,128,1,0),(1934,80,128,1,0),(1935,81,128,1,0),(1936,82,128,1,0),(1937,83,128,1,0),(1938,84,128,1,0),(1939,85,128,1,0),(1940,86,128,1,0),(1941,87,157,1,0),(1942,88,124,1,0),(1943,89,124,1,0),(1944,90,157,1,0),(1945,91,124,1,0),(1946,92,1,0,1),(1947,92,7,0,1),(1948,92,8,0,1),(1949,92,9,0,1),(1950,92,29,0,1),(1951,92,32,0,1),(1952,92,33,0,1),(1953,92,34,0,1),(1954,92,35,0,1),(1955,92,36,0,1),(1956,92,37,0,1),(1957,92,38,0,1),(1958,92,40,0,1),(1959,92,41,0,1),(1960,92,42,0,1),(1961,92,43,0,1),(1962,92,44,0,1),(1963,92,45,0,1),(1964,92,46,0,1),(1965,92,47,0,1),(1966,92,48,0,1),(1967,92,49,0,1),(1968,92,50,0,1),(1969,92,51,0,1),(1970,92,52,0,1),(1971,92,53,0,1),(1972,92,54,0,1),(1973,92,55,0,1),(1974,92,56,0,1),(1975,92,57,0,1),(1976,92,58,0,1),(1977,92,59,0,1),(1978,92,60,0,1),(1979,92,61,0,1),(1980,92,62,0,1),(1981,92,63,0,1),(1982,92,64,0,1),(1983,92,65,0,1),(1984,92,66,0,1),(1985,92,67,0,1),(1986,92,68,0,1),(1987,92,69,0,1),(1988,92,70,0,1),(1989,92,71,0,1),(1990,92,72,0,1),(1991,92,73,0,1),(1992,92,74,0,1),(1993,92,75,0,1),(1994,92,76,0,1),(1995,92,77,0,1),(1996,92,78,0,1),(1997,92,79,0,1),(1998,92,80,0,1),(1999,92,81,0,1),(2000,92,82,0,1),(2001,92,83,0,1),(2002,92,84,0,1),(2003,92,85,0,1),(2004,92,86,0,1),(2005,92,87,0,1),(2006,92,88,0,1),(2007,92,89,0,1),(2008,92,90,0,1),(2009,92,91,0,1),(2010,92,92,0,1),(2011,92,93,0,1),(2012,92,94,0,1),(2013,92,95,0,1),(2014,92,96,0,1),(2015,92,97,0,1),(2016,92,98,0,1),(2017,92,99,0,1),(2018,92,100,0,1),(2019,92,101,0,1),(2020,92,102,0,1),(2021,92,103,0,1),(2022,92,106,0,1),(2023,92,114,1,1),(2024,92,115,0,1),(2025,92,116,0,1),(2026,92,117,0,1),(2027,92,118,0,1),(2028,92,119,0,1),(2029,92,120,1,1),(2030,92,121,0,1),(2031,92,122,0,1),(2032,92,123,0,1),(2033,92,124,1,1),(2034,92,125,0,1),(2035,92,126,0,1),(2036,92,127,0,1),(2037,92,128,1,1),(2038,92,129,0,1),(2039,92,130,1,1),(2040,92,131,0,1),(2041,92,132,0,1),(2042,92,133,0,1),(2043,92,134,0,1),(2044,92,135,0,1),(2045,92,136,0,1),(2046,92,137,0,1),(2047,92,138,0,1),(2048,92,139,1,1),(2049,92,141,1,1),(2050,92,142,0,1),(2051,92,145,0,1),(2052,92,148,0,1),(2053,92,149,0,1),(2054,92,150,0,1),(2055,92,151,0,1),(2056,92,152,1,1),(2057,92,153,1,1),(2058,92,154,0,1),(2059,92,155,0,1),(2060,92,156,0,1),(2061,92,157,1,1),(2062,93,157,1,0),(2063,94,157,1,0),(2064,95,157,1,0),(2065,96,157,1,0),(2066,97,157,0,0),(2067,98,157,1,0),(2068,99,157,0,0),(2069,100,157,0,0),(2070,101,157,0,0),(2071,102,157,1,0),(2072,103,157,0,0),(2073,104,157,1,0),(2074,105,157,1,0),(2075,106,157,1,0),(2076,107,157,1,0),(2077,108,157,1,0),(2078,109,157,1,0),(2079,110,157,1,0),(2080,111,157,1,0),(2081,112,157,1,0),(2082,113,157,1,0),(2083,114,157,1,0),(2084,115,157,1,0),(2085,116,157,1,0),(2086,117,157,1,0),(2087,118,157,1,0),(2088,119,157,1,0),(2089,120,139,1,0),(2090,121,141,1,0),(2091,122,139,1,0),(2092,123,139,1,0),(2093,124,153,1,0),(2094,125,153,1,0),(2095,126,141,1,0),(2096,127,153,1,0),(2097,128,153,1,0),(2098,129,153,1,0),(2099,130,139,0,0),(2100,131,139,0,0),(2101,132,157,1,0),(2102,133,120,1,0),(2103,134,157,1,0),(2104,135,124,1,0),(2105,136,124,1,0),(2106,137,124,1,0),(2107,138,120,1,0),(2108,139,120,1,0),(2109,140,157,1,0),(2110,141,120,1,0),(2111,142,121,0,0),(2112,143,120,0,0),(2113,144,124,1,0),(2114,145,120,0,0),(2115,146,120,0,0),(2116,147,120,0,0),(2117,148,120,0,0),(2118,149,46,0,0),(2119,150,46,0,0),(2120,151,121,0,0),(2121,152,121,0,0),(2122,153,121,0,0),(2123,154,121,0,0),(2124,155,124,0,0),(2125,156,124,0,0),(2126,157,124,0,0),(2127,158,124,0,0);

#
# Structure for table "t_notify"
#

DROP TABLE IF EXISTS `t_notify`;
CREATE TABLE `t_notify` (
  `notifyid` int(11) NOT NULL AUTO_INCREMENT COMMENT '主键编码',
  `orderid` varchar(40) DEFAULT NULL COMMENT '订单编码',
  `totalfee` float(9,2) DEFAULT '0.00' COMMENT '金额',
  `state` int(11) DEFAULT '0' COMMENT '支付状态 0失败1成功',
  `des` varchar(200) DEFAULT NULL COMMENT '描述',
  `type` int(2) DEFAULT NULL COMMENT '类型 2翻译3用户',
  `transactionid` varchar(64) DEFAULT NULL COMMENT '微信或支付宝订单号',
  `paytype` int(2) DEFAULT NULL COMMENT '支付方式 1支付宝2微信',
  `buyerid` varchar(30) DEFAULT NULL COMMENT '买家支付宝账号对应的支付宝唯一用户号。以2088开头的纯16位数字',
  `buyeremail` varchar(100) DEFAULT NULL COMMENT '买家支付宝账号，可以是Email或手机号码',
  `createtime` datetime DEFAULT NULL COMMENT '创建时间',
  PRIMARY KEY (`notifyid`)
) ENGINE=InnoDB AUTO_INCREMENT=151 DEFAULT CHARSET=utf8 COMMENT='回调信息';

#
# Data for table "t_notify"
#

INSERT INTO `t_notify` VALUES (1,'D16011215237278030',0.01,0,NULL,3,'2016011221001004620004526642',1,'2088502027130626','haoxueforever@163.com','2016-01-12 15:28:43'),(2,'D16011212370912480',1.00,0,NULL,3,'1009560249201601122654210166',2,NULL,NULL,'2016-01-12 15:35:24'),(3,'D16011212370912480',1.00,0,'签名失败或参数格式校验错误',3,'1009560249201601122654210166',2,NULL,NULL,'2016-01-12 15:35:24'),(4,'D16011215237278030',0.01,0,NULL,3,'2016011221001004620004526642',1,'2088502027130626','haoxueforever@163.com','2016-01-12 15:38:33'),(5,'D16011215237278030',0.01,0,NULL,3,'2016011221001004620004526642',1,'2088502027130626','haoxueforever@163.com','2016-01-12 15:48:01'),(6,'5049C01989A74D878ED184AC692972ED',0.01,1,'处理成功',2,'2016011221001004620090549133',1,'2088502027130626','haoxueforever@163.com','2016-01-12 15:48:26'),(7,'5049C01989A74D878ED184AC692972ED',0.01,0,NULL,2,'2016011221001004620090549133',1,'2088502027130626','haoxueforever@163.com','2016-01-12 15:48:28'),(8,'142E207AA45A40C29558DA3B287E097E',0.01,1,'处理成功',2,'2016011221001004620090117954',1,'2088502027130626','haoxueforever@163.com','2016-01-12 15:48:52'),(9,'142E207AA45A40C29558DA3B287E097E',0.01,0,NULL,2,'2016011221001004620090117954',1,'2088502027130626','haoxueforever@163.com','2016-01-12 15:48:54'),(10,'5049C01989A74D878ED184AC692972ED',0.01,0,NULL,2,'2016011221001004620090549133',1,'2088502027130626','haoxueforever@163.com','2016-01-12 15:52:09'),(11,'142E207AA45A40C29558DA3B287E097E',0.01,0,NULL,2,'2016011221001004620090117954',1,'2088502027130626','haoxueforever@163.com','2016-01-12 15:52:35'),(12,'142E207AA45A40C29558DA3B287E097E',0.01,0,NULL,2,'2016011221001004620090117954',1,'2088502027130626','haoxueforever@163.com','2016-01-12 16:02:16'),(13,'5049C01989A74D878ED184AC692972ED',0.01,0,NULL,2,'2016011221001004620090549133',1,'2088502027130626','haoxueforever@163.com','2016-01-12 16:02:43'),(14,'D16011212370912480',1.00,0,NULL,3,'1009560249201601122654210166',2,NULL,NULL,'2016-01-12 16:05:25'),(15,'D16011212370912480',1.00,0,'签名失败或参数格式校验错误',3,'1009560249201601122654210166',2,NULL,NULL,'2016-01-12 16:05:25'),(16,'5049C01989A74D878ED184AC692972ED',0.01,0,NULL,2,'2016011221001004620090549133',1,'2088502027130626','haoxueforever@163.com','2016-01-12 16:12:03'),(17,'142E207AA45A40C29558DA3B287E097E',0.01,0,NULL,2,'2016011221001004620090117954',1,'2088502027130626','haoxueforever@163.com','2016-01-12 16:12:16'),(18,'A21F75FD12534A86ABF6243A369B065F',1.00,0,NULL,2,'1002690124201601122658818892',2,NULL,NULL,'2016-01-12 16:46:43'),(19,'A21F75FD12534A86ABF6243A369B065F',1.00,0,NULL,2,'1002690124201601122658818892',2,NULL,NULL,'2016-01-12 16:46:57'),(20,'14F4CE9D071E4B4998D667441D41BBA2',1.00,0,NULL,2,'1002690124201601122658823123',2,NULL,NULL,'2016-01-12 16:47:03'),(21,'14F4CE9D071E4B4998D667441D41BBA2',1.00,0,NULL,2,'1002690124201601122658823123',2,NULL,NULL,'2016-01-12 16:47:15'),(22,'A21F75FD12534A86ABF6243A369B065F',1.00,0,NULL,2,'1002690124201601122658818892',2,NULL,NULL,'2016-01-12 16:47:15'),(23,'14F4CE9D071E4B4998D667441D41BBA2',1.00,0,NULL,2,'1002690124201601122658823123',2,NULL,NULL,'2016-01-12 16:47:32'),(24,'A21F75FD12534A86ABF6243A369B065F',1.00,0,NULL,2,'1002690124201601122658818892',2,NULL,NULL,'2016-01-12 16:47:47'),(25,'14F4CE9D071E4B4998D667441D41BBA2',1.00,0,NULL,2,'1002690124201601122658823123',2,NULL,NULL,'2016-01-12 16:48:04'),(26,'D16011215237278030',0.01,0,NULL,3,'2016011221001004620004526642',1,'2088502027130626','haoxueforever@163.com','2016-01-12 16:48:13'),(27,'A21F75FD12534A86ABF6243A369B065F',1.00,0,NULL,2,'1002690124201601122658818892',2,NULL,NULL,'2016-01-12 16:50:49'),(28,'14F4CE9D071E4B4998D667441D41BBA2',1.00,0,NULL,2,'1002690124201601122658823123',2,NULL,NULL,'2016-01-12 16:51:07'),(29,'5049C01989A74D878ED184AC692972ED',0.01,0,NULL,2,'2016011221001004620090549133',1,'2088502027130626','haoxueforever@163.com','2016-01-12 17:12:03'),(30,'142E207AA45A40C29558DA3B287E097E',0.01,0,NULL,2,'2016011221001004620090117954',1,'2088502027130626','haoxueforever@163.com','2016-01-12 17:12:16'),(31,'A21F75FD12534A86ABF6243A369B065F',1.00,0,NULL,2,'1002690124201601122658818892',2,NULL,NULL,'2016-01-12 17:20:50'),(32,'14F4CE9D071E4B4998D667441D41BBA2',1.00,0,NULL,2,'1002690124201601122658823123',2,NULL,NULL,'2016-01-12 17:21:10'),(33,'D16011212370912480',1.00,0,NULL,3,'1009560249201601122654210166',2,NULL,NULL,'2016-01-12 17:35:28'),(34,'D16011217346026871',1.00,0,NULL,3,'1007370249201601122659873526',2,NULL,NULL,'2016-01-12 17:36:04'),(35,'D16011217346026871',1.00,0,NULL,3,'1007370249201601122659873526',2,NULL,NULL,'2016-01-12 17:36:19'),(36,'D16011217346026871',1.00,0,NULL,3,'1007370249201601122659873526',2,NULL,NULL,'2016-01-12 17:36:35'),(37,'D16011217346026871',1.00,0,NULL,3,'1007370249201601122659873526',2,NULL,NULL,'2016-01-12 17:37:08'),(38,'D16011217346026871',1.00,0,NULL,3,'1007370249201601122659873526',2,NULL,NULL,'2016-01-12 17:40:09'),(39,'A21F75FD12534A86ABF6243A369B065F',1.00,0,NULL,2,'1002690124201601122658818892',2,NULL,NULL,'2016-01-12 17:50:52'),(40,'14F4CE9D071E4B4998D667441D41BBA2',1.00,0,NULL,2,'1002690124201601122658823123',2,NULL,NULL,'2016-01-12 17:51:12'),(41,'D16011217346026871',1.00,0,NULL,3,'1007370249201601122659873526',2,NULL,NULL,'2016-01-12 18:10:13'),(42,'A21F75FD12534A86ABF6243A369B065F',1.00,0,NULL,2,'1002690124201601122658818892',2,NULL,NULL,'2016-01-12 18:20:55'),(43,'14F4CE9D071E4B4998D667441D41BBA2',1.00,0,NULL,2,'1002690124201601122658823123',2,NULL,NULL,'2016-01-12 18:21:16'),(44,'D16011217346026871',1.00,0,NULL,3,'1007370249201601122659873526',2,NULL,NULL,'2016-01-12 18:40:15'),(45,'D16011215237278030',0.01,0,NULL,3,'2016011221001004620004526642',1,'2088502027130626','haoxueforever@163.com','2016-01-12 18:48:24'),(46,'A21F75FD12534A86ABF6243A369B065F',1.00,0,NULL,2,'1002690124201601122658818892',2,NULL,NULL,'2016-01-12 18:50:57'),(47,'14F4CE9D071E4B4998D667441D41BBA2',1.00,0,NULL,2,'1002690124201601122658823123',2,NULL,NULL,'2016-01-12 18:51:17'),(48,'D16011217346026871',1.00,0,NULL,3,'1007370249201601122659873526',2,NULL,NULL,'2016-01-12 19:10:17'),(49,'142E207AA45A40C29558DA3B287E097E',0.01,0,NULL,2,'2016011221001004620090117954',1,'2088502027130626','haoxueforever@163.com','2016-01-12 19:12:00'),(50,'5049C01989A74D878ED184AC692972ED',0.01,0,NULL,2,'2016011221001004620090549133',1,'2088502027130626','haoxueforever@163.com','2016-01-12 19:12:21'),(51,'D16011217346026871',1.00,0,NULL,3,'1007370249201601122659873526',2,NULL,NULL,'2016-01-12 19:40:19'),(52,'A21F75FD12534A86ABF6243A369B065F',1.00,0,NULL,2,'1002690124201601122658818892',2,NULL,NULL,'2016-01-12 19:50:58'),(53,'14F4CE9D071E4B4998D667441D41BBA2',1.00,0,NULL,2,'1002690124201601122658823123',2,NULL,NULL,'2016-01-12 19:51:19'),(54,'D16011217346026871',1.00,0,NULL,3,'1007370249201601122659873526',2,NULL,NULL,'2016-01-12 20:40:21'),(55,'D16011215237278030',0.01,0,NULL,3,'2016011221001004620004526642',1,'2088502027130626','haoxueforever@163.com','2016-01-13 00:47:58'),(56,'142E207AA45A40C29558DA3B287E097E',0.01,0,NULL,2,'2016011221001004620090117954',1,'2088502027130626','haoxueforever@163.com','2016-01-13 01:12:03'),(57,'5049C01989A74D878ED184AC692972ED',0.01,0,NULL,2,'2016011221001004620090549133',1,'2088502027130626','haoxueforever@163.com','2016-01-13 01:12:12'),(58,'7AEC5009FD1C485DAD6F78916385445D',1.00,0,NULL,2,'1009560124201601132669328576',2,NULL,NULL,'2016-01-13 09:23:13'),(59,'7AEC5009FD1C485DAD6F78916385445D',1.00,0,NULL,2,'1009560124201601132669328576',2,NULL,NULL,'2016-01-13 09:23:22'),(60,'7AEC5009FD1C485DAD6F78916385445D',1.00,0,NULL,2,'1009560124201601132669328576',2,NULL,NULL,'2016-01-13 09:23:40'),(61,'7AEC5009FD1C485DAD6F78916385445D',1.00,0,NULL,2,'1009560124201601132669328576',2,NULL,NULL,'2016-01-13 09:24:12'),(62,'7AEC5009FD1C485DAD6F78916385445D',1.00,0,NULL,2,'1009560124201601132669328576',2,NULL,NULL,'2016-01-13 09:27:16'),(63,'D16011309442318493',1.00,0,NULL,3,'1006880249201601132669619548',2,NULL,NULL,'2016-01-13 09:45:51'),(64,'D16011309442318493',1.00,0,NULL,3,'1006880249201601132669619548',2,NULL,NULL,'2016-01-13 09:46:02'),(65,'D16011309442318493',1.00,0,NULL,3,'1006880249201601132669619548',2,NULL,NULL,'2016-01-13 09:46:19'),(66,'D16011309442318493',1.00,0,NULL,3,'1006880249201601132669619548',2,NULL,NULL,'2016-01-13 09:46:51'),(67,'D16011309442318493',1.00,0,NULL,3,'1006880249201601132669619548',2,NULL,NULL,'2016-01-13 09:49:53'),(68,'7AEC5009FD1C485DAD6F78916385445D',1.00,0,NULL,2,'1009560124201601132669328576',2,NULL,NULL,'2016-01-13 09:57:18'),(69,'D16011309442318493',1.00,0,NULL,3,'1006880249201601132669619548',2,NULL,NULL,'2016-01-13 10:19:56'),(70,'7AEC5009FD1C485DAD6F78916385445D',1.00,0,NULL,2,'1009560124201601132669328576',2,NULL,NULL,'2016-01-13 10:27:19'),(71,'D16011309442318493',1.00,0,NULL,3,'1006880249201601132669619548',2,NULL,NULL,'2016-01-13 10:49:57'),(72,'7AEC5009FD1C485DAD6F78916385445D',1.00,0,NULL,2,'1009560124201601132669328576',2,NULL,NULL,'2016-01-13 10:57:20'),(73,'D16011309442318493',1.00,0,NULL,3,'1006880249201601132669619548',2,NULL,NULL,'2016-01-13 11:20:00'),(74,'7AEC5009FD1C485DAD6F78916385445D',1.00,0,NULL,2,'1009560124201601132669328576',2,NULL,NULL,'2016-01-13 11:27:22'),(75,'D16011309442318493',1.00,0,NULL,3,'1006880249201601132669619548',2,NULL,NULL,'2016-01-13 11:50:02'),(76,'3A78D0ACE1AF40CD885B1F192459013B',1.00,0,NULL,2,'1009560124201601132674315514',2,NULL,NULL,'2016-01-13 13:18:10'),(77,'3A78D0ACE1AF40CD885B1F192459013B',1.00,0,NULL,2,'1009560124201601132674315514',2,NULL,NULL,'2016-01-13 13:18:26'),(78,'3A78D0ACE1AF40CD885B1F192459013B',1.00,0,NULL,2,'1009560124201601132674315514',2,NULL,NULL,'2016-01-13 13:18:41'),(79,'3A78D0ACE1AF40CD885B1F192459013B',1.00,0,NULL,2,'1009560124201601132674315514',2,NULL,NULL,'2016-01-13 13:19:12'),(80,'D16011313208356557',1.00,0,NULL,3,'1009560249201601132674382726',2,NULL,NULL,'2016-01-13 13:21:42'),(81,'D16011313208356557',1.00,0,NULL,3,'1009560249201601132674382726',2,NULL,NULL,'2016-01-13 13:21:53'),(82,'D16011313208356557',1.00,0,NULL,3,'1009560249201601132674382726',2,NULL,NULL,'2016-01-13 13:22:09'),(83,'3A78D0ACE1AF40CD885B1F192459013B',1.00,0,NULL,2,'1009560124201601132674315514',2,NULL,NULL,'2016-01-13 13:22:14'),(84,'D16011313208356557',1.00,0,NULL,3,'1009560249201601132674382726',2,NULL,NULL,'2016-01-13 13:22:42'),(85,'D16011313208356557',1.00,0,NULL,3,'1009560249201601132674382726',2,NULL,NULL,'2016-01-13 13:25:44'),(86,'0DF2C68969F840AF96A49A3445A7A3A7',1.00,0,NULL,2,'1009560124201601132674834536',2,NULL,NULL,'2016-01-13 13:48:32'),(87,'0DF2C68969F840AF96A49A3445A7A3A7',1.00,0,NULL,2,'1009560124201601132674834536',2,NULL,NULL,'2016-01-13 13:48:43'),(88,'0DF2C68969F840AF96A49A3445A7A3A7',1.00,0,NULL,2,'1009560124201601132674834536',2,NULL,NULL,'2016-01-13 13:49:00'),(89,'0DF2C68969F840AF96A49A3445A7A3A7',1.00,0,NULL,2,'1009560124201601132674834536',2,NULL,NULL,'2016-01-13 13:49:32'),(90,'3A78D0ACE1AF40CD885B1F192459013B',1.00,0,NULL,2,'1009560124201601132674315514',2,NULL,NULL,'2016-01-13 13:52:17'),(91,'0DF2C68969F840AF96A49A3445A7A3A7',1.00,0,NULL,2,'1009560124201601132674834536',2,NULL,NULL,'2016-01-13 13:52:34'),(92,'D16011313208356557',1.00,0,NULL,3,'1009560249201601132674382726',2,NULL,NULL,'2016-01-13 13:55:45'),(93,'D84E6AB4954548B2B39B9ACE39CED5D5',1.00,1,'处理成功',2,'1009560124201601132675187852',2,NULL,NULL,'2016-01-13 14:10:05'),(94,'D16011314116591652',1.00,1,'处理成功',3,'1009560249201601132675214649',2,NULL,NULL,'2016-01-13 14:11:56'),(95,'E86B1819025C46979A1183E99074529D',0.01,1,'处理成功',2,'2016011321001004620024325317',1,'2088502027130626','haoxueforever@163.com','2016-01-13 14:13:17'),(96,'E86B1819025C46979A1183E99074529D',0.01,0,NULL,2,'2016011321001004620024325317',1,'2088502027130626','haoxueforever@163.com','2016-01-13 14:13:19'),(97,'D16011314147098691',0.01,1,'处理成功',3,'2016011321001004620023006706',1,'2088502027130626','haoxueforever@163.com','2016-01-13 14:14:45'),(98,'D16011314147098691',0.01,0,NULL,3,'2016011321001004620023006706',1,'2088502027130626','haoxueforever@163.com','2016-01-13 14:14:46'),(99,'E86B1819025C46979A1183E99074529D',0.01,0,NULL,2,'2016011321001004620024325317',1,'2088502027130626','haoxueforever@163.com','2016-01-13 14:17:14'),(100,'D16011314147098691',0.01,0,NULL,3,'2016011321001004620023006706',1,'2088502027130626','haoxueforever@163.com','2016-01-13 14:18:29'),(101,'3A78D0ACE1AF40CD885B1F192459013B',1.00,1,'处理成功',2,'1009560124201601132674315514',2,NULL,NULL,'2016-01-13 14:22:19'),(102,'0DF2C68969F840AF96A49A3445A7A3A7',1.00,1,'处理成功',2,'1009560124201601132674834536',2,NULL,NULL,'2016-01-13 14:22:37'),(103,'D16011313208356557',1.00,0,NULL,3,'1009560249201601132674382726',2,NULL,NULL,'2016-01-13 14:25:46'),(104,'E86B1819025C46979A1183E99074529D',0.01,0,NULL,2,'2016011321001004620024325317',1,'2088502027130626','haoxueforever@163.com','2016-01-13 14:27:18'),(105,'D16011314147098691',0.01,0,NULL,3,'2016011321001004620023006706',1,'2088502027130626','haoxueforever@163.com','2016-01-13 14:28:10'),(106,'E86B1819025C46979A1183E99074529D',0.01,0,NULL,2,'2016011321001004620024325317',1,'2088502027130626','haoxueforever@163.com','2016-01-13 14:37:23'),(107,'D16011314147098691',0.01,0,NULL,3,'2016011321001004620023006706',1,'2088502027130626','haoxueforever@163.com','2016-01-13 14:38:09'),(108,'D16011313208356557',1.00,0,NULL,3,'1009560249201601132674382726',2,NULL,NULL,'2016-01-13 14:55:48'),(109,'D16011313208356557',1.00,0,NULL,3,'1009560249201601132674382726',2,NULL,NULL,'2016-01-13 15:25:49'),(110,'E86B1819025C46979A1183E99074529D',0.01,0,NULL,2,'2016011321001004620024325317',1,'2088502027130626','haoxueforever@163.com','2016-01-13 15:37:30'),(111,'27EEC078F89745FA9F20A6FB0D17D35E',1.00,1,'处理成功',2,'1005760124201601132676555026',2,NULL,NULL,'2016-01-13 15:38:10'),(112,'D16011314147098691',0.01,0,NULL,3,'2016011321001004620023006706',1,'2088502027130626','haoxueforever@163.com','2016-01-13 15:38:36'),(113,'D16011215237278030',0.01,0,NULL,3,'2016011221001004620004526642',1,'2088502027130626','haoxueforever@163.com','2016-01-13 15:48:20'),(114,'142E207AA45A40C29558DA3B287E097E',0.01,0,NULL,2,'2016011221001004620090117954',1,'2088502027130626','haoxueforever@163.com','2016-01-13 16:12:01'),(115,'5049C01989A74D878ED184AC692972ED',0.01,0,NULL,2,'2016011221001004620090549133',1,'2088502027130626','haoxueforever@163.com','2016-01-13 16:12:34'),(116,'D16011313208356557',1.00,0,NULL,3,'1009560249201601132674382726',2,NULL,NULL,'2016-01-13 16:25:50'),(117,'E86B1819025C46979A1183E99074529D',0.01,0,NULL,2,'2016011321001004620024325317',1,'2088502027130626','haoxueforever@163.com','2016-01-13 17:37:48'),(118,'D16011314147098691',0.01,0,NULL,3,'2016011321001004620023006706',1,'2088502027130626','haoxueforever@163.com','2016-01-13 17:38:21'),(119,'E86B1819025C46979A1183E99074529D',0.01,0,NULL,2,'2016011321001004620024325317',1,'2088502027130626','haoxueforever@163.com','2016-01-13 23:37:26'),(120,'D16011314147098691',0.01,0,NULL,3,'2016011321001004620023006706',1,'2088502027130626','haoxueforever@163.com','2016-01-13 23:38:20'),(121,'E86B1819025C46979A1183E99074529D',0.01,0,NULL,2,'2016011321001004620024325317',1,'2088502027130626','haoxueforever@163.com','2016-01-14 14:37:28'),(122,'D16011314147098691',0.01,0,NULL,3,'2016011321001004620023006706',1,'2088502027130626','haoxueforever@163.com','2016-01-14 14:38:12'),(123,'438D02CECBA047B595F1D747B785F908',1.00,1,'处理成功',2,'1004480124201601142693511803',2,NULL,NULL,'2016-01-14 15:08:56'),(124,'D16011511186555735',1.00,1,'处理成功',3,'1007370249201601152707591127',2,NULL,NULL,'2016-01-15 11:21:03'),(125,'D16011514034348337',1.00,1,'处理成功',3,'1004480249201601152710972904',2,NULL,NULL,'2016-01-15 14:04:03'),(126,'E25B722DB1A44C87BA420542259CE66F',0.01,1,'处理成功',2,'2016011821001004620067307122',1,'2088502027130626','haoxueforever@163.com','2016-01-18 23:28:23'),(127,'E25B722DB1A44C87BA420542259CE66F',0.01,0,NULL,2,'2016011821001004620067307122',1,'2088502027130626','haoxueforever@163.com','2016-01-18 23:28:24'),(128,'E25B722DB1A44C87BA420542259CE66F',0.01,0,NULL,2,'2016011821001004620067307122',1,'2088502027130626','haoxueforever@163.com','2016-01-18 23:32:22'),(129,'E25B722DB1A44C87BA420542259CE66F',0.01,0,NULL,2,'2016011821001004620067307122',1,'2088502027130626','haoxueforever@163.com','2016-01-18 23:42:06'),(130,'E25B722DB1A44C87BA420542259CE66F',0.01,0,NULL,2,'2016011821001004620067307122',1,'2088502027130626','haoxueforever@163.com','2016-01-18 23:52:40'),(131,'E25B722DB1A44C87BA420542259CE66F',0.01,0,NULL,2,'2016011821001004620067307122',1,'2088502027130626','haoxueforever@163.com','2016-01-19 00:52:37'),(132,'E25B722DB1A44C87BA420542259CE66F',0.01,0,NULL,2,'2016011821001004620067307122',1,'2088502027130626','haoxueforever@163.com','2016-01-19 02:52:13'),(133,'D16011902083834748',1.00,1,'处理成功',3,'1005760249201601182770507535',2,NULL,NULL,'2016-01-19 03:08:26'),(134,'E25B722DB1A44C87BA420542259CE66F',0.01,0,NULL,2,'2016011821001004620067307122',1,'2088502027130626','haoxueforever@163.com','2016-01-19 01:00:39'),(135,'D16011909280712795',0.01,1,'处理成功',3,'2016011921001004450068303496',1,'2088802586297454','15584152434','2016-01-19 09:31:03'),(136,'D16011909280712795',0.01,0,NULL,3,'2016011921001004450068303496',1,'2088802586297454','15584152434','2016-01-19 09:31:03'),(137,'D16011909343676212',1.00,1,'处理成功',3,'1004480249201601192777888852',2,NULL,NULL,'2016-01-19 09:34:41'),(138,'D16011909280712795',0.01,0,NULL,3,'2016011921001004450068303496',1,'2088802586297454','15584152434','2016-01-19 09:35:24'),(139,'D16011909280712795',0.01,0,NULL,3,'2016011921001004450068303496',1,'2088802586297454','15584152434','2016-01-19 09:45:42'),(140,'D16011909280712795',0.01,0,NULL,3,'2016011921001004450068303496',1,'2088802586297454','15584152434','2016-01-19 09:55:34'),(141,'22907C632CEB4319AE663C768A007B06',1.00,1,'处理成功',2,'1004480124201601192778431913',2,NULL,NULL,'2016-01-19 10:13:20'),(142,'D16011909280712795',0.01,0,NULL,3,'2016011921001004450068303496',1,'2088802586297454','15584152434','2016-01-19 10:55:06'),(143,'D16011909280712795',0.01,0,NULL,3,'2016011921001004450068303496',1,'2088802586297454','15584152434','2016-01-19 12:55:49'),(144,'C29A643351D94669AB1114056BFA6017',1.00,1,'处理成功',2,'1006880124201601192783270880',2,NULL,NULL,'2016-01-19 14:18:50'),(145,'D16011914321902553',1.00,1,'处理成功',3,'1006880249201601192783507450',2,NULL,NULL,'2016-01-19 14:33:22'),(146,'D16011909280712795',0.01,0,NULL,3,'2016011921001004450068303496',1,'2088802586297454','15584152434','2016-01-19 18:55:06'),(147,'D16011909280712795',0.01,0,NULL,3,'2016011921001004450068303496',1,'2088802586297454','15584152434','2016-01-20 09:55:04'),(148,'D16012016049581822',1.00,1,'处理成功',3,'1005760249201601202803482941',2,NULL,NULL,'2016-01-20 16:16:47'),(149,'D16012111040274554',0.01,1,'处理成功',3,'2016012121001004460070010126',1,'2088902484970463','18840822032','2016-01-21 11:06:55'),(150,'D16012111040274554',0.01,1,'处理成功',3,'2016012121001004460070010126',1,'2088902484970463','18840822032','2016-01-21 11:06:56');

#
# Structure for table "t_order"
#

DROP TABLE IF EXISTS `t_order`;
CREATE TABLE `t_order` (
  `orderid` varchar(40) NOT NULL DEFAULT '' COMMENT '订单编码',
  `countryid` int(11) DEFAULT NULL COMMENT '目的地国家编码',
  `provinceid` int(11) DEFAULT NULL COMMENT '目的地省或州编码',
  `cityid` int(11) DEFAULT NULL COMMENT '目的地市编码',
  `begintime` datetime DEFAULT NULL COMMENT '开始时间',
  `endtime` datetime DEFAULT NULL COMMENT '结束时间',
  `hours` int(5) DEFAULT NULL COMMENT '小时数',
  `tranuserid` int(11) DEFAULT NULL COMMENT '翻译人员编码',
  `languageid` int(11) DEFAULT NULL COMMENT '语种编码',
  `level` int(20) DEFAULT NULL COMMENT '等级 1初级2中级3高级',
  `specialtyid` int(11) DEFAULT NULL COMMENT '专业编码',
  `address` varchar(500) DEFAULT NULL COMMENT '起始地址',
  `remark` varchar(500) DEFAULT NULL COMMENT '备注',
  `userid` int(11) DEFAULT NULL COMMENT '用户编码',
  `bondmoney` float(9,2) NOT NULL DEFAULT '0.00' COMMENT '用户担保金',
  `userfine` float(9,2) DEFAULT '0.00' COMMENT '用户取消罚金',
  `fanyimoney` float(9,2) DEFAULT '0.00' COMMENT '翻译会费',
  `fanyifine` float(9,2) DEFAULT '0.00' COMMENT '翻译罚金',
  `state` int(2) DEFAULT '0' COMMENT '订单状态 0待付款1未支付取消2订单进行中3确认订单4待评价5完成6用户取消7翻译取消8用户确认取消',
  `createtime` datetime DEFAULT NULL COMMENT '创建时间',
  `cancel` int(2) DEFAULT '0' COMMENT '取消订单已退钱 0未退1已退',
  `confirm` int(2) DEFAULT '0' COMMENT '是否退保证金 0未退1已退',
  `reset` int(2) DEFAULT '3' COMMENT '0退钱1扣钱2退钱扣钱 未退未扣是3',
  `canceltime` datetime DEFAULT NULL COMMENT '取消时间',
  `userconfirm` int(2) DEFAULT '0' COMMENT '用户确认 0未确认1确认',
  `tranconfirm` int(2) DEFAULT '0' COMMENT '翻译确认 0未确认1确认',
  `confirmtime` datetime DEFAULT NULL COMMENT '订单确认时间',
  `getbilltime` datetime DEFAULT NULL COMMENT '抢单时间',
  `paytime` datetime DEFAULT NULL COMMENT '支付时间',
  `userdel` int(2) DEFAULT '0' COMMENT '用户删除订单  0否1是',
  `trandel` int(2) DEFAULT '0' COMMENT '翻译删除订单 0否1是',
  `usersay` int(2) DEFAULT '0' COMMENT '用户评价 0未评价1已评价',
  `transay` int(2) DEFAULT '0' COMMENT '翻译评价 0未评价1已评价',
  `oneday` int(2) DEFAULT '0' COMMENT '当订单预约日达到前1天消息提醒 0未提醒1已提醒',
  `paytype` tinyint(1) DEFAULT NULL COMMENT '支付方式 0支付宝1微信',
  `dealorderid` varchar(70) DEFAULT NULL COMMENT '微信或支付宝订单号',
  PRIMARY KEY (`orderid`)
) ENGINE=InnoDB DEFAULT CHARSET=utf8 COMMENT='订单表';

#
# Data for table "t_order"
#

INSERT INTO `t_order` VALUES ('D16011217346026871',1,5,6,'2016-01-27 00:00:00','2016-01-27 00:00:00',4,130,1,1,395,'沈阳大东','123',46,0.01,0.00,6.00,7.00,3,'2016-01-12 17:34:30',0,0,3,NULL,0,0,NULL,'2016-01-12 17:34:30',NULL,0,0,0,0,0,0,NULL),('D16011309442318493',1,3,4,'2016-01-13 11:00:00','2016-01-13 15:00:00',4,123,6,1,395,'FfghhjjngvhjnbFfghhjjn cvbb 呢','回到家大家的亟待解决你在你的家大家',121,0.01,0.00,6.00,7.00,1,'2016-01-13 09:44:12',0,0,3,'2016-01-13 09:50:26',0,0,NULL,'2016-01-13 09:44:12',NULL,0,0,0,0,0,0,NULL),('D16011310116694941',1,5,6,'2016-01-14 05:00:00','2016-01-14 10:00:00',5,123,6,1,395,'铁头功','风风光光',121,0.01,0.00,6.00,7.00,5,'2016-01-13 10:11:25',0,0,3,NULL,1,1,'2016-01-13 10:13:12','2016-01-13 10:11:25',NULL,1,0,1,1,0,0,NULL),('D16011313005208258',1,5,6,'2016-01-15 04:00:00','2016-01-15 14:00:00',10,123,6,1,395,'服不服工本费还放假','vfnfnn',121,0.01,0.00,6.00,7.00,5,'2016-01-13 13:00:58',0,0,3,NULL,1,1,'2016-01-13 13:16:02','2016-01-13 13:00:58',NULL,1,0,1,1,0,0,NULL),('D16011313017545265',1,5,6,'2016-01-16 08:00:00','2016-01-16 15:00:00',7,123,6,1,395,'服不服工本费还放假','vfnfnn',121,0.01,0.00,6.00,7.00,5,'2016-01-13 13:01:08',0,0,3,NULL,1,1,'2016-01-13 13:08:27','2016-01-13 13:01:08',NULL,1,0,1,1,0,0,NULL),('D16011313208356557',1,5,6,'2016-01-17 06:00:00','2016-01-17 11:00:00',5,123,6,1,395,'烦恼你发怒发怒','不咸不淡家大家记得',121,0.01,0.00,0.01,7.00,1,'2016-01-13 13:20:50',0,0,3,'2016-01-13 13:31:51',0,0,NULL,'2016-01-13 13:20:50',NULL,1,1,0,0,0,0,NULL),('D16011313252625450',1,5,6,'2016-01-18 05:00:00','2016-01-18 14:00:00',9,123,6,1,395,'新版本的女生','不到你发怒奶粉',121,0.01,0.00,6.00,7.00,5,'2016-01-13 13:25:08',0,0,3,NULL,1,1,'2016-01-13 13:25:54','2016-01-13 13:25:08','2016-01-18 21:55:28',1,0,1,1,0,0,NULL),('D16011314116591652',1,3,4,'2016-01-29 07:00:00','2016-01-29 23:00:00',16,125,5,2,395,'1111',NULL,121,0.01,0.00,6.00,7.00,7,'2016-01-13 14:11:37',0,0,2,'2016-01-27 10:40:14',0,0,NULL,'2016-01-13 14:11:37','2016-01-13 14:10:31',0,0,0,0,0,0,NULL),('D16011314147098691',1,3,4,'2016-01-27 06:00:00','2016-01-27 18:00:00',12,125,5,2,395,'在家里面',NULL,121,0.01,0.00,6.00,7.00,3,'2016-01-13 14:14:32',0,0,3,NULL,0,0,NULL,'2016-01-13 14:14:32','2016-01-13 14:13:20',0,0,0,0,1,0,NULL),('D16011315390253464',1,5,6,'2016-01-19 05:00:00','2016-01-19 09:00:00',4,123,6,1,395,'想念那些你的你','不到能对你的你',121,0.01,0.00,6.00,7.00,5,'2016-01-13 15:39:40',0,0,3,NULL,1,1,'2016-01-13 15:56:27','2016-01-13 15:39:40',NULL,1,1,1,1,0,0,NULL),('D16011316043694082',1,5,11,'2016-02-01 05:00:00','2016-02-01 09:00:00',4,128,1,1,395,'vggghjhgvg','不过还好姐姐',121,0.01,0.00,6.00,7.00,5,'2016-01-13 16:04:10',0,0,3,NULL,1,1,'2016-01-13 16:07:23','2016-01-13 16:04:10',NULL,1,0,1,1,0,0,NULL),('D16011316044402413',1,5,11,'2016-02-02 05:00:00','2016-02-02 10:00:00',5,128,1,1,395,'vggghjhgvg','不过还好姐姐',121,0.01,0.00,6.00,7.00,5,'2016-01-13 16:04:39',0,0,3,NULL,1,1,'2016-01-13 16:06:29','2016-01-13 16:04:39',NULL,1,0,1,1,0,0,NULL),('D16011412572922587',2,7,8,'2016-01-15 06:00:00','2016-01-15 11:00:00',5,141,1,1,374,'肯尼迪机场','随时可走。',142,0.01,0.00,6.00,7.00,1,'2016-01-14 12:57:47',0,0,3,NULL,0,0,NULL,'2016-01-14 12:57:47',NULL,0,0,0,0,0,0,NULL),('D16011412587845903',2,7,8,'2016-01-16 06:00:00','2016-01-16 10:00:00',4,141,1,1,374,'肯尼迪机场','随时可走。',142,0.01,0.00,6.00,7.00,1,'2016-01-14 12:58:49',0,0,3,NULL,0,0,NULL,'2016-01-14 12:58:49',NULL,0,0,0,0,0,0,NULL),('D16011414348477534',1,5,11,'2016-01-25 18:00:00','2016-01-25 22:00:00',4,128,1,1,395,'来咯哦哦弄','突破工作也破有自信',121,0.01,0.00,6.00,7.00,5,'2016-01-14 14:34:47',0,0,3,'2016-01-14 15:21:24',0,0,NULL,'2016-01-14 14:34:47','2016-01-14 15:57:22',0,0,0,0,0,0,NULL),('D16011414497556903',1,3,4,'2016-01-23 18:00:00','2016-01-23 23:00:00',5,128,1,1,395,'hjj',NULL,121,0.01,0.00,6.00,7.00,4,'2016-01-14 14:49:55',0,0,3,NULL,1,1,'2016-01-14 15:27:21','2016-01-14 14:49:55','2016-01-14 15:23:05',0,0,0,1,0,0,NULL),('D16011415316126933',1,5,6,'2016-02-01 09:00:00','2016-02-02 09:00:00',24,130,1,1,395,'asd','asd',120,0.01,0.00,6.00,7.00,4,'2016-01-14 15:31:33',0,0,3,'2016-01-15 11:02:09',1,1,'2016-01-15 11:03:01','2016-01-14 15:31:33','2016-01-15 11:02:49',0,0,1,0,0,0,NULL),('D16011415366111249',1,5,11,'2016-02-05 10:00:00','2016-02-06 10:00:00',24,128,1,1,395,'了在真咯我了','嘻嘻9我',121,0.01,0.00,6.00,7.00,1,'2016-01-14 15:36:04',0,0,3,NULL,0,0,NULL,'2016-01-14 15:36:04',NULL,0,0,0,0,0,0,NULL),('D16011510474824182',1,5,11,'2016-02-10 13:00:00','2016-02-11 06:00:00',17,128,1,1,395,'打扮打扮很大部分不烦你2你下嫩大','bcncncbcnjedijd',120,0.01,0.00,6.00,7.00,8,'2016-01-15 10:47:49',0,0,3,'2016-01-15 10:53:21',0,0,NULL,'2016-01-15 10:47:49','2016-01-15 10:51:06',0,0,0,0,0,0,NULL),('D16011511064667255',1,5,6,'2016-01-29 20:00:00','2016-01-29 23:00:00',3,130,1,1,395,'bxbxjdbfbbhhcbc','bdbdhdhbfbfbfb',120,0.01,0.00,6.00,7.00,4,'2016-01-15 11:06:23',0,0,3,NULL,1,1,'2016-01-15 11:21:38','2016-01-15 11:06:23','2016-01-15 11:10:42',0,0,0,0,0,0,NULL),('D16011511186555735',1,3,4,'2016-01-15 18:00:00','2016-01-15 23:00:00',5,128,1,1,395,'5',NULL,46,0.01,0.00,6.00,7.00,3,'2016-01-15 11:18:49',0,0,3,NULL,1,1,'2016-01-19 11:00:51','2016-01-15 11:18:49','2016-01-15 11:19:35',0,0,0,0,1,0,NULL),('D16011513571455282',1,5,6,'2016-01-30 10:00:00','2016-01-31 10:00:00',24,128,1,1,395,'苏主任你们','经理积木咯明明',120,0.01,0.00,6.00,7.00,6,'2016-01-15 13:57:08',0,0,0,'2016-01-15 13:58:51',0,0,NULL,'2016-01-15 13:57:08','2016-01-15 13:58:27',0,0,0,0,0,0,NULL),('D16011514034348337',1,5,6,'2016-01-26 10:00:00','2016-01-27 10:00:00',24,128,1,1,395,'兔子','解决了',120,0.01,0.00,6.00,7.00,5,'2016-01-15 14:03:36',0,0,3,'2016-01-15 14:08:16',1,1,'2016-01-15 14:10:54','2016-01-15 14:03:36','2016-01-15 14:15:05',0,1,1,1,0,0,NULL),('D16011514212932798',1,3,4,'2016-01-16 18:00:00','2016-01-15 23:00:00',19,128,1,1,395,'5',NULL,46,0.01,0.00,6.00,7.00,1,'2016-01-15 14:21:18',0,0,3,NULL,0,0,NULL,'2016-01-15 14:21:18',NULL,0,0,0,0,0,0,NULL),('D16011822190182935',1,5,6,'2016-02-03 10:00:00','2016-02-03 14:00:00',4,130,1,1,395,'Dghh dfgh动画经典解放军还放假放假绝对经典家解放军大家解放军解放军大家','活动还放假还放假放假减肥解放军还放假放假解放军软件还放假大家',120,0.01,0.00,6.00,7.00,5,'2016-01-18 22:19:09',0,0,3,NULL,1,1,'2016-01-18 22:22:06','2016-01-18 22:19:09','2016-01-18 22:21:54',0,0,1,1,0,0,NULL),('D16011822456191554',1,5,11,'2016-02-25 05:00:00','2016-02-25 14:00:00',9,128,1,1,395,'xbbcbf[你orz破哦婆婆哦婆婆哦诺破','偷偷osmund哦婆婆took哦坡头MSN哦婆婆嘟嘟',121,0.01,0.00,6.00,7.00,7,'2016-01-18 22:45:49',0,0,3,'2016-01-18 22:49:05',0,0,NULL,'2016-01-18 22:44:10','2016-01-18 22:46:50',0,0,0,0,0,0,NULL),('D16011823168849711',1,5,6,'2016-02-26 09:00:00','2016-02-26 15:00:00',6,130,1,1,395,'妇女解放解放坚持绝代佳人家变成你发怒能让你会复活复活然后就饿好成绩分别发表办法','百分百放假放假放好的呵护功夫好的呵护和趁火打劫',121,0.01,0.00,6.00,7.00,5,'2016-01-18 23:16:47',0,0,3,NULL,0,0,NULL,'2016-01-18 23:16:47','2016-01-18 23:18:09',0,0,0,0,0,0,NULL),('D16011909280712795',1,5,6,'2016-02-15 05:00:00','2016-02-15 14:00:00',9,128,1,1,395,'乌云欧诺女诺诺咯偷偷摸诺LOL哦哦JOJO欧诺偷摸咯诺克咯哦咯过敏欧诺JOJO咯look哦诺look哦咯咯咙诺JOJO咯looknumlock','哦漏哦JOJO哦咯JOJO你明明你明明明年哦咯ing女模诺log您JOJO诺logo红补补egg哦理解跳楼倪敏急急急灵敏',120,0.01,0.00,6.00,7.00,4,'2016-01-19 09:28:42',0,0,3,NULL,0,0,'2016-01-19 13:30:47','2016-01-19 09:28:42','2016-01-19 16:10:48',0,0,0,1,0,0,NULL),('D16011909343676212',1,5,6,'2016-02-20 04:00:00','2016-02-20 10:00:00',6,128,1,1,395,'木木木诺空诺look哦咯咯咙numlock晕哦LOL哦哦LOL诺lowlz','做JOJO哦lol哦哦JOJO诺咯咙女OK吗定诺咯咙诺咯LOL诺',120,0.01,0.00,6.00,7.00,1,'2016-01-19 09:34:11',0,0,0,'2016-01-19 09:36:46',0,0,NULL,'2016-01-19 09:34:11',NULL,0,1,0,0,0,0,NULL),('D16011909402471331',1,5,6,'2016-02-21 10:00:00','2016-02-21 14:00:00',4,128,1,1,395,'啦咯是啦咯啦咯啦咯人快啦咯啦咯啦咯来咯路突击老K就咯啦咯来咯啦咯考虑图TUT','来咯哦哦拒绝啦咯啦咯啦咯考虑图老K',120,0.01,0.00,6.00,7.00,3,'2016-01-19 09:40:37',0,1,3,'2016-01-19 09:42:44',1,1,'2016-01-19 10:20:13','2016-01-19 09:40:37','2016-01-19 10:21:35',0,0,0,0,0,0,NULL),('D16011909504572934',1,3,4,'2016-01-19 18:00:00','2016-01-19 22:00:00',4,130,1,1,395,'Gig',NULL,46,0.01,0.00,6.00,7.00,6,'2016-01-19 09:50:47',0,0,0,'2016-01-19 09:51:39',0,0,NULL,'2016-01-19 09:50:47','2016-01-19 09:51:25',0,0,0,0,0,0,NULL),('D16011912104472354',2,7,8,'2016-01-19 13:00:00','2016-01-20 13:00:00',24,119,1,1,343,'跳楼','头',29,0.01,0.00,6.00,7.00,1,'2016-01-19 12:10:19',0,0,3,NULL,0,0,NULL,'2016-01-19 12:10:19',NULL,0,0,0,0,0,0,NULL),('D16011913420797349',2,7,8,'2016-01-19 18:00:00','2016-01-19 22:00:00',4,141,1,2,NULL,'You',NULL,139,0.01,0.00,6.00,7.00,5,'2016-01-19 13:42:06',0,0,3,NULL,1,1,'2016-01-20 15:06:48','2016-01-19 13:42:06','2016-01-20 13:05:29',0,0,1,1,0,0,NULL),('D16011914321902553',1,3,4,'2016-01-19 15:00:00','2016-01-19 18:00:00',3,157,1,3,NULL,'或许简单介绍难兄难弟解决能对你的你你能对你的你呢那些年你的你难兄难弟就发怒发怒','保持你的回答很简单不咸不淡嫩好想你的你你的你能对你的你家坚持你的家',124,0.01,0.00,6.00,7.00,5,'2016-01-19 14:32:31',0,1,3,NULL,1,1,'2016-01-19 15:49:11','2016-01-19 14:32:31','2016-01-19 14:28:16',1,0,1,1,1,0,NULL),('D16011914377817120',1,3,4,'2016-01-20 05:00:00','2016-01-20 09:00:00',4,157,1,3,395,'难道你的你的你能对你的你你都暖暖的能对你的你能对你的你能对你的你你难兄难弟呢那些年','好吃经典家能对你的你呢都暖暖的女神赫本不到你都暖暖的能对不对你你的你绝对能对你的你吧大家大家',124,0.01,0.00,6.00,7.00,5,'2016-01-19 14:37:39',0,1,3,NULL,1,1,'2016-01-19 14:39:34','2016-01-19 14:37:22','2016-01-19 14:39:21',0,0,1,1,0,0,NULL),('D16011915418771751',1,3,4,'2016-01-21 06:00:00','2016-01-21 09:00:00',3,157,1,3,395,'我让我朋友意义上也破也也破也XP乌云你温柔欧诺or欧诺哦坡头MSN多痛','与我弄哦明哦lol哦哦啃老摸头读的特乐女诺咯咙诺咯咙哦揉虐了来咯哦哦拒绝啦咯啦咯啦咯考虑图老K',124,0.01,0.00,6.00,7.00,5,'2016-01-19 15:41:40',0,0,3,NULL,1,1,'2016-01-19 15:43:24','2016-01-19 15:41:40','2016-01-19 15:43:07',0,1,1,1,0,0,NULL),('D16011916219333119',1,3,4,'2016-01-22 04:00:00','2016-01-22 07:00:00',3,157,1,3,395,'我去我婆婆您公民您明敏民工漫民工明明哦哦SOHO婆婆红您破公民哦送您SOHO哦破功民族您婆婆how移民嘻嘻嘻YYMSN共鸣您你民工民工敏敏倪敏son婆婆going您倪敏弄哦','上YY婆婆哦一种哦1以自我休息你以为一中午钟敏logo哥特诺肉哦呜呜呜上YY培训婆婆哦婆婆明年哦破婆婆MSN哦婆婆哦破SOHO',124,0.01,0.00,6.00,7.00,6,'2016-01-19 16:21:37',0,0,0,'2016-01-19 17:15:09',0,0,'2016-01-19 16:33:49','2016-01-19 16:21:37','2016-01-19 16:38:54',1,0,0,0,0,0,NULL),('D16011916230851715',1,3,4,'2016-01-23 08:00:00','2016-01-23 11:00:00',3,157,1,3,395,'我去我婆婆您公民您明敏民工漫民工明明哦哦SOHO婆婆红您破公民哦送您SOHO哦破功民族您婆婆how移民嘻嘻嘻YYMSN共鸣您你民工民工敏敏倪敏son婆婆going您倪敏弄哦','上YY婆婆哦一种哦1以自我休息你以为一中午钟敏logo哥特诺肉哦呜呜呜上YY培训婆婆哦婆婆明年哦破婆婆MSN哦婆婆哦破SOHO',124,0.01,0.00,6.00,7.00,5,'2016-01-19 16:23:03',0,1,0,'2016-01-19 16:33:59',0,0,'2016-01-20 11:06:16','2016-01-19 16:23:03','2016-01-20 13:09:01',0,0,1,1,0,0,NULL),('D16012015573183619',2,7,8,'2016-01-24 03:00:00','2016-01-24 06:00:00',3,141,1,1,374,'肯尼迪机场','测试是否需要支付定金，测试48小时内取消是否扣除定金。预约23日，提示是否替换原有订单，选择否，更改订单时间至24日。',139,0.01,0.00,6.00,7.00,3,'2016-01-20 15:57:23',0,0,3,NULL,0,0,NULL,'2016-01-20 15:26:11','2016-01-21 09:33:36',0,0,0,0,1,1,'12312312313123'),('D16012016049581822',2,7,8,'2016-01-23 03:00:00','2016-01-23 06:00:00',3,141,1,1,374,'肯尼迪机场','预约1月23日凌晨，准备在1月22日取消，测试是否扣除定金。',139,0.01,0.00,6.00,7.00,3,'2016-01-20 16:04:14',0,0,3,NULL,0,0,NULL,'2016-01-20 15:06:20','2016-01-21 09:53:16',0,0,0,0,1,1,'D123123'),('D16012110570141123',2,7,8,'2016-01-21 14:00:00','2016-01-21 23:00:00',9,141,1,1,374,'哈哈',NULL,153,0.01,0.00,6.00,7.00,1,'2016-01-21 10:57:46',0,0,3,'2016-01-21 12:13:57',0,0,NULL,'2016-01-21 10:57:46',NULL,1,1,0,0,0,0,NULL),('D16012111040274554',2,7,8,'2016-01-30 19:00:00','2016-01-31 18:00:00',23,141,1,1,374,'这么',NULL,153,0.01,0.00,6.00,7.00,6,'2016-01-21 11:04:40',0,0,0,'2016-01-21 12:06:36',0,0,NULL,'2016-01-21 11:04:40','2016-01-21 11:01:49',1,1,0,0,0,0,NULL),('D16012114306072560',2,7,8,'2016-01-25 17:00:00','2016-01-26 09:00:00',16,141,1,1,374,'现在是第三次测试',NULL,153,0.01,0.00,6.00,7.00,1,'2016-01-21 14:30:01',0,0,3,NULL,0,0,NULL,'2016-01-21 13:32:07',NULL,0,0,0,0,0,NULL,NULL),('D16012513239609178',1,5,6,'2016-02-05 13:00:00','2016-02-05 16:00:00',3,157,1,3,395,'保持你发怒刺激肌肤变得内心亟待解决保持内心宁静的肌肤绝对经典家绝对经典家大家绝对经典家减肥坚持坚持你的家继续进行积极参加的','坚持你你才能放假大家经典解放军家超级超级超级超级大奖',120,0.01,0.00,6.00,7.00,6,'2016-01-25 13:23:53',0,0,0,'2016-01-25 13:36:52',0,0,NULL,'2016-01-25 13:23:53','2016-01-25 13:30:14',0,0,0,0,0,1,'1006880249201601192783507450'),('D16012513320921463',2,7,8,'2016-02-06 08:00:00','2016-02-06 10:00:00',2,157,1,3,395,'你的你发怒的家经典解放军经典解放军解放就饿回到家减肥减肥解放军减肥解放军还放假就放假放假进行积极参加分','减肥解放军大家绝对经典减肥解放军出手机回到家减肥减肥减肥减肥解放军经典亟待解决的',120,0.01,0.00,6.00,7.00,5,'2016-01-25 13:32:56',0,0,3,NULL,1,1,'2016-01-25 14:05:40','2016-01-25 13:32:56','2016-01-25 13:33:16',0,0,1,1,0,0,'2646546546'),('D16012513441736288',1,3,4,'2016-02-07 08:00:00','2016-02-07 11:00:00',3,157,1,3,395,'很多绝对经典家大家难兄难弟你发怒你的难道你的家绝对经典家绝对经典亟待解决你的经典减肥减肥解放军减肥减肥解放军减肥减肥解放军绝对经典家','保持减肥解放军放假就放假绝对经典家你的你不想暖暖的经典吧不到你的你',120,0.01,0.00,6.00,7.00,1,'2016-01-25 13:44:58',0,0,3,NULL,0,0,NULL,'2016-01-25 13:43:56',NULL,0,0,0,0,0,NULL,NULL),('D16012514533017900',1,3,4,'2016-01-30 06:00:00','2016-01-30 09:00:00',3,157,1,3,395,'朋友诺哦set多木有女dropXP我是在真是or你摸破坏我是也破也哦婆婆李伟民哦破婆婆温柔的道破','虐咯送哦热裤上YY婆婆额搜搜某物XPXP我是我哦婆婆破坏我看仔细想哦婆婆温柔哦你妹',124,0.01,0.00,6.00,7.00,7,'2016-01-25 14:53:41',0,0,3,'2016-01-25 14:57:22',0,0,NULL,'2016-01-25 14:51:27','2016-01-25 14:56:00',0,0,0,0,0,1,'1122222'),('D16012515025475386',1,3,4,'2016-02-09 08:00:00','2016-02-09 11:00:00',3,157,1,3,395,'绘本日本能对你的你不代表发怒回到家还放假解放军大家大家会大喊大叫绝对经典家','很多的好多话巴登巴登好的宝贝不到好多好多好多红包好多好多不巴登巴登好的呵护的不代表巴登巴登好不喜欢的话好多好多不代表',124,0.01,0.00,6.00,7.00,4,'2016-01-25 15:02:55',0,0,3,NULL,1,1,'2016-01-25 15:33:36','2016-01-25 14:20:19','2016-01-25 15:28:27',0,0,0,0,0,1,'1232'),('D16012515256494638',1,5,6,'2016-02-09 09:00:00','2016-02-09 15:00:00',6,130,1,1,395,'坚持减肥咖啡看亟待解决的解放军绝对经典家减肥解放军经典解放军不错不错好多话','军械库经典亟待解决放假放假大家绝对就会复活的巴登巴登好经典亟待解决的解放军互相监督解放军还放假放假',120,0.01,0.00,6.00,7.00,7,'2016-01-25 15:25:00',0,0,3,'2016-01-25 15:42:36',0,0,NULL,'2016-01-25 15:13:02','2016-01-25 15:29:52',0,0,0,0,0,0,'21123213'),('D16012515264375657',1,5,6,'2016-02-08 08:00:00','2016-02-08 14:00:00',6,130,1,1,395,'法国黄金家吃个汉堡那么你呢宝贝cvv 把 v 个慷慨悲歌个个 v 财产包括韩国 v 吃饭风吹草动速度速度','直通车 v 好吧大哥和 v 回家看豁达大度vvddhjjn规划局发 vv 护航',120,0.01,0.00,6.00,7.00,1,'2016-01-25 15:26:35',0,0,3,NULL,0,0,NULL,'2016-01-25 15:12:06',NULL,0,0,0,0,0,NULL,NULL),('D16012516039738783',1,3,4,'2016-03-07 06:00:00','2016-03-08 06:00:00',24,157,1,3,395,'扣女motor磨破磨破婆婆磨破婆婆嘴傻X哦son搜搜哦诺son婆婆傻X','MSN木木木女魔头诺哦送哦口蘑loll莫咯JOJO咯摸摸偷袭有默契哦婆婆哦破SOHO',124,0.01,0.00,6.00,7.00,1,'2016-01-25 16:03:51',0,0,3,NULL,0,0,NULL,'2016-01-25 16:03:51',NULL,0,0,0,0,0,NULL,NULL),('D16012610294856354',1,5,11,'2016-02-18 10:00:00','2016-02-18 18:00:00',8,128,1,1,395,'魔攻了了了了了了了了考虑我木有咯莱蒙咯哦哦墨迹天哦老婆哦哦吐了拒绝咯默默','TCL图Mook谋利咯哦哦V领我哦呜TUT情侣头哭呢老K魔法比如小JJ得得too带去V领',124,0.01,0.00,6.00,7.00,1,'2016-01-26 10:29:52',0,0,3,'2016-01-26 10:40:30',0,0,NULL,'2016-01-26 10:29:52',NULL,0,0,0,0,0,NULL,NULL),('D16012610440242288',1,3,4,'2016-02-12 02:00:00','2016-02-12 14:00:00',12,128,1,2,395,'了了了了了了了了了了来咯哦吐的就被透气科恩他额你跟我的吧老K钱噢噢噢哦哦','啊都有走咯买而已下午诺亚割破张云龙某哦哦哦欧美APPspyMSN婆婆婆婆MSN婆婆PS',124,0.01,0.00,6.00,7.00,2,'2016-01-26 10:44:50',0,0,3,'2016-01-27 11:02:37',0,0,NULL,'2016-01-26 10:44:50','2016-01-26 10:51:39',0,0,0,0,0,0,'124');

#
# Structure for table "t_order_comment"
#

DROP TABLE IF EXISTS `t_order_comment`;
CREATE TABLE `t_order_comment` (
  `commentid` bigint(20) NOT NULL AUTO_INCREMENT COMMENT '评论编码',
  `orderid` varchar(40) DEFAULT NULL COMMENT '订单编码',
  `fromuserid` int(11) DEFAULT NULL COMMENT '评论人编码',
  `touserid` int(11) DEFAULT NULL COMMENT '被评论人编码',
  `starlevel` int(2) DEFAULT '1' COMMENT '星等级',
  `content` varchar(500) DEFAULT NULL COMMENT '评论内容',
  `createtime` datetime DEFAULT NULL COMMENT '评论时间',
  PRIMARY KEY (`commentid`)
) ENGINE=InnoDB AUTO_INCREMENT=59 DEFAULT CHARSET=utf8 COMMENT='评论表';

#
# Data for table "t_order_comment"
#

INSERT INTO `t_order_comment` VALUES (1,'D16011313252625450',121,123,4,'啊啊啊嗄','2016-01-13 14:16:21'),(2,'D16011313017545265',121,123,5,'含含糊糊','2016-01-13 14:16:41'),(3,'D16011310116694941',123,121,5,'想经典解放军大家你信不信基督教不到你觉得打家劫舍你的难兄难弟就见不到你的嫩','2016-01-13 15:14:49'),(4,'D16011310116694941',121,123,4,'巴登巴登你的你能对你你的呢能对你难受呢','2016-01-13 15:15:45'),(5,'D16011313005208258',121,123,4,'记得绝对经典家绝对经典家酒店好多喝酒','2016-01-13 15:17:44'),(6,'D16011313005208258',123,121,4,'不想巴登巴登好','2016-01-13 15:18:11'),(7,'D16011313252625450',123,121,3,'呵呵好','2016-01-13 15:24:33'),(8,'D16011313017545265',123,121,4,'你才那些明星梦到你能对你你想你才能发怒呢你才能成就成俊俊才拿出耐心耐心耐心就想你的你能对你的你你的决定你的你呢','2016-01-13 15:25:19'),(9,'D16011315390253464',123,121,3,'deeee','2016-01-13 15:57:53'),(10,'D16011315390253464',121,123,4,'啊啊啊啊啊','2016-01-13 15:59:06'),(11,'D16011316044402413',121,128,4,'good','2016-01-13 16:08:40'),(12,'D16011316044402413',128,121,2,'啊啊啊啊','2016-01-13 16:09:09'),(13,'D16011316043694082',128,121,4,'啊啊啊','2016-01-13 16:09:32'),(14,'D16011316043694082',121,128,4,'萨阿德','2016-01-13 16:10:24'),(15,'D16011313252625450',123,121,1,'2222','2016-01-14 17:03:32'),(16,'D16011415316126933',120,130,0,'','2016-01-15 13:26:46'),(17,'D16011514034348337',128,120,1,'','2016-01-15 14:12:13'),(18,'D16011514034348337',128,120,1,'','2016-01-15 14:12:19'),(19,'D16011514034348337',120,128,4,'潭口','2016-01-15 14:12:35'),(20,'D16011514034348337',128,120,1,'','2016-01-15 14:14:19'),(21,'D16011313252625450',123,121,5,'','2016-01-18 21:55:49'),(22,'D16011822190182935',130,120,4,'好多好多百战百胜呢那些难受呢你的计算机蝴蝶结设计很是纠结','2016-01-18 22:27:58'),(23,'D16011822190182935',120,130,3,'好多好多话变成巴登巴登呢好像好多好多话不到好多好多别的吧','2016-01-18 22:28:24'),(24,'D16011514034348337',128,120,4,'','2016-01-19 13:39:23'),(25,'D16011414497556903',128,121,4,'','2016-01-19 13:39:36'),(26,'D16011414497556903',128,121,4,'','2016-01-19 13:39:43'),(27,'D16011414497556903',128,121,5,'','2016-01-19 13:54:39'),(28,'D16011414497556903',128,121,5,'','2016-01-19 13:55:06'),(29,'D16011909280712795',128,120,5,'','2016-01-19 13:56:04'),(30,'D16011909280712795',128,120,5,'','2016-01-19 13:56:11'),(31,'D16011909280712795',128,120,5,'','2016-01-19 13:56:48'),(32,'D16011909280712795',128,120,5,'','2016-01-19 14:01:54'),(33,'D16011414497556903',128,121,4,'','2016-01-19 14:11:46'),(34,'D16011909280712795',128,120,5,'','2016-01-19 14:20:21'),(35,'D16011909280712795',128,120,5,'','2016-01-19 14:22:21'),(36,'D16011909280712795',128,120,4,'66666','2016-01-19 14:24:08'),(37,'D16011909280712795',128,120,4,'ccvddvv','2016-01-19 14:27:52'),(38,'D16011914377817120',157,124,2,'好多好多话巴登巴登好巴登巴登好不代表不想巴登巴登好很多很多话好多好多话','2016-01-19 14:49:07'),(39,'D16011914377817120',124,157,3,'不行不行家巴登巴登能继续进行你就不行不行贝贝血宝白血病细胞不行不行不行包治百病准备表白不悲不喜不小心把不想那些不不不行不行吧','2016-01-19 14:49:42'),(40,'D16011909280712795',128,120,5,'','2016-01-19 15:02:43'),(41,'D16011909280712795',128,120,5,'','2016-01-19 15:04:46'),(42,'D16011909280712795',128,120,5,'','2016-01-19 15:05:23'),(43,'D16011909280712795',128,120,5,'','2016-01-19 15:07:33'),(44,'D16011909280712795',128,120,4,'','2016-01-19 15:07:41'),(45,'D16011909280712795',128,120,5,'','2016-01-19 15:09:52'),(46,'D16011909280712795',128,120,5,'111','2016-01-19 15:15:15'),(47,'D16011909280712795',128,120,5,'111','2016-01-19 15:18:03'),(48,'D16011915418771751',157,124,4,'啦咯啦啦了啦咯啦咯了家里啦咯啦咯啦咯啦咯啦咯啦咯啦咯啦咯啦咯啦啦咯啦咯啦咯啦咯啦咯具体咯啦咯啦咯啦咯啦咯啦咯啦咯啦咯啦咯啦咯啦','2016-01-19 15:49:51'),(49,'D16011915418771751',124,157,4,'将军路来咯啦咯啦估计来咯嗯他咯来咯弄玩LOL莫咯look诺咯咙在真咯','2016-01-19 15:50:29'),(50,'D16011909280712795',128,120,4,'11111','2016-01-19 16:11:43'),(51,'D16011914321902553',124,157,5,'做咯同欧诺哦咯哦poor您MSN诺JOJOor诺诺咯女女呢咯女女周渝民你OK诺诺楼哦弄你摸SOHO咯咯咙or诺log去提提嘻嘻嘻trust去去去哦上自习嘻嘻嘻嘻踢腿提提体育呼呼呼呼o','2016-01-19 16:17:23'),(52,'D16011914321902553',157,124,4,'哦破torn哦破SOHOMSN送你明明哦破SOHOMSN肉末哦婆婆傻X我婆婆你明明民工漫哦搜狗敏敏or倪敏急急急几斤急急急明公民MSN共鸣您你敏敏楼呢特阜宁您你明明','2016-01-19 16:18:25'),(53,'D16011913420797349',139,141,5,'很好。到没有提示支付定金，实际也没有支付定金。','2016-01-20 15:09:42'),(54,'D16011913420797349',141,139,1,'！！！！','2016-01-21 12:13:44'),(55,'D16011916230851715',157,124,1,'让法国更好吧 vvv 更好更充分 v 并不会发广告恍恍惚惚恍恍惚惚恍恍惚惚恍恍惚惚恍恍惚惚个好姐姐哥哥哥哥给哈哈哈地方 vv 环保部 v仿佛从 vv 那些继续进行家继续经济学家下降就想念那些家','2016-01-25 13:48:50'),(56,'D16011916230851715',124,157,3,'都好好的话好多亟待解决好多好多话好多好多话就继续绝对经典解放军回到家刺激肌肤绝对经典解放军家不中不西不能细菌学家进行积极的解放军大家解放军复活减肥减肥哈哈哈复活放假回到家就饿','2016-01-25 13:53:09'),(57,'D16012513320921463',120,157,5,'你曾经喜欢喜欢幻想好多还放假放假不发怒发怒奶粉你发怒发怒女人发怒发怒奶粉发怒发怒你发怒发怒发怒你发怒你放假发怒疯狂时时刻刻','2016-01-25 14:14:47'),(58,'D16012513320921463',157,120,3,'花攒锦簇减肥你的你能否才能发怒你你发怒发怒发怒你不吃不发怒你发怒保持你发怒发布办法很多减肥还放假放假放假放假减肥减肥减肥解放军复活好多好多好多好多话','2016-01-25 14:15:29');

#
# Structure for table "t_price"
#

DROP TABLE IF EXISTS `t_price`;
CREATE TABLE `t_price` (
  `priceid` int(11) NOT NULL AUTO_INCREMENT COMMENT '价格表',
  `price` float(9,2) DEFAULT '0.00' COMMENT '价格',
  `name` varchar(200) DEFAULT NULL COMMENT '名称',
  `type` int(11) DEFAULT '0' COMMENT '类型 2口译员3高级口译员4起步小时5担保金6订单会费金额7翻译取消罚金',
  `remark` varchar(100) DEFAULT NULL COMMENT '解释',
  `countryid` int(11) DEFAULT NULL COMMENT '目的地国家编码',
  `createtime` datetime DEFAULT NULL COMMENT '创建时间',
  `unit` varchar(20) DEFAULT NULL COMMENT '货币单位',
  PRIMARY KEY (`priceid`)
) ENGINE=InnoDB AUTO_INCREMENT=109 DEFAULT CHARSET=utf8 COMMENT='价格表';

#
# Data for table "t_price"
#

INSERT INTO `t_price` VALUES (66,3.00,'口译员',2,'口译员每小时单价',2,'2016-01-25 13:05:03','美元'),(67,8.00,'高级口译员',3,'高级口译员每小时单价',2,'2016-01-25 13:05:03','美元'),(68,2.00,'起步小时',4,'每笔订单至少选择的服务时间',2,'2016-01-25 13:05:03','美元'),(69,0.01,'担保金金额',5,'用户端支付订单的担保金',2,'2016-01-25 13:05:03','美元'),(70,6.00,'订单会费金额',6,'翻译完成订单后扣除的会费',2,'2016-01-25 13:05:03','美元'),(71,7.00,'翻译取消罚金',7,'翻译临时取消订单后扣除的会费',2,'2016-01-25 13:05:03','美元'),(85,100.00,'口译员',2,'口译员每小时单价',33,'2016-01-28 18:25:37','卢布'),(86,300.00,'高级口译员',3,'高级口译员每小时单价',33,'2016-01-28 18:25:37','卢布'),(87,30.00,'起步小时',4,'每笔订单至少选择的服务时间',33,'2016-01-28 18:25:37','卢布'),(88,100.00,'担保金金额',5,'用户端支付订单的担保金',33,'2016-01-28 18:25:37','卢布'),(89,1000.00,'订单会费金额',6,'翻译完成订单后扣除的会费',33,'2016-01-28 18:25:37','卢布'),(90,20.00,'翻译取消罚金',7,'翻译临时取消订单后扣除的会费',33,'2016-01-28 18:25:37','卢布'),(103,1.00,'口译员',2,'口译员每小时单价',1,'2016-01-29 09:14:22','人民币'),(104,2.00,'高级口译员',3,'高级口译员每小时单价',1,'2016-01-29 09:14:22','人民币'),(105,3.00,'起步小时',4,'每笔订单至少选择的服务时间',1,'2016-01-29 09:14:22','人民币'),(106,4.00,'担保金金额',5,'用户端支付订单的担保金',1,'2016-01-29 09:14:22','人民币'),(107,5.00,'订单会费金额',6,'翻译完成订单后扣除的会费',1,'2016-01-29 09:14:22','人民币'),(108,6.00,'翻译取消罚金',7,'翻译临时取消订单后扣除的会费',1,'2016-01-29 09:14:22','人民币');

#
# Structure for table "t_sys_area"
#

DROP TABLE IF EXISTS `t_sys_area`;
CREATE TABLE `t_sys_area` (
  `areaid` int(11) NOT NULL AUTO_INCREMENT COMMENT '地区编码',
  `areaname` varchar(100) DEFAULT NULL COMMENT '地区名称',
  `parentid` int(11) DEFAULT NULL COMMENT '父节点，若是国家则为0',
  `userid` int(11) DEFAULT NULL COMMENT '添加人',
  `createtime` datetime DEFAULT NULL COMMENT '创建时间',
  PRIMARY KEY (`areaid`)
) ENGINE=InnoDB AUTO_INCREMENT=34 DEFAULT CHARSET=utf8 COMMENT='地区表';

#
# Data for table "t_sys_area"
#

INSERT INTO `t_sys_area` VALUES (1,'中国',0,1,NULL),(2,'美国',0,NULL,NULL),(3,'北京',1,1,NULL),(4,'北京',3,NULL,NULL),(5,'辽宁',1,NULL,NULL),(6,'沈阳',5,1,NULL),(7,'纽约州',2,NULL,NULL),(8,'纽约市',7,NULL,NULL),(9,'俄亥俄州',2,NULL,NULL),(10,'哥伦布',9,NULL,NULL),(33,'俄罗斯',0,1,NULL);

#
# Structure for table "t_sys_language"
#

DROP TABLE IF EXISTS `t_sys_language`;
CREATE TABLE `t_sys_language` (
  `languageid` int(11) NOT NULL AUTO_INCREMENT COMMENT '语种编码',
  `languagename` varchar(200) DEFAULT NULL COMMENT '语种名称',
  `userid` int(11) DEFAULT NULL COMMENT '添加人编码',
  `createtime` datetime DEFAULT NULL COMMENT '创建时间',
  PRIMARY KEY (`languageid`)
) ENGINE=InnoDB AUTO_INCREMENT=18 DEFAULT CHARSET=utf8 COMMENT='语种表';

#
# Data for table "t_sys_language"
#

INSERT INTO `t_sys_language` VALUES (1,'英语',1,'2015-11-25 12:58:01'),(5,'汉语',1,'2015-11-30 11:02:26'),(6,'西班牙语',1,'2015-11-30 11:02:39'),(8,'日语',1,'2015-11-30 11:02:47'),(10,'德语',1,'2015-11-30 11:03:43'),(11,'四川话',1,'2015-11-30 11:03:51'),(17,'中国话',1,'2015-12-01 14:56:39');

#
# Structure for table "t_sys_menu"
#

DROP TABLE IF EXISTS `t_sys_menu`;
CREATE TABLE `t_sys_menu` (
  `menuid` int(11) NOT NULL AUTO_INCREMENT COMMENT '菜单编码',
  `parentid` int(11) DEFAULT '0' COMMENT '父节点',
  `title` varchar(255) DEFAULT NULL COMMENT '标题',
  `link` varchar(255) DEFAULT NULL COMMENT '请求地址',
  `icon` varchar(50) DEFAULT NULL COMMENT '导航 icon',
  `icon_bg` varchar(50) DEFAULT NULL COMMENT '导航 icon 背景',
  `sort` int(11) DEFAULT NULL COMMENT '序号',
  `status` tinyint(1) DEFAULT '1' COMMENT '是否启用。1：是；0：否；',
  `ctime` datetime DEFAULT NULL COMMENT '创建时间',
  PRIMARY KEY (`menuid`)
) ENGINE=InnoDB AUTO_INCREMENT=30 DEFAULT CHARSET=utf8 COMMENT='菜单编码';

#
# Data for table "t_sys_menu"
#

INSERT INTO `t_sys_menu` VALUES (2,1,'用户管理','','fa-male','bg-primary',5,1,'2014-07-04 00:25:24'),(3,2,'用户管理','/background/user/userindex','fa-users','',6,1,NULL),(4,1,'语种管理',NULL,'fa-adn','bg-danger',16,1,'2015-11-25 15:19:57'),(5,4,'语种管理','/background/language/language_index','fa-users','',17,1,'2015-11-25 15:23:06'),(6,1,'用户意见',NULL,'fa-folder-open','bg-primary',22,1,NULL),(7,6,'用户意见','/background/comment/index','fa-users','',23,1,NULL),(8,1,'订单管理','','fa-file-text-o','bg-danger',1,1,'2014-07-04 00:25:24'),(9,8,'订单列表管理','/background/order/findOrder','fa-users','',2,1,'2014-07-25 11:35:38'),(10,8,'取消订单管理','/background/order/findCancelOrder','fa-users','',4,1,'2015-11-26 10:25:30'),(12,2,'翻译管理','/background/user/tranindex','fa-users','',7,1,NULL),(13,1,'资料审核管理',NULL,'fa-pencil','bg-danger',8,1,NULL),(14,13,'资料审核管理','/background/useraudit/auditindex','fa-users','',9,1,NULL),(15,8,'评价管理','/background/ordercomment/index','fa-users','',3,1,NULL),(16,1,'文字管理',NULL,'fa-font','bg-danger',20,1,NULL),(17,16,'文字管理','/background/word/word_index','fa-users','',21,1,NULL),(20,1,'专业管理','','fa-gears','bg-primary',14,1,'2014-07-04 00:25:24'),(21,20,'专业管理','/background/specialty/entrance','fa-users','',15,1,'2014-07-04 00:25:24'),(22,1,'消息管理',NULL,'fa-volume-up','bg-danger',24,1,'2015-12-02 08:36:22'),(23,22,'消息管理','/background/message/index','fa-users','',25,1,'2015-12-02 08:37:33'),(24,1,'价格管理','','fa-dollar','bg-danger',12,1,'2015-12-02 09:19:27'),(25,24,'价格管理','/background/price/price_index','fa-users','',13,1,'2015-12-02 09:22:18'),(26,1,'管理员管理',NULL,'fa-user','bg-primary',10,1,NULL),(27,26,'管理员管理','/background/useradmin/useradminindex','fa-users','',11,1,NULL),(28,1,'地区管理',NULL,'fa-th','bg-primary',18,1,NULL),(29,28,'地区管理','/background/area/index','fa-users','',19,1,NULL);

#
# Structure for table "t_sys_menu_user"
#

DROP TABLE IF EXISTS `t_sys_menu_user`;
CREATE TABLE `t_sys_menu_user` (
  `menuroleid` int(11) NOT NULL AUTO_INCREMENT COMMENT '编码',
  `userid` int(11) NOT NULL DEFAULT '0' COMMENT '用户编码',
  `menuid` int(11) NOT NULL DEFAULT '0' COMMENT '菜单编码',
  PRIMARY KEY (`menuroleid`)
) ENGINE=InnoDB AUTO_INCREMENT=118 DEFAULT CHARSET=utf8 COMMENT='用户菜单关联表';

#
# Data for table "t_sys_menu_user"
#

INSERT INTO `t_sys_menu_user` VALUES (1,1,8),(2,1,2),(3,1,3),(4,1,9),(5,1,4),(8,1,5),(9,1,6),(10,1,7),(11,1,10),(13,1,12),(14,1,13),(15,1,14),(16,1,15),(17,1,16),(18,1,17),(21,1,20),(22,1,21),(23,1,22),(24,1,23),(25,1,24),(26,1,25),(27,1,26),(28,1,27),(29,1,28),(30,1,29),(105,40,8),(106,40,9),(107,40,15),(108,40,10),(109,40,26),(110,40,27),(111,40,22),(112,40,23),(113,43,2),(114,43,3),(115,43,12),(116,43,13),(117,43,14);

#
# Structure for table "t_sys_specialty"
#

DROP TABLE IF EXISTS `t_sys_specialty`;
CREATE TABLE `t_sys_specialty` (
  `specialtyid` int(11) NOT NULL AUTO_INCREMENT COMMENT '专业编码',
  `specialtyname` varchar(200) DEFAULT NULL COMMENT '专业名称',
  `userid` int(11) DEFAULT NULL COMMENT '添加人编码',
  `createtime` datetime DEFAULT NULL COMMENT '创建时间',
  PRIMARY KEY (`specialtyid`)
) ENGINE=InnoDB AUTO_INCREMENT=396 DEFAULT CHARSET=utf8 COMMENT='专业表';

#
# Data for table "t_sys_specialty"
#

INSERT INTO `t_sys_specialty` VALUES (343,'阿道夫',1,'2015-11-30 15:28:50'),(372,'联系',1,'2015-12-01 11:16:32'),(374,'管理',1,'2015-12-01 11:34:39'),(388,'阿斯蒂芬请问',1,'2015-12-01 13:03:44'),(389,'同意',1,'2015-12-01 13:04:27'),(393,'爱的',1,'2015-12-01 16:31:29'),(394,'商学院',1,'2015-12-22 15:28:35'),(395,'计算机科学与技术',1,'2015-12-25 15:39:12');

#
# Structure for table "t_sys_validatecode"
#

DROP TABLE IF EXISTS `t_sys_validatecode`;
CREATE TABLE `t_sys_validatecode` (
  `codeid` int(11) NOT NULL AUTO_INCREMENT COMMENT '验证码编码',
  `userid` int(11) DEFAULT NULL COMMENT '用户编码',
  `obj` varchar(200) DEFAULT NULL COMMENT '手机号或邮箱',
  `code` int(6) DEFAULT NULL COMMENT '验证码',
  `type` int(2) DEFAULT NULL COMMENT '类型 1注册2找回密码',
  `createtime` datetime DEFAULT NULL COMMENT '创建时间',
  PRIMARY KEY (`codeid`)
) ENGINE=InnoDB AUTO_INCREMENT=24 DEFAULT CHARSET=utf8 COMMENT='验证码表';

#
# Data for table "t_sys_validatecode"
#

INSERT INTO `t_sys_validatecode` VALUES (6,NULL,'asdfuijkl@163.com',542796,2,'2016-01-13 11:19:02'),(14,NULL,'jason-han@outlook.com',594754,2,'2016-01-14 14:05:03'),(19,NULL,'12345678910',136298,1,'2016-01-15 14:15:29'),(20,NULL,'13566666666',410021,1,'2016-01-15 14:18:35'),(22,NULL,'18742477086',553267,2,'2016-01-19 17:00:30'),(23,NULL,'15948308596',173587,2,'2016-01-25 08:57:52');

#
# Structure for table "t_transpay"
#

DROP TABLE IF EXISTS `t_transpay`;
CREATE TABLE `t_transpay` (
  `transpayid` varchar(40) NOT NULL DEFAULT '' COMMENT '充值编码',
  `userid` int(11) DEFAULT NULL COMMENT '翻译编码',
  `amount` float(9,2) DEFAULT '0.00' COMMENT '充值金额',
  `state` int(2) DEFAULT '0' COMMENT '状态 0未支付1支付2失败',
  `transactionid` varchar(40) DEFAULT NULL COMMENT '微信或支付宝订单号',
  `paytype` int(2) DEFAULT NULL COMMENT '支付方式 1支付宝2微信',
  `createtime` datetime DEFAULT NULL COMMENT '创建时间',
  PRIMARY KEY (`transpayid`)
) ENGINE=InnoDB DEFAULT CHARSET=utf8 COMMENT='翻译充值';

#
# Data for table "t_transpay"
#

INSERT INTO `t_transpay` VALUES ('00BD9EF53AF14F65920AF5D9C115DD87',123,0.01,0,NULL,2,'2016-01-18 21:01:42'),('0DF2C68969F840AF96A49A3445A7A3A7',123,0.01,1,NULL,2,'2016-01-13 13:48:22'),('142E207AA45A40C29558DA3B287E097E',114,0.01,1,NULL,2,'2016-01-12 15:48:43'),('14F4CE9D071E4B4998D667441D41BBA2',119,0.01,0,NULL,2,'2016-01-12 16:46:56'),('15BE269E124D4D9DA9395AD2E5C29BBC',114,0.01,0,NULL,2,'2016-01-13 09:25:42'),('15FBFB4D4F5D4F648A5E9442E660919B',119,0.01,0,NULL,2,'2016-01-18 21:34:38'),('1AE25861D04D43B991104B396EACF523',130,1.00,0,NULL,2,'2016-01-18 23:18:45'),('1C73F56A2BC14D9CB4855E895837482E',123,0.01,0,NULL,2,'2016-01-18 21:02:16'),('1DE55BC2B1D4497283EA6FE044D11831',123,112.00,0,NULL,2,'2016-01-18 22:27:16'),('22907C632CEB4319AE663C768A007B06',128,0.01,1,NULL,2,'2016-01-19 10:13:07'),('230B281B95344A9FB0452D81065FEA84',123,0.01,0,NULL,2,'2016-01-13 09:36:20'),('27EEC078F89745FA9F20A6FB0D17D35E',141,0.01,1,NULL,2,'2016-01-13 15:37:49'),('280912F9FFCB4606913D417DFE9CEE65',145,0.01,0,NULL,2,'2016-01-14 18:33:35'),('2D6F2C32655D427FACA6F5E4ED5F444D',145,0.01,0,NULL,2,'2016-01-14 18:32:00'),('3A78D0ACE1AF40CD885B1F192459013B',123,0.01,1,NULL,2,'2016-01-13 13:17:16'),('421A6143D08E488EAF5FB8EED9598050',123,0.01,0,NULL,2,'2016-01-13 14:09:39'),('438D02CECBA047B595F1D747B785F908',128,0.01,1,NULL,2,'2016-01-14 15:08:40'),('45507D64B8E742B2A994D26C84A5092B',123,0.01,0,NULL,2,'2016-01-18 22:27:20'),('479CDB6FC4FF40F6AFE7C3D2DF8097F3',128,0.01,0,NULL,2,'2016-01-20 10:36:04'),('4905E9FBAF7C45BFBA6B26CB05210587',123,0.01,0,NULL,2,'2016-01-18 21:20:07'),('4D2F6B7EEB9A4292A03ABBFB248CB78C',123,333.00,0,NULL,2,'2016-01-18 22:09:42'),('5049C01989A74D878ED184AC692972ED',114,0.01,1,NULL,2,'2016-01-12 15:48:15'),('57502EC4300047F6939023CD51672B32',123,0.01,0,NULL,2,'2016-01-18 21:02:26'),('5CA8B5E7A9E44B31871EB932DF22636D',119,2222.00,0,NULL,2,'2016-01-18 21:34:42'),('6066D6F39A6F44DC8F02BB42D09F4BB1',114,0.01,0,NULL,2,'2016-01-12 15:47:02'),('67954D22A6B04CDC9460FBDD47084D09',123,11111.00,0,NULL,2,'2016-01-18 22:58:37'),('6C1D565CCAEB4AA0ACEEC6A3FB8E23E9',145,0.01,0,NULL,2,'2016-01-14 18:33:55'),('7AEC5009FD1C485DAD6F78916385445D',114,0.01,0,NULL,2,'2016-01-13 09:23:00'),('8DB9B245F6624628AA5A1D0DD2536EA8',123,0.01,0,NULL,2,'2016-01-18 21:01:48'),('93316A65BFCC4F6E80857637710AFA0F',130,0.01,0,NULL,2,'2016-01-18 23:25:40'),('99C8A42157E14CC6BAD9896489168819',128,0.01,0,NULL,2,'2016-01-20 10:36:04'),('9A9ABA0676724A0182586FA60663B2D7',157,0.01,0,NULL,2,'2016-01-19 14:19:01'),('A21F75FD12534A86ABF6243A369B065F',119,0.01,0,NULL,2,'2016-01-12 16:46:35'),('A77E9F5BD6A74CD39AD79A4914E8DB9A',114,0.01,0,NULL,2,'2016-01-13 09:22:10'),('AA2F2F6CABCB4621B50EE10471A8B0EC',128,1111.00,0,NULL,2,'2016-01-20 10:36:00'),('B0E6F8CA9AAA40979D7F3A5B80BFA5C2',128,0.01,0,NULL,2,'2016-01-14 15:11:42'),('B506B9BA00484591A1419B3571476486',123,0.01,0,NULL,2,'2016-01-18 22:09:47'),('B5C30AFE973E4E15A82711F6A9BC2C29',128,666.00,0,NULL,2,'2016-01-19 10:13:00'),('BED8156CA1D34E8184D3E295ED1ED067',128,5588.00,0,NULL,2,'2016-01-14 15:11:48'),('C29A643351D94669AB1114056BFA6017',157,0.01,1,NULL,2,'2016-01-19 14:18:23'),('CBFEDFBD6561472DA31F7D0E0C951C9E',123,333.00,0,NULL,2,'2016-01-18 21:19:56'),('D40CB3D7ECCA47099D8C0714DE092438',141,100.00,0,NULL,2,'2016-01-25 17:28:41'),('D84E6AB4954548B2B39B9ACE39CED5D5',123,0.01,1,NULL,2,'2016-01-13 14:09:55'),('E25B722DB1A44C87BA420542259CE66F',123,0.01,1,NULL,2,'2016-01-18 23:28:02'),('E7C5909FB6CD4838980E4C7B10A0081F',123,0.01,0,NULL,2,'2016-01-18 21:01:42'),('E86B1819025C46979A1183E99074529D',123,0.01,1,NULL,2,'2016-01-13 14:13:07'),('F4D6BAC19EAF49BF80399BED86AC185A',145,10.00,0,NULL,2,'2016-01-14 18:31:28'),('FD7293D4040B4349A9DFAA8C8420E0B6',123,1.00,0,NULL,2,'2016-01-13 15:23:16');

#
# Structure for table "t_user"
#

DROP TABLE IF EXISTS `t_user`;
CREATE TABLE `t_user` (
  `userid` int(11) NOT NULL AUTO_INCREMENT COMMENT '用户编码',
  `account` varchar(100) DEFAULT NULL COMMENT '登录账号',
  `pwd` varchar(40) DEFAULT NULL COMMENT '密码',
  `name` varchar(100) DEFAULT NULL COMMENT '用户姓名',
  `sex` int(2) DEFAULT NULL COMMENT '性别 1男2女',
  `age` int(11) DEFAULT '0' COMMENT '年龄',
  `education` int(2) DEFAULT NULL COMMENT '学历 1本科，2硕士，3博士',
  `school` varchar(500) DEFAULT NULL COMMENT '毕业学校',
  `idcardno` varchar(500) DEFAULT NULL COMMENT '护照号',
  `specialtyid` int(11) DEFAULT NULL COMMENT '专业编码',
  `languageid` int(11) DEFAULT NULL COMMENT '语种编码',
  `countryid` int(11) DEFAULT NULL COMMENT '服务国家编码',
  `provinceid` int(11) DEFAULT NULL COMMENT '服务省或州编码',
  `cityid` int(11) DEFAULT NULL COMMENT '服务城市编码',
  `passporturl` varchar(100) DEFAULT NULL COMMENT '护照照片url',
  `passporturlmin` varchar(100) DEFAULT NULL COMMENT '护照照片压缩url',
  `visaurl` varchar(100) DEFAULT NULL COMMENT '签证照片url',
  `visaurlmin` varchar(100) DEFAULT NULL COMMENT '签证照片压缩url',
  `studentupurl` varchar(100) DEFAULT NULL COMMENT '学生证照片url',
  `studentupurlmin` varchar(100) DEFAULT NULL COMMENT '学生证照片压缩url',
  `studentdownurl` varchar(100) DEFAULT NULL COMMENT '外语等级证明照片url',
  `studentdownurlmin` varchar(100) DEFAULT NULL COMMENT '外语等级证明照片压缩url',
  `state` int(2) DEFAULT '0' COMMENT '是否屏蔽 0未屏蔽1屏蔽',
  `token` varchar(40) DEFAULT NULL COMMENT 'APP端token',
  `createtime` datetime DEFAULT NULL COMMENT '创建时间',
  `x` float(12,9) DEFAULT NULL COMMENT 'x坐标',
  `y` float(12,9) DEFAULT NULL COMMENT 'y轴',
  `level` int(2) DEFAULT NULL COMMENT '等级 1初级2中级3高级',
  `balance` float(15,2) DEFAULT '0.00' COMMENT '帐户余额',
  `birthday` date DEFAULT NULL COMMENT '生日',
  `pushcode` varchar(50) DEFAULT NULL COMMENT '极光注册码',
  `system` int(2) DEFAULT NULL COMMENT '1 android，2 ios',
  `usertype` int(2) DEFAULT NULL COMMENT '用户类型 1后台管理员2翻译3用户',
  `isadmin` int(2) DEFAULT '0' COMMENT '是否超级管理员 0否1是',
  `headurl` varchar(100) DEFAULT NULL COMMENT '头像url',
  `auditstate` int(2) DEFAULT '0' COMMENT '翻译人员审核状态 0未填资料，1审核中，2审核不通过，3审核通过，4申请更新资料，5更新资料审核不通过',
  `remark` varchar(500) DEFAULT NULL COMMENT '个人简介',
  `ip` varchar(20) DEFAULT NULL COMMENT '登录ip地址',
  `lasttime` datetime DEFAULT NULL COMMENT '上次登录时间',
  `transtate` int(2) DEFAULT '0' COMMENT '翻译注册邮箱是否验证 0未验证1验证',
  `exitbalance` float(9,2) DEFAULT '0.00' COMMENT '退出返还金额',
  `apptoken` varchar(300) DEFAULT NULL COMMENT '荣云token',
  `isexit` int(2) DEFAULT '0' COMMENT '是否申请退出 0未申请1申请退出2已退3未退',
  `exittime` datetime DEFAULT NULL COMMENT '申请退出时间',
  `exitpaytype` tinyint(1) DEFAULT NULL COMMENT '申请退出支付方式 1微信2支付宝',
  `exitpayaccount` varchar(200) DEFAULT NULL COMMENT '申请退出支付账号',
  `iosresult` varchar(40) DEFAULT NULL COMMENT 'ios推送号',
  PRIMARY KEY (`userid`),
  UNIQUE KEY `token` (`token`)
) ENGINE=InnoDB AUTO_INCREMENT=158 DEFAULT CHARSET=utf8 COMMENT='用户表';

#
# Data for table "t_user"
#

INSERT INTO `t_user` VALUES (1,'admin','e10adc3949ba59abbe56e057f20f883e','超级管理员',1,0,NULL,NULL,NULL,NULL,NULL,NULL,NULL,NULL,NULL,NULL,NULL,NULL,NULL,NULL,NULL,NULL,0,'77734019D3D04DAE87F90E55B4C210B5wert','2015-11-24 13:27:40',NULL,NULL,NULL,500.00,NULL,'awsd',1,1,1,'123',0,NULL,'10.58.160.237','2016-02-02 14:21:50',1,0.00,NULL,0,NULL,NULL,NULL,NULL),(7,'yubin454545@163.com','e10adc3949ba59abbe56e057f20f883e','2222222222222',2,0,3,'22222222',NULL,393,17,2,9,10,'/upload/images/7/7E3DB97D69324EC49EA43E865BD35568.jpg','/upload/images/7/7E3DB97D69324EC49EA43E865BD35568-min.jpg','/upload/images/2015/12/3/1695B947E3C746F2A98CB0E9AA3C85F3.jpg','/upload/images/2015/12/3/1695B947E3C746F2A98CB0E9AA3C85F3-min.jpg','/upload/images/7/E7BF648DD22F4C92AEF0279CE7E75EC5.jpg','/upload/images/7/E7BF648DD22F4C92AEF0279CE7E75EC5-min.jpg','/upload/images/7/E7BF648DD22F4C92AEF0279CE7E75EC5.jpg','/upload/images/7/E7BF648DD22F4C92AEF0279CE7E75EC5-min.jpg',0,'77734019D3D04DAE87F90E55B4C210B5ghjfg','2015-11-24 13:27:40',NULL,NULL,3,55.00,'2010-01-05','qweq',2,2,0,'1221',4,NULL,NULL,NULL,1,888.00,NULL,2,NULL,NULL,NULL,NULL),(8,'123456','e10adc3949ba59abbe56e057f20f883e','普通管理员',1,0,NULL,NULL,NULL,NULL,NULL,NULL,NULL,NULL,NULL,NULL,NULL,NULL,NULL,NULL,NULL,NULL,0,'77734019D3D04DAE87F90E55B4C210B5qwe','2015-11-26 09:21:00',NULL,NULL,NULL,22.00,NULL,'0a17887679d',2,1,0,'xzas',0,NULL,'22222','2015-12-03 13:47:56',1,0.00,NULL,0,NULL,NULL,NULL,NULL),(9,'15242404223','e10adc3949ba59abbe56e057f20f883e','用户111',1,0,NULL,NULL,NULL,NULL,NULL,2,9,10,NULL,NULL,NULL,NULL,NULL,NULL,NULL,NULL,0,'77734019D3D04DAE87F90E55B4C210B5asd','2015-12-11 14:48:25',NULL,NULL,NULL,0.00,NULL,'23ws',2,3,0,NULL,0,NULL,NULL,NULL,1,0.00,NULL,0,NULL,NULL,NULL,NULL),(29,'15948308596','4297f44b13955235245b2497399d7a93','weictor',1,0,NULL,'沈师师范',NULL,343,1,1,5,6,NULL,NULL,NULL,NULL,NULL,NULL,NULL,NULL,0,'5A1508FF401446D4BF2D25A58E865B95','2015-12-11 14:48:25',NULL,NULL,2,0.05,'2015-12-30',NULL,1,2,0,'/upload/images/2016/1/8/23E0E953E9BD42D4AC054B7FBD21354D-min.jpg',0,NULL,NULL,'2016-01-25 14:45:36',1,0.00,'SYjafBMPYq5FXUuFa5z8qPnOPJ4OJAYNfM464oThqgwF6WYEJNuFK0FGEOzah2Qc3a/IwzxNsX9LBObA+76puA==',0,NULL,NULL,NULL,NULL),(32,'13352475012','25f9e794323b453885f5181f1b624d0b','啊哈哈',1,0,NULL,NULL,NULL,343,1,1,5,6,NULL,NULL,NULL,NULL,NULL,NULL,NULL,NULL,0,'68632677D94A4B7398921E23C5F833F9','2015-12-11 14:48:25',NULL,NULL,2,0.00,'2008-01-07',NULL,1,2,0,'/upload/images/2016/1/7/543736E40B4E4C3FA6679DA764C81931-min.jpg',0,NULL,NULL,'2016-01-07 14:39:13',1,0.00,'uj9rSkkX+Zrxjd4hoousF/nOPJ4OJAYNfM464oThqgxM1f1dwTGz2oOtDhchzZxv0H60vDGv0ZFLBObA+76puA==',0,NULL,NULL,NULL,NULL),(33,'18609822832','1a100d2c0dab19c4430e7d73762b3423','匿名哦哦',1,0,NULL,NULL,NULL,NULL,NULL,NULL,NULL,NULL,NULL,NULL,NULL,NULL,NULL,NULL,NULL,NULL,0,'DD1F576200FF47B48D21E17C0607AAF1','2015-12-11 14:48:25',NULL,NULL,NULL,0.00,'2016-01-02',NULL,1,3,0,'/upload/images/2015/12/21/A59CF56C791243B49F676657FEC8D13C-min.jpg',0,NULL,NULL,'2015-12-24 11:25:50',1,0.00,'dUhQ82kFQfhFXUuFa5z8qPnOPJ4OJAYNfM464oThqgwF6WYEJNuFK9m3a07/2XfCtgJKDhiiB8ZLBObA+76puA==',0,NULL,NULL,NULL,NULL),(34,'18240026465','e10adc3949ba59abbe56e057f20f883e',NULL,NULL,0,NULL,NULL,NULL,NULL,NULL,NULL,NULL,NULL,NULL,NULL,NULL,NULL,NULL,NULL,NULL,NULL,0,'B8ECACACD8A74BD8BCD8FDC6763C8CA1','2015-12-11 14:48:25',NULL,NULL,NULL,0.00,NULL,NULL,1,3,0,NULL,0,NULL,NULL,'2015-12-17 13:39:44',1,0.00,'',0,NULL,NULL,NULL,NULL),(35,'15801122123','92b2a179ae963abba08b62495efabb67',NULL,NULL,0,NULL,NULL,NULL,NULL,NULL,NULL,NULL,NULL,NULL,NULL,NULL,NULL,NULL,NULL,NULL,NULL,0,'0664916D97DF433B9CDADE754F3D36B0','2015-12-11 14:48:25',NULL,NULL,NULL,0.00,NULL,NULL,NULL,3,0,NULL,0,NULL,NULL,NULL,1,0.00,NULL,0,NULL,NULL,NULL,NULL),(36,'15801122124','e10adc3949ba59abbe56e057f20f883e',NULL,NULL,0,NULL,NULL,NULL,NULL,NULL,NULL,NULL,NULL,NULL,NULL,NULL,NULL,NULL,NULL,NULL,NULL,0,'EE67FDC11BD249228AE61D68D472EE4B','2015-12-11 14:48:25',NULL,NULL,NULL,0.00,NULL,NULL,NULL,3,0,NULL,0,NULL,NULL,NULL,1,0.00,NULL,0,NULL,NULL,NULL,NULL),(37,'15801122333','92b2a179ae963abba08b62495efabb67',NULL,NULL,0,NULL,NULL,NULL,NULL,NULL,NULL,NULL,NULL,NULL,NULL,NULL,NULL,NULL,NULL,NULL,NULL,0,'0D9EDEDA3D9948C9A382E31D0237241B','2015-12-11 14:48:25',NULL,NULL,NULL,0.00,NULL,NULL,NULL,3,0,NULL,0,NULL,NULL,NULL,1,0.00,NULL,0,NULL,NULL,NULL,NULL),(38,'15801122133','92b2a179ae963abba08b62495efabb67',NULL,NULL,0,NULL,NULL,NULL,NULL,NULL,NULL,NULL,NULL,NULL,NULL,NULL,NULL,NULL,NULL,NULL,NULL,0,'04BA8F8FFC304991AC8C35C54380552D','2015-12-11 14:48:25',NULL,NULL,NULL,0.00,NULL,NULL,NULL,3,0,NULL,0,NULL,NULL,NULL,1,0.00,NULL,0,NULL,NULL,NULL,NULL),(40,'qqqwww','e10adc3949ba59abbe56e057f20f883e',NULL,NULL,0,NULL,NULL,NULL,NULL,NULL,NULL,NULL,NULL,NULL,NULL,NULL,NULL,NULL,NULL,NULL,NULL,0,'77734019D3D04DAE87F90E55B4C210B5sss','2015-12-11 14:48:25',NULL,NULL,NULL,0.00,NULL,NULL,NULL,1,0,NULL,0,NULL,NULL,NULL,1,0.00,NULL,0,NULL,NULL,NULL,NULL),(41,'15801122321','e10adc3949ba59abbe56e057f20f883e',NULL,NULL,0,NULL,NULL,NULL,NULL,NULL,NULL,NULL,NULL,NULL,NULL,NULL,NULL,NULL,NULL,NULL,NULL,0,'4A59C42C1D0C42589FE11CF2A044177C','2015-12-11 14:48:25',NULL,NULL,NULL,0.00,NULL,NULL,NULL,3,0,NULL,0,NULL,NULL,NULL,1,0.00,NULL,0,NULL,NULL,NULL,NULL),(42,'15801122345','e10adc3949ba59abbe56e057f20f883e',NULL,NULL,0,NULL,NULL,NULL,NULL,NULL,NULL,NULL,NULL,NULL,NULL,NULL,NULL,NULL,NULL,NULL,NULL,0,'77734019D3D04DAE87F90E55B4C210B5','2015-11-26 09:21:00',NULL,NULL,NULL,0.00,NULL,NULL,NULL,3,0,NULL,3,NULL,NULL,NULL,1,0.00,NULL,1,NULL,NULL,NULL,NULL),(43,'taotao','e10adc3949ba59abbe56e057f20f883e',NULL,NULL,0,NULL,NULL,NULL,NULL,NULL,NULL,NULL,NULL,NULL,NULL,NULL,NULL,NULL,NULL,NULL,NULL,1,'77734019D3D04DAE87F90E55B4C210B522','2015-12-11 14:48:25',NULL,NULL,NULL,0.00,NULL,NULL,NULL,1,0,NULL,0,NULL,NULL,NULL,1,0.00,NULL,0,NULL,NULL,NULL,NULL),(44,'15801122456','e10adc3949ba59abbe56e057f20f883e',NULL,NULL,0,NULL,NULL,NULL,NULL,NULL,NULL,NULL,NULL,NULL,NULL,NULL,NULL,NULL,NULL,NULL,NULL,0,'931970055E7840BF851F492EEDB69E09','2015-12-11 14:48:25',NULL,NULL,NULL,0.00,NULL,NULL,NULL,3,0,NULL,0,NULL,NULL,NULL,1,0.00,NULL,0,NULL,NULL,NULL,NULL),(45,'18802456378','e10adc3949ba59abbe56e057f20f883e',NULL,NULL,0,NULL,NULL,NULL,NULL,NULL,NULL,NULL,NULL,NULL,NULL,NULL,NULL,NULL,NULL,NULL,NULL,0,'7E0D94DB60414B6A9E118A3A09EA355E','2015-12-11 14:48:25',NULL,NULL,NULL,0.00,NULL,NULL,NULL,3,0,NULL,0,NULL,NULL,NULL,1,0.00,NULL,0,NULL,NULL,NULL,NULL),(46,'18802456377','e10adc3949ba59abbe56e057f20f883e','55555',2,0,NULL,NULL,NULL,NULL,NULL,NULL,NULL,NULL,NULL,NULL,NULL,NULL,NULL,NULL,NULL,NULL,0,'BA3B3F9BF1EB4619B9853964D4E28CA1','2015-12-11 14:48:25',NULL,NULL,NULL,0.00,'2015-12-14',NULL,2,3,0,'/upload/images/2015/12/31/7A9C90DB261C4C93A26C88425D5129AF-min.jpg',0,NULL,NULL,'2016-01-26 16:14:40',1,0.00,'mBvM0RcSbvmQijV230iZnfnOPJ4OJAYNfM464oThqgwF6WYEJNuFKzDtx1OWsFPInVTZbV71jl5LBObA+76puA==',0,NULL,NULL,NULL,NULL),(47,'1213123213@163.com','96e79218965eb72c92a549dd5a330112',NULL,NULL,0,NULL,NULL,NULL,NULL,NULL,NULL,NULL,NULL,'/upload/images/7/E7BF648DD22F4C92AEF0279CE7E75EC5.jpg','/upload/images/7/E7BF648DD22F4C92AEF0279CE7E75EC5-min.jpg','/upload/images/7/E7BF648DD22F4C92AEF0279CE7E75EC5.jpg','/upload/images/7/E7BF648DD22F4C92AEF0279CE7E75EC5-min.jpg','/upload/images/7/E7BF648DD22F4C92AEF0279CE7E75EC5.jpg','/upload/images/7/E7BF648DD22F4C92AEF0279CE7E75EC5-min.jpg','/upload/images/7/E7BF648DD22F4C92AEF0279CE7E75EC5.jpg','/upload/images/7/E7BF648DD22F4C92AEF0279CE7E75EC5-min.jpg',0,'066490E821514B32BA91FCC6E1B62EF6','2015-12-08 11:12:31',NULL,NULL,2,0.00,NULL,NULL,NULL,2,0,NULL,3,'erqwerqwe',NULL,NULL,1,0.00,NULL,0,NULL,NULL,NULL,NULL),(48,'Abc123@163.com','96e79218965eb72c92a549dd5a330112',NULL,NULL,0,NULL,NULL,NULL,NULL,NULL,NULL,NULL,NULL,'/upload/images/7/E7BF648DD22F4C92AEF0279CE7E75EC5.jpg','/upload/images/7/E7BF648DD22F4C92AEF0279CE7E75EC5-min.jpg','/upload/images/7/E7BF648DD22F4C92AEF0279CE7E75EC5.jpg','/upload/images/7/E7BF648DD22F4C92AEF0279CE7E75EC5-min.jpg','/upload/images/7/E7BF648DD22F4C92AEF0279CE7E75EC5.jpg','/upload/images/7/E7BF648DD22F4C92AEF0279CE7E75EC5-min.jpg','/upload/images/7/E7BF648DD22F4C92AEF0279CE7E75EC5.jpg','/upload/images/7/E7BF648DD22F4C92AEF0279CE7E75EC5-min.jpg',0,'2CE92D2BC4DA41EA82AE376FB76EBE80','2015-12-08 11:16:19',NULL,NULL,2,0.00,NULL,NULL,NULL,2,0,NULL,3,'1431234444444444444444444444444444444444444444444444444444444444444444444444444444444444444as交电话费阿萨德发哈斯酒店客房哈萨克京东方哈空间锁量大幅啊空间锁量大或发送旅客地方哈空间连锁店发哈空间锁量大法律框架上的复活节啊莱克斯顿副科级啊连锁店发哈绿色科技都发哈绿色看的法律框架上的发哈喽的flak集散地flak三季度哈分老卡机岁的发哈喽空间阿萨德弗兰克哈的分老卡机岁的发了哈萨克京东方好好咖的flask都发哈拉开三季度辐铝合金卡萨帝发卡机的分老卡机啊岁的法律空间阿萨德发送的飞机拉萨的飞机as的法律上讲啊看到返回拉萨健康都发哈垃圾死看到发了哈萨克就的',NULL,NULL,1,0.00,NULL,0,NULL,NULL,NULL,NULL),(49,'123@163.com','5b1b68a9abf4d2cd155c81a9225fd158','44444444444',2,0,3,'444444444444444','5476456',393,17,2,9,10,'/upload/images/7/E7BF648DD22F4C92AEF0279CE7E75EC5.jpg','/upload/images/7/E7BF648DD22F4C92AEF0279CE7E75EC5-min.jpg','/upload/images/7/E7BF648DD22F4C92AEF0279CE7E75EC5.jpg','/upload/images/7/E7BF648DD22F4C92AEF0279CE7E75EC5-min.jpg','/upload/images/7/E7BF648DD22F4C92AEF0279CE7E75EC5.jpg','/upload/images/7/E7BF648DD22F4C92AEF0279CE7E75EC5-min.jpg','/upload/images/7/E7BF648DD22F4C92AEF0279CE7E75EC5.jpg','/upload/images/7/E7BF648DD22F4C92AEF0279CE7E75EC5-min.jpg',0,'66E85770F24B47CCAA096446FDE71368','2015-12-08 12:43:20',NULL,NULL,3,0.00,NULL,NULL,2,2,0,NULL,3,'12121212',NULL,'2015-12-10 15:49:33',1,0.00,NULL,0,NULL,NULL,NULL,NULL),(50,'18644443333','e10adc3949ba59abbe56e057f20f883e',NULL,NULL,0,NULL,NULL,NULL,NULL,NULL,NULL,NULL,NULL,NULL,NULL,NULL,NULL,NULL,NULL,NULL,NULL,0,'3ECBCDD616B144C0A30009894895E965','2015-12-08 14:14:47',NULL,NULL,NULL,0.00,NULL,NULL,NULL,3,0,NULL,0,NULL,NULL,NULL,1,0.00,NULL,0,NULL,NULL,NULL,NULL),(51,'15011112222','e10adc3949ba59abbe56e057f20f883e',NULL,NULL,0,NULL,NULL,NULL,NULL,NULL,NULL,NULL,NULL,NULL,NULL,NULL,NULL,NULL,NULL,NULL,NULL,0,'0D78F1E24C2B47818EFE2E0409F3BCC8','2015-12-08 14:27:28',NULL,NULL,NULL,0.00,NULL,NULL,1,3,0,NULL,0,NULL,NULL,'2015-12-16 13:15:31',1,0.00,NULL,0,NULL,NULL,NULL,NULL),(52,'13911112222','e10adc3949ba59abbe56e057f20f883e',NULL,NULL,0,NULL,NULL,NULL,NULL,NULL,NULL,NULL,NULL,NULL,NULL,NULL,NULL,NULL,NULL,NULL,NULL,0,'A50CC50558544C64A66277C8C3AF4F03','2015-12-08 15:02:04',NULL,NULL,NULL,0.00,NULL,NULL,NULL,3,0,NULL,0,NULL,NULL,NULL,1,0.00,NULL,0,NULL,NULL,NULL,NULL),(53,'15811112222','e10adc3949ba59abbe56e057f20f883e',NULL,NULL,0,NULL,NULL,NULL,NULL,NULL,NULL,NULL,NULL,NULL,NULL,NULL,NULL,NULL,NULL,NULL,NULL,0,'B9DFD89B12444580A100B553F05A0758','2015-12-08 15:10:07',NULL,NULL,NULL,0.00,NULL,NULL,NULL,3,0,NULL,0,NULL,NULL,NULL,1,0.00,NULL,0,NULL,NULL,NULL,NULL),(54,'15011113333','e10adc3949ba59abbe56e057f20f883e',NULL,NULL,0,NULL,NULL,NULL,NULL,NULL,NULL,NULL,NULL,NULL,NULL,NULL,NULL,NULL,NULL,NULL,NULL,0,'6393335F862549B4968A317A4857DBB9','2015-12-08 15:20:40',NULL,NULL,NULL,0.00,NULL,NULL,NULL,3,0,NULL,0,NULL,NULL,NULL,1,0.00,NULL,0,NULL,NULL,NULL,NULL),(55,'18877776666','e10adc3949ba59abbe56e057f20f883e',NULL,NULL,0,NULL,NULL,NULL,NULL,NULL,NULL,NULL,NULL,NULL,NULL,NULL,NULL,NULL,NULL,NULL,NULL,0,'204B538C3CF74EECBA11ECB24D1A9E36','2015-12-08 15:38:43',NULL,NULL,NULL,0.00,NULL,NULL,NULL,3,0,NULL,0,NULL,NULL,NULL,1,0.00,NULL,0,NULL,NULL,NULL,NULL),(56,'18866665555','e10adc3949ba59abbe56e057f20f883e',NULL,NULL,0,NULL,NULL,NULL,NULL,NULL,NULL,NULL,NULL,NULL,NULL,NULL,NULL,NULL,NULL,NULL,NULL,0,'4C6A173FA3D64DA88A410458976567CD','2015-12-08 15:40:38',NULL,NULL,NULL,0.00,NULL,NULL,NULL,3,0,NULL,0,NULL,NULL,NULL,1,0.00,NULL,0,NULL,NULL,NULL,NULL),(57,'13901234567','c8837b23ff8aaa8a2dde915473ce0991',NULL,NULL,0,NULL,NULL,NULL,NULL,NULL,NULL,NULL,NULL,NULL,NULL,NULL,NULL,NULL,NULL,NULL,NULL,0,'4769418E876A495796A7E5B094DCE6AD','2015-12-08 15:44:36',NULL,NULL,NULL,0.00,NULL,NULL,NULL,3,0,NULL,0,NULL,NULL,NULL,1,0.00,NULL,0,NULL,NULL,NULL,NULL),(58,'13011112222','e10adc3949ba59abbe56e057f20f883e',NULL,NULL,0,NULL,NULL,NULL,NULL,NULL,NULL,NULL,NULL,NULL,NULL,NULL,NULL,NULL,NULL,NULL,NULL,0,'0F6090F4F3484AB2B9EC6C92E188F40D','2015-12-08 15:53:57',NULL,NULL,NULL,0.00,NULL,NULL,NULL,3,0,NULL,0,NULL,NULL,NULL,1,0.00,NULL,0,NULL,NULL,NULL,NULL),(59,'13966664321','c8837b23ff8aaa8a2dde915473ce0991',NULL,NULL,0,NULL,NULL,NULL,NULL,NULL,NULL,NULL,NULL,NULL,NULL,NULL,NULL,NULL,NULL,NULL,NULL,0,'28EE1D6210FA413EA038698E7697F0D5','2015-12-08 15:58:28',NULL,NULL,NULL,0.00,NULL,NULL,NULL,3,0,NULL,0,NULL,NULL,NULL,1,0.00,NULL,0,NULL,NULL,NULL,NULL),(60,'15012341234','c8837b23ff8aaa8a2dde915473ce0991',NULL,NULL,0,NULL,NULL,NULL,NULL,NULL,NULL,NULL,NULL,NULL,NULL,NULL,NULL,NULL,NULL,NULL,NULL,0,'EB6BAF19A8EA47448B0B00130CF682D2','2015-12-08 16:01:26',NULL,NULL,NULL,0.00,NULL,NULL,NULL,3,0,NULL,0,NULL,NULL,NULL,1,0.00,NULL,0,NULL,NULL,NULL,NULL),(61,'15112341234','c8837b23ff8aaa8a2dde915473ce0991',NULL,NULL,0,NULL,NULL,NULL,NULL,NULL,NULL,NULL,NULL,NULL,NULL,NULL,NULL,NULL,NULL,NULL,NULL,0,'543F641D0FDB4696BAB91B7890964D8A','2015-12-08 16:09:29',NULL,NULL,NULL,0.00,NULL,NULL,NULL,3,0,NULL,0,NULL,NULL,NULL,1,0.00,NULL,0,NULL,NULL,NULL,NULL),(62,'15584152434','e10adc3949ba59abbe56e057f20f883e',NULL,NULL,0,NULL,NULL,NULL,NULL,NULL,NULL,NULL,NULL,NULL,NULL,NULL,NULL,NULL,NULL,NULL,NULL,0,'BD430BAF741F49EEBE4A682E837D9CB1','2015-12-08 17:12:04',NULL,NULL,NULL,0.00,NULL,NULL,NULL,3,0,NULL,0,NULL,NULL,NULL,1,0.00,NULL,0,NULL,NULL,NULL,NULL),(63,'17712341234','e10adc3949ba59abbe56e057f20f883e',NULL,NULL,0,NULL,NULL,NULL,NULL,NULL,NULL,NULL,NULL,NULL,NULL,NULL,NULL,NULL,NULL,NULL,NULL,0,'3D79D02AC905481099E22EF3BBE179A7','2015-12-08 17:46:27',NULL,NULL,NULL,0.00,NULL,NULL,NULL,3,0,NULL,0,NULL,NULL,NULL,1,0.00,NULL,0,NULL,NULL,NULL,NULL),(64,'15612341234','e10adc3949ba59abbe56e057f20f883e',NULL,NULL,0,NULL,NULL,NULL,NULL,NULL,NULL,NULL,NULL,NULL,NULL,NULL,NULL,NULL,NULL,NULL,NULL,0,'64B31EF3184F48C6AE1FAC8EA3B95C06','2015-12-08 17:48:26',NULL,NULL,NULL,0.00,NULL,NULL,NULL,3,0,NULL,0,NULL,NULL,NULL,1,0.00,NULL,0,NULL,NULL,NULL,NULL),(65,'15912341234','e10adc3949ba59abbe56e057f20f883e',NULL,NULL,0,NULL,NULL,NULL,NULL,NULL,NULL,NULL,NULL,NULL,NULL,NULL,NULL,NULL,NULL,NULL,NULL,0,'0072D106F5804B12A8E43449AB4F7BBA','2015-12-08 17:51:24',NULL,NULL,NULL,0.00,NULL,NULL,NULL,3,0,NULL,0,NULL,NULL,NULL,1,0.00,NULL,0,NULL,NULL,NULL,NULL),(66,'17812341234','e10adc3949ba59abbe56e057f20f883e',NULL,NULL,0,NULL,NULL,NULL,NULL,NULL,NULL,NULL,NULL,NULL,NULL,NULL,NULL,NULL,NULL,NULL,NULL,0,'D4FF0BE98FC8473285A4C319CB86E173','2015-12-08 18:10:19',NULL,NULL,NULL,0.00,NULL,NULL,NULL,3,0,NULL,0,NULL,NULL,NULL,1,0.00,NULL,0,NULL,NULL,NULL,NULL),(67,'18912341234','e10adc3949ba59abbe56e057f20f883e',NULL,NULL,0,NULL,NULL,NULL,NULL,NULL,NULL,NULL,NULL,NULL,NULL,NULL,NULL,NULL,NULL,NULL,NULL,0,'DF84899F4BC440159A3EA62F52333043','2015-12-08 18:14:32',NULL,NULL,NULL,0.00,NULL,NULL,NULL,3,0,NULL,0,NULL,NULL,NULL,1,0.00,NULL,0,NULL,NULL,NULL,NULL),(68,'18512341234','e10adc3949ba59abbe56e057f20f883e',NULL,NULL,0,NULL,NULL,NULL,NULL,NULL,NULL,NULL,NULL,NULL,NULL,NULL,NULL,NULL,NULL,NULL,NULL,0,'87E082FD907A4AD198F4C0A48FA96E42','2015-12-08 18:35:01',NULL,NULL,NULL,0.00,NULL,NULL,NULL,3,0,NULL,0,NULL,NULL,NULL,1,0.00,NULL,0,NULL,NULL,NULL,NULL),(69,'17745674567','e10adc3949ba59abbe56e057f20f883e',NULL,NULL,0,NULL,NULL,NULL,NULL,NULL,NULL,NULL,NULL,NULL,NULL,NULL,NULL,NULL,NULL,NULL,NULL,0,'7945DF3D46874C4290F2A1428B193771','2015-12-08 18:36:48',NULL,NULL,NULL,0.00,NULL,NULL,NULL,3,0,NULL,0,NULL,NULL,NULL,1,0.00,NULL,0,NULL,NULL,NULL,NULL),(70,'13941336602','e10adc3949ba59abbe56e057f20f883e',NULL,NULL,0,NULL,NULL,NULL,NULL,NULL,NULL,NULL,NULL,NULL,NULL,NULL,NULL,NULL,NULL,NULL,NULL,0,'8E129839CBAE465787E6A4FBAC6F21BD','2015-12-08 18:37:49',NULL,NULL,NULL,0.00,NULL,NULL,NULL,3,0,NULL,0,NULL,NULL,NULL,1,0.00,NULL,0,NULL,NULL,NULL,NULL),(71,'13941336603','e10adc3949ba59abbe56e057f20f883e',NULL,NULL,0,NULL,NULL,NULL,NULL,NULL,NULL,NULL,NULL,NULL,NULL,NULL,NULL,NULL,NULL,NULL,NULL,0,'542DF18D2DD54F6BABBF400241746D22','2015-12-08 18:39:34',NULL,NULL,NULL,0.00,NULL,NULL,NULL,3,0,NULL,0,NULL,NULL,NULL,1,0.00,NULL,0,NULL,NULL,NULL,NULL),(72,'13312341234','e10adc3949ba59abbe56e057f20f883e',NULL,NULL,0,NULL,NULL,NULL,NULL,NULL,NULL,NULL,NULL,NULL,NULL,NULL,NULL,NULL,NULL,NULL,NULL,0,'0AA15D289D59470FADC6FEDDE7DEDFE6','2015-12-08 18:49:09',NULL,NULL,NULL,0.00,NULL,NULL,NULL,3,0,NULL,0,NULL,NULL,NULL,1,0.00,NULL,0,NULL,NULL,NULL,NULL),(73,'401693062@qq.com','4297f44b13955235245b2497399d7a93','123',0,0,NULL,NULL,NULL,NULL,NULL,NULL,NULL,NULL,NULL,NULL,NULL,NULL,NULL,NULL,NULL,'',0,'21BDBAAA65FC4C07BF285A9C6EE857AE','2015-12-09 09:20:52',NULL,NULL,3,0.00,NULL,NULL,1,2,0,'/upload/images/2015/12/24/4A8ECDBE88A445A2B0C18B1A3337C357-min.jpg',1,NULL,NULL,'2016-01-05 09:02:59',1,994.00,'hH9NFMql6CbNf6/drdFTnPnOPJ4OJAYNfM464oThqgwF6WYEJNuFK8PVZ7PZ0Tm0N5CLOWcpxRlLBObA+76puA==',2,NULL,NULL,NULL,NULL),(74,'1147187085@qq.com','4297f44b13955235245b2497399d7a93','564',1,0,1,'45645',NULL,372,5,1,5,6,'/upload/images/7/E7BF648DD22F4C92AEF0279CE7E75EC5.jpg','/upload/images/7/E7BF648DD22F4C92AEF0279CE7E75EC5-min.jpg','/upload/images/7/E7BF648DD22F4C92AEF0279CE7E75EC5.jpg','/upload/images/7/E7BF648DD22F4C92AEF0279CE7E75EC5-min.jpg','/upload/images/7/E7BF648DD22F4C92AEF0279CE7E75EC5.jpg','/upload/images/7/E7BF648DD22F4C92AEF0279CE7E75EC5-min.jpg','/upload/images/7/E7BF648DD22F4C92AEF0279CE7E75EC5.jpg','/upload/images/7/E7BF648DD22F4C92AEF0279CE7E75EC5-min.jpg',0,'8A8466D584CF40A698A3A25A72056F72','2015-12-09 09:34:53',NULL,NULL,1,0.00,NULL,NULL,NULL,2,0,NULL,3,NULL,NULL,NULL,1,0.00,NULL,0,NULL,NULL,NULL,NULL),(75,'13841338888','e10adc3949ba59abbe56e057f20f883e',NULL,NULL,0,NULL,NULL,NULL,NULL,NULL,NULL,NULL,NULL,NULL,NULL,NULL,NULL,NULL,NULL,NULL,NULL,0,'E037F0AE3DA54D89BC88CA9F18F2A412','2015-12-09 10:09:56',NULL,NULL,NULL,0.00,NULL,NULL,NULL,3,0,NULL,0,NULL,NULL,NULL,1,0.00,NULL,0,NULL,NULL,NULL,NULL),(76,'15899998888','e10adc3949ba59abbe56e057f20f883e',NULL,NULL,0,NULL,NULL,NULL,NULL,NULL,NULL,NULL,NULL,NULL,NULL,NULL,NULL,NULL,NULL,NULL,NULL,0,'5A66A45282D741FA8E1373566F878221','2015-12-09 10:34:03',NULL,NULL,NULL,0.00,NULL,NULL,1,3,0,'/upload/images/2015/12/14/DDF1A780D08F47B8B819EE7FB4A76378-min.jpg',0,NULL,NULL,'2015-12-16 13:16:16',1,0.00,NULL,0,NULL,NULL,NULL,NULL),(77,'17766667777','e10adc3949ba59abbe56e057f20f883e',NULL,NULL,0,NULL,NULL,NULL,NULL,NULL,NULL,NULL,NULL,NULL,NULL,NULL,NULL,NULL,NULL,NULL,NULL,0,'97019D6CD4204137B1912F28570B7BC7','2015-12-09 11:09:50',NULL,NULL,NULL,0.00,NULL,NULL,NULL,3,0,NULL,0,NULL,NULL,NULL,1,0.00,NULL,0,NULL,NULL,NULL,NULL),(78,'15801122888','e10adc3949ba59abbe56e057f20f883e',NULL,NULL,0,NULL,NULL,NULL,NULL,NULL,NULL,NULL,NULL,NULL,NULL,NULL,NULL,NULL,NULL,NULL,NULL,0,'A50B4932C6A840C68DD943B32EBA83F2','2015-12-09 11:12:39',NULL,NULL,NULL,0.00,NULL,NULL,NULL,3,0,NULL,0,NULL,NULL,NULL,1,0.00,NULL,0,NULL,NULL,NULL,NULL),(79,'13344445555','e10adc3949ba59abbe56e057f20f883e',NULL,NULL,0,NULL,NULL,NULL,NULL,NULL,NULL,NULL,NULL,NULL,NULL,NULL,NULL,NULL,NULL,NULL,NULL,0,'B3C28DC0249E45E889F3FAA20BBB20F8','2015-12-09 11:26:28',NULL,NULL,NULL,0.00,NULL,NULL,NULL,3,0,NULL,0,NULL,NULL,NULL,1,0.00,NULL,0,NULL,NULL,NULL,NULL),(80,'13212341234','e10adc3949ba59abbe56e057f20f883e',NULL,NULL,0,NULL,NULL,NULL,NULL,NULL,NULL,NULL,NULL,NULL,NULL,NULL,NULL,NULL,NULL,NULL,NULL,0,'80241453955B4E9899479DF8FB7B2F3E','2015-12-09 12:19:25',NULL,NULL,NULL,0.00,NULL,NULL,NULL,3,0,NULL,0,NULL,NULL,NULL,1,0.00,NULL,0,NULL,NULL,NULL,NULL),(81,'15212341234','e10adc3949ba59abbe56e057f20f883e',NULL,NULL,0,NULL,NULL,NULL,NULL,NULL,NULL,NULL,NULL,NULL,NULL,NULL,NULL,NULL,NULL,NULL,NULL,0,'81329C136BC749999333976AAF37164A','2015-12-09 12:47:27',NULL,NULL,NULL,0.00,NULL,NULL,NULL,3,0,NULL,0,NULL,NULL,NULL,1,0.00,NULL,0,NULL,NULL,NULL,NULL),(82,'13941336600','e10adc3949ba59abbe56e057f20f883e',NULL,NULL,0,NULL,NULL,NULL,NULL,NULL,NULL,NULL,NULL,NULL,NULL,NULL,NULL,NULL,NULL,NULL,NULL,0,'F85F053CFDCE4778ADDD9E67D45CD5E9','2015-12-09 12:52:03',NULL,NULL,NULL,0.00,NULL,NULL,NULL,3,0,NULL,0,NULL,NULL,NULL,1,0.00,NULL,0,NULL,NULL,NULL,NULL),(83,'18077778888','e10adc3949ba59abbe56e057f20f883e',NULL,NULL,0,NULL,NULL,NULL,NULL,NULL,NULL,NULL,NULL,NULL,NULL,NULL,NULL,NULL,NULL,NULL,NULL,0,'DA591075AABF410894D20E45F6609169','2015-12-09 12:57:44',NULL,NULL,NULL,0.00,NULL,NULL,NULL,3,0,NULL,0,NULL,NULL,NULL,1,0.00,NULL,0,NULL,NULL,NULL,NULL),(84,'13755556666','e10adc3949ba59abbe56e057f20f883e',NULL,NULL,0,NULL,NULL,NULL,NULL,NULL,NULL,NULL,NULL,NULL,NULL,NULL,NULL,NULL,NULL,NULL,NULL,0,'EC0CEA931E1D4D40A063920527E31117','2015-12-09 13:00:29',NULL,NULL,NULL,0.00,NULL,NULL,NULL,3,0,NULL,0,NULL,NULL,NULL,1,0.00,NULL,0,NULL,NULL,NULL,NULL),(85,'18812341234','e10adc3949ba59abbe56e057f20f883e',NULL,NULL,0,NULL,NULL,NULL,NULL,NULL,NULL,NULL,NULL,NULL,NULL,NULL,NULL,NULL,NULL,NULL,NULL,0,'052DB448C60943A8BB51B279F3620DE2','2015-12-09 16:49:35',NULL,NULL,NULL,0.00,NULL,NULL,1,3,0,NULL,0,NULL,NULL,'2015-12-10 19:27:24',1,0.00,NULL,0,NULL,NULL,NULL,NULL),(86,'15801122123@163.com','e10adc3949ba59abbe56e057f20f883e',NULL,NULL,0,NULL,NULL,NULL,NULL,NULL,NULL,NULL,NULL,NULL,NULL,NULL,NULL,NULL,NULL,NULL,NULL,0,'BB09C16C671549BFBD5C4932B3CA6A97','2015-12-10 13:31:08',NULL,NULL,1,0.00,NULL,NULL,1,2,0,NULL,3,'qwerqw',NULL,'2016-01-19 10:26:35',1,0.00,'mAJsISCtcOSfmugh4e5Kl/bbsiT4fyT74fnCUIs9TO7N0aIXjPY2OBJVwHehyzQkXLXzG5vAhR4=',0,NULL,NULL,NULL,NULL),(87,'123456@163.com','e10adc3949ba59abbe56e057f20f883e',NULL,NULL,0,NULL,NULL,NULL,NULL,NULL,NULL,NULL,NULL,NULL,NULL,NULL,NULL,NULL,NULL,NULL,NULL,0,'D48BEA6535D94C0092B129C0FA26A295','2015-12-10 15:10:02',NULL,NULL,NULL,0.00,NULL,NULL,NULL,2,0,NULL,0,NULL,NULL,NULL,1,0.00,NULL,0,NULL,NULL,NULL,NULL),(88,'447059111@qq.com','e10adc3949ba59abbe56e057f20f883e',NULL,NULL,0,NULL,NULL,NULL,NULL,NULL,NULL,NULL,NULL,NULL,NULL,NULL,NULL,NULL,NULL,NULL,NULL,0,'E60BA2C4B9674383BE9D591D8D1496B9','2015-12-10 15:10:50',NULL,NULL,1,0.00,NULL,NULL,NULL,2,0,NULL,3,NULL,NULL,NULL,1,0.00,NULL,0,NULL,NULL,NULL,NULL),(89,'111@163.com','4297f44b13955235245b2497399d7a93','Bibibibbi',1,0,3,'Liaoning university ','210181198709088337',393,1,1,3,4,'/upload/images/2015/12/10/315EE4632B834CA9BE62441096F7FAF2.jpg','/upload/images/2015/12/10/315EE4632B834CA9BE62441096F7FAF2-min.jpg','/upload/images/2015/12/10/69AEF3DB7E94453B8810B8D12FA6B670.jpg','/upload/images/2015/12/10/69AEF3DB7E94453B8810B8D12FA6B670-min.jpg','/upload/images/2015/12/10/558A792B4EB94DDEB55278B45053B343.jpg','/upload/images/2015/12/10/558A792B4EB94DDEB55278B45053B343-min.jpg','/upload/images/2015/12/10/EE1849AB96344DA791791401A649C6F7.jpg','/upload/images/2015/12/10/EE1849AB96344DA791791401A649C6F7-min.jpg',0,'65844E61F62B4987A96691E2AF58AA82','2015-12-10 15:50:19',NULL,NULL,2,0.00,NULL,NULL,1,2,0,NULL,3,'Hello world',NULL,'2016-01-11 10:37:22',1,0.00,'fODEI+w5ySKA/EFQ7tcaQPnOPJ4OJAYNfM464oThqgxM1f1dwTGz2rpz8RXWTVgKjN8AZbRrNRhLBObA+76puA==',0,NULL,NULL,NULL,NULL),(90,'405602650@qq.com','96e79218965eb72c92a549dd5a330112',NULL,NULL,0,NULL,NULL,NULL,NULL,NULL,NULL,NULL,NULL,NULL,NULL,NULL,NULL,NULL,NULL,NULL,NULL,0,'ABB74997D08D434DBC95970ABA401E69','2015-12-11 10:35:38',NULL,NULL,2,0.00,NULL,NULL,NULL,2,0,NULL,3,NULL,NULL,NULL,1,0.00,NULL,0,NULL,NULL,NULL,NULL),(91,'555@163.com','e10adc3949ba59abbe56e057f20f883e','Du Minghao',1,0,3,'Liaoning University ','210181198709088337',343,1,2,7,8,'/upload/images/2015/12/14/E9F1D68793704A3CA72A3AFDF87D03EE.jpg','/upload/images/2015/12/14/E9F1D68793704A3CA72A3AFDF87D03EE-min.jpg','/upload/images/2015/12/14/18FEC418AC1C4754B501B8D0B7070FA2.jpg','/upload/images/2015/12/14/18FEC418AC1C4754B501B8D0B7070FA2-min.jpg','/upload/images/2015/12/14/6CCAD22968724AF1922AB7EB02988BFA.jpg','/upload/images/2015/12/14/6CCAD22968724AF1922AB7EB02988BFA-min.jpg','/upload/images/2015/12/14/A733273B12D5429283AFB68BF3C90F63.jpg','/upload/images/2015/12/14/A733273B12D5429283AFB68BF3C90F63-min.jpg',0,'FFF9875E197B4245865A72CFF7530C21','2015-12-11 10:57:07',NULL,NULL,2,9970.00,NULL,NULL,2,2,0,'/upload/images/2015/12/16/D4A049BC38074167A072533074B5710E-min.jpg',3,'Hello ,world !',NULL,'2015-12-16 12:46:45',1,0.00,NULL,0,NULL,NULL,NULL,NULL),(92,'15500000000','96e79218965eb72c92a549dd5a330112',NULL,1,0,NULL,NULL,NULL,NULL,NULL,NULL,NULL,NULL,NULL,NULL,NULL,NULL,NULL,NULL,NULL,NULL,0,'A46D7AD42B474E35BFC6CFF7349A31E8','2015-12-11 13:33:31',NULL,NULL,NULL,0.00,'2015-12-11',NULL,2,3,0,NULL,0,NULL,NULL,'2015-12-11 15:33:36',1,0.00,NULL,0,NULL,NULL,NULL,NULL),(93,'15500000001','96e79218965eb72c92a549dd5a330112',NULL,NULL,0,NULL,NULL,NULL,NULL,NULL,NULL,NULL,NULL,NULL,NULL,NULL,NULL,NULL,NULL,NULL,NULL,0,'105F7B6354B0428CA1134042267DF281','2015-12-11 13:39:45',NULL,NULL,NULL,0.00,NULL,NULL,2,3,0,NULL,0,NULL,NULL,'2015-12-11 15:17:28',1,0.00,NULL,0,NULL,NULL,NULL,NULL),(94,'heheta@111.com','96e79218965eb72c92a549dd5a330112','fanyi001',1,0,1,'xuexiao','445121198507041515',374,1,1,3,4,'/upload/images/2015/12/11/E3B02AE433144C3187776384BB777CB1.jpg','/upload/images/2015/12/11/E3B02AE433144C3187776384BB777CB1-min.jpg','/upload/images/2015/12/11/11E42E3784B54EE98607F63F1A3E3E9A.jpg','/upload/images/2015/12/11/11E42E3784B54EE98607F63F1A3E3E9A-min.jpg','/upload/images/2015/12/11/7C2F7C79472E4160A5A4EB0D2FC0DF12.jpg','/upload/images/2015/12/11/7C2F7C79472E4160A5A4EB0D2FC0DF12-min.jpg','/upload/images/2015/12/11/324C194B1FC942F0822DD91CFC0CD5D0.jpg','/upload/images/2015/12/11/324C194B1FC942F0822DD91CFC0CD5D0-min.jpg',0,'283969C912304A56B8FDF8062FAE0702','2015-12-11 14:48:25',NULL,NULL,2,0.00,NULL,NULL,2,2,0,NULL,3,'',NULL,'2015-12-11 15:12:18',1,0.00,NULL,0,NULL,NULL,NULL,NULL),(95,'heheta@222.com','96e79218965eb72c92a549dd5a330112','fanyi2',2,0,3,'xuexiao','451300198009212219',388,1,1,3,4,'/upload/images/2015/12/11/8BE6A891BB8740D7940B9FEA9BF7055D.jpg','/upload/images/2015/12/11/8BE6A891BB8740D7940B9FEA9BF7055D-min.jpg','/upload/images/2015/12/11/801CE1101F7A4B2CAC4436EC472DC557.jpg','/upload/images/2015/12/11/801CE1101F7A4B2CAC4436EC472DC557-min.jpg','/upload/images/2015/12/11/6485D2BFA70944319A23A4C96ED26511.jpg','/upload/images/2015/12/11/6485D2BFA70944319A23A4C96ED26511-min.jpg','/upload/images/2015/12/11/F90C695E2CDD42D4A83024A88B41EA59.jpg','/upload/images/2015/12/11/F90C695E2CDD42D4A83024A88B41EA59-min.jpg',0,'97DFC80608AA4EEAAA9C4DD8597FB688','2015-12-11 15:02:47',NULL,NULL,2,0.00,NULL,NULL,2,2,0,NULL,3,'',NULL,'2015-12-11 15:03:41',1,0.00,NULL,0,NULL,NULL,NULL,NULL),(96,'heheta@333.com','96e79218965eb72c92a549dd5a330112','fanyi3',2,0,2,'xuexiao','341503198212082231',389,11,1,3,4,'/upload/images/2015/12/11/CA59F0D1EE094184A70A34D3BB37DA7B.jpg','/upload/images/2015/12/11/CA59F0D1EE094184A70A34D3BB37DA7B-min.jpg','/upload/images/2015/12/11/557DF3603D8241FC8E8F5C1EEEA64E16.jpg','/upload/images/2015/12/11/557DF3603D8241FC8E8F5C1EEEA64E16-min.jpg','/upload/images/2015/12/11/E970E2D05A9B4F6291540BBD5910AD54.jpg','/upload/images/2015/12/11/E970E2D05A9B4F6291540BBD5910AD54-min.jpg','/upload/images/2015/12/11/938DAF12B05847C08C3E3B57337B4731.jpg','/upload/images/2015/12/11/938DAF12B05847C08C3E3B57337B4731-min.jpg',0,'46A32A54518F42478A9F09F639D06D43','2015-12-11 15:06:43',NULL,NULL,1,0.00,NULL,NULL,1,2,0,NULL,3,'111',NULL,'2015-12-16 10:43:13',1,0.00,NULL,0,NULL,NULL,NULL,NULL),(97,'sdfsdf@sdf.com','96e79218965eb72c92a549dd5a330112',NULL,NULL,0,NULL,NULL,NULL,NULL,NULL,NULL,NULL,NULL,NULL,NULL,NULL,NULL,NULL,NULL,NULL,NULL,0,'8A6BEEC5369B4D2B9B1D53CC3255CB48','2015-12-11 15:13:15',NULL,NULL,NULL,0.00,NULL,NULL,NULL,2,0,NULL,0,NULL,NULL,NULL,1,0.00,NULL,0,NULL,NULL,NULL,NULL),(98,'111@111.com','96e79218965eb72c92a549dd5a330112',NULL,NULL,0,NULL,NULL,NULL,NULL,NULL,NULL,NULL,NULL,NULL,NULL,NULL,NULL,NULL,NULL,NULL,NULL,0,'18D35481802649E7AA32BC565A6E49ED','2015-12-11 15:13:47',NULL,NULL,NULL,0.00,NULL,NULL,2,2,0,NULL,0,NULL,NULL,'2015-12-11 15:16:32',1,0.00,NULL,0,NULL,NULL,NULL,NULL),(99,'15012341111','e10adc3949ba59abbe56e057f20f883e',NULL,NULL,0,NULL,NULL,NULL,NULL,NULL,NULL,NULL,NULL,NULL,NULL,NULL,NULL,NULL,NULL,NULL,NULL,0,'AD6EA54B46FB4ED2B9A7906DBE35866A','2015-12-14 19:07:14',NULL,NULL,NULL,0.00,NULL,NULL,1,3,0,NULL,0,NULL,NULL,'2015-12-14 19:07:50',0,0.00,NULL,0,NULL,NULL,NULL,NULL),(100,'111@qq.com','4297f44b13955235245b2497399d7a93','123321',2,0,1,'1','111111111111111111',343,1,1,3,4,'/upload/images/2015/12/16/AA2413C2496F457A8B6EA7DFEF72A787.jpg','/upload/images/2015/12/16/AA2413C2496F457A8B6EA7DFEF72A787-min.jpg','/upload/images/2015/12/16/E6A7BFF9CEDF4D0EAC9054B33E5B8C74.jpg','/upload/images/2015/12/16/E6A7BFF9CEDF4D0EAC9054B33E5B8C74-min.jpg','/upload/images/2015/12/16/E98ED552D5CB4B699FAB7A324111CEC4.jpg','/upload/images/2015/12/16/E98ED552D5CB4B699FAB7A324111CEC4-min.jpg','/upload/images/2015/12/16/EEF4565A50BE4FD5A22D91F1038DEEF5.jpg','/upload/images/2015/12/16/EEF4565A50BE4FD5A22D91F1038DEEF5-min.jpg',0,'5B535A75E0E34241ADE9E6E421C75102','2015-12-15 19:05:12',NULL,NULL,2,10000.00,'1111-11-11',NULL,1,2,0,'/upload/images/2016/1/18/D771F007F88942CF93E8E93554AED3CB-min.jpg',4,'1',NULL,'2016-01-19 08:42:36',1,0.00,'7O9vukNZfORUhzX+s1EFovnOPJ4OJAYNfM464oThqgwF6WYEJNuFK06H7YKpxrgARlqainajX+BLBObA+76puA==',0,NULL,NULL,NULL,NULL),(101,'222@qq.com','4297f44b13955235245b2497399d7a93','111111',1,0,2,'111','1211',343,1,0,5,6,'http://112.64.173.178/images/upload/images/2016/1/6/E8E72C6E54864D43BF6B886BB225CE7C.jpg','http://112.64.173.178/images/upload/images/2016/1/6/E8E72C6E54864D43BF6B886BB225CE7C-min.jpg','null','null','null','null','null','null',0,'FEE3A370B48046DB81F6D32D39BC1441','2015-12-15 19:05:33',NULL,NULL,2,9958.00,NULL,NULL,1,2,0,'/upload/images/2016/1/6/A6F80DA73061467A8A78731D8C88AF95-min.jpg',3,'111',NULL,'2016-01-19 08:52:26',1,0.00,'lHzT9kToCCerfaj83XJcY/bbsiT4fyT74fnCUIs9TO6tZvJywQsis4Fg7FMNHlOsCh9tpNvyr+Q=',0,NULL,NULL,NULL,NULL),(102,'333@qq.com','4297f44b13955235245b2497399d7a93','xingbuxing',1,0,1,'1111','21040419881221237',343,1,0,3,4,'/upload/images/2016/1/6/6ED53F78A9D2430BAF4F4055CAFBD7A6.jpg','/upload/images/2016/1/6/6ED53F78A9D2430BAF4F4055CAFBD7A6-min.jpg','/upload/images/2016/1/6/E90DB35F8DC54092A4FCA0749460E465.jpg','/upload/images/2016/1/6/E90DB35F8DC54092A4FCA0749460E465-min.jpg','/upload/images/2016/1/6/4B70FB35572B4CA1A0081D75488ED4C8.jpg','/upload/images/2016/1/6/4B70FB35572B4CA1A0081D75488ED4C8-min.jpg','/upload/images/2016/1/6/5F01FA83FE924A54A62203A190297946.jpg','/upload/images/2016/1/6/5F01FA83FE924A54A62203A190297946-min.jpg',0,'9B5BFADB5DAA408EB5D4BF6E8B5CCE29','2015-12-15 19:05:45',NULL,NULL,2,10000.00,NULL,NULL,1,2,0,NULL,4,'weqweqw',NULL,'2016-01-07 10:24:02',1,0.00,'d+2VtAH73El3xPU1YfCe2vbbsiT4fyT74fnCUIs9TO6gdt0kKDSwu6lROtfrPIBXjzmIKlVPUa4=',0,NULL,NULL,NULL,NULL),(103,'666@163.com','e10adc3949ba59abbe56e057f20f883e',NULL,NULL,0,NULL,NULL,NULL,NULL,NULL,NULL,NULL,NULL,NULL,NULL,NULL,NULL,NULL,NULL,NULL,NULL,0,'59E5EB26CF7F4F5FB5E2A69E0DEF3C03','2015-12-16 10:12:56',NULL,NULL,NULL,0.00,NULL,NULL,NULL,2,0,NULL,0,NULL,NULL,NULL,0,0.00,NULL,0,NULL,NULL,NULL,NULL),(106,'17000000000','e10adc3949ba59abbe56e057f20f883e',NULL,1,0,NULL,NULL,NULL,NULL,NULL,NULL,NULL,NULL,NULL,NULL,NULL,NULL,NULL,NULL,NULL,NULL,0,'B7DBC2F6D6704AC39259654923FE28E8','2015-12-16 13:22:17',NULL,NULL,NULL,0.00,NULL,NULL,1,3,0,NULL,0,NULL,NULL,'2015-12-17 16:01:09',0,0.00,'',0,NULL,NULL,NULL,NULL),(114,'asdfuijkl@163.com','e10adc3949ba59abbe56e057f20f883e','杜明浩',1,0,1,'沈阳师范大学－软件学院','210181198709088337',343,1,2,7,8,'/upload/images/2015/12/16/013465F0BBFC44619BCB1AAFC5CCFBEF.jpg','/upload/images/2015/12/16/013465F0BBFC44619BCB1AAFC5CCFBEF-min.jpg','/upload/images/2015/12/16/A21E029235894919935D202666AB818F.jpg','/upload/images/2015/12/16/A21E029235894919935D202666AB818F-min.jpg','/upload/images/2015/12/16/5F7F10263DED47EAA07CBDAA7241E35B.jpg','/upload/images/2015/12/16/5F7F10263DED47EAA07CBDAA7241E35B-min.jpg','/upload/images/2015/12/16/28A56ADBB3CD45689E8C7D02A50CB51A.jpg','/upload/images/2015/12/16/28A56ADBB3CD45689E8C7D02A50CB51A-min.jpg',0,'C27CDE2141D24A7A97A5A0C2E7E00E09','2015-12-16 16:10:47',NULL,NULL,2,9994.02,'1987-09-08',NULL,2,2,0,'/upload/images/2016/1/6/D7708081760D474BB90BDE04D65E5384-min.jpg',3,'英语水平很好，全心全意为您服务。',NULL,'2016-01-26 09:38:25',1,0.00,'hK7sZNQCf9bEeAtUUufwuis/9QubkIymiMsy0eaBU79nWq99zmm8R2ZRrnVuUq/6eJSv2kj10Y0=',0,NULL,NULL,NULL,NULL),(115,'15940290864','1a100d2c0dab19c4430e7d73762b3423',NULL,NULL,0,NULL,NULL,NULL,NULL,NULL,NULL,NULL,NULL,NULL,NULL,NULL,NULL,NULL,NULL,NULL,NULL,0,'1B5F0C6345B54B119AA9E8020ADD2114','2015-12-18 14:27:09',NULL,NULL,NULL,0.00,NULL,NULL,1,3,0,NULL,0,NULL,NULL,'2015-12-18 14:27:21',0,0.00,'',0,NULL,NULL,NULL,NULL),(116,'666@qq.com','4297f44b13955235245b2497399d7a93',NULL,NULL,0,NULL,NULL,NULL,NULL,NULL,NULL,NULL,NULL,NULL,NULL,NULL,NULL,NULL,NULL,NULL,NULL,0,'819CE627C4F74B80BBFE02914C7AC972','2015-12-18 14:32:11',NULL,NULL,NULL,0.00,NULL,NULL,NULL,2,0,NULL,0,NULL,NULL,NULL,0,0.00,NULL,0,NULL,NULL,NULL,NULL),(117,'888@qq.com','4297f44b13955235245b2497399d7a93',NULL,NULL,0,NULL,NULL,NULL,NULL,NULL,NULL,NULL,NULL,NULL,NULL,NULL,NULL,NULL,NULL,NULL,NULL,0,'EAFBF5867E3543FDA06A972BD284B753','2015-12-18 14:32:26',NULL,NULL,NULL,0.00,NULL,NULL,NULL,2,0,NULL,0,NULL,NULL,NULL,0,0.00,NULL,0,NULL,NULL,NULL,NULL),(118,'123@qq.com','4297f44b13955235245b2497399d7a93',NULL,NULL,0,NULL,NULL,NULL,NULL,NULL,NULL,NULL,NULL,NULL,NULL,NULL,NULL,NULL,NULL,NULL,NULL,0,'2A173E82ECBE492C9E8F37CBC8E8C9A7','2015-12-18 14:32:36',NULL,NULL,NULL,0.00,NULL,NULL,NULL,2,0,NULL,0,NULL,NULL,NULL,0,0.00,NULL,0,NULL,NULL,NULL,NULL),(119,'000@qq.com','4297f44b13955235245b2497399d7a93','呵呵',1,0,1,'123csad','111222333433333231',343,1,2,7,8,'/upload/images/2015/12/18/3708D5B0A4084563A74E8B46C067A0DA.jpg','/upload/images/2015/12/18/3708D5B0A4084563A74E8B46C067A0DA-min.jpg','/upload/images/2015/12/18/9FA6E301DDCD41B18DC6AA13C6107CDC.jpg','/upload/images/2015/12/18/9FA6E301DDCD41B18DC6AA13C6107CDC-min.jpg','/upload/images/2015/12/18/80B2405267324DF0919FF5114E1CA705.jpg','/upload/images/2015/12/18/80B2405267324DF0919FF5114E1CA705-min.jpg','/upload/images/2015/12/18/65BF7C6FCD844A2EB4DF551FE0F505FD.jpg','/upload/images/2015/12/18/65BF7C6FCD844A2EB4DF551FE0F505FD-min.jpg',0,'D6A3BE1A0DEF4D3D89F1368852DD675F','2015-12-18 14:32:53',NULL,NULL,2,10000.00,'3336-10-03',NULL,1,2,0,'/upload/images/2016/1/6/7315113AF24D47E7BFF07FC3FCCD84ED-min.jpg',3,'123123asdas',NULL,'2016-01-18 21:35:08',1,0.00,'GH+tGWKC6NrhuQwO9LOpLPbbsiT4fyT74fnCUIs9TO6tZvJywQsis+HymyI9aaC6/32ap8QM3Q4=',0,NULL,NULL,NULL,NULL),(120,'15940279100','e10adc3949ba59abbe56e057f20f883e','qwertyuiopqwetryuiop',2,0,NULL,NULL,NULL,NULL,NULL,NULL,NULL,NULL,NULL,NULL,NULL,NULL,NULL,NULL,NULL,NULL,0,'19346E4E34304605AB6447FCC1607965','2015-12-22 11:23:11',NULL,NULL,NULL,0.00,'2010-01-15',NULL,2,3,0,'/upload/images/2016/1/25/877C8C2054AC41E6804559890645C2C8-min.jpg',0,NULL,NULL,'2016-01-26 09:32:53',0,0.00,'Sfl6m7lQXc/EBY7fU+I0IvnOPJ4OJAYNfM464oThqgwF6WYEJNuFKxJ5bgTeetYNaPDxxW/F6BlLBObA+76puA==',0,NULL,NULL,NULL,NULL),(121,'15002486406','e10adc3949ba59abbe56e057f20f883e','想念那些没打开',1,0,NULL,NULL,NULL,NULL,NULL,NULL,NULL,NULL,NULL,NULL,NULL,NULL,NULL,NULL,NULL,NULL,0,'421B30DE23AA44669F9C8820DBBC9DA1','2015-12-23 15:19:14',NULL,NULL,NULL,30.00,'2009-01-13',NULL,2,3,0,'/upload/images/2015/12/23/C9F832CD3E7649748578A2DD8A3C2CEC-min.jpg',0,NULL,NULL,'2016-01-19 13:50:54',0,0.00,'Zi/qPmWV43RFXUuFa5z8qPnOPJ4OJAYNfM464oThqgwF6WYEJNuFK4TtrUJ3ox6jed6ZcN7QQexLBObA+76puA==',0,NULL,NULL,NULL,NULL),(122,'1242288285@qq.com','d8578edf8458ce06fbc5bb76a58c5ca4',NULL,NULL,0,NULL,NULL,NULL,NULL,NULL,NULL,NULL,NULL,NULL,NULL,NULL,NULL,NULL,NULL,NULL,NULL,0,'D27D4DCD72F84F22BF07A78301804D79','2015-12-23 15:58:58',NULL,NULL,NULL,0.00,NULL,NULL,NULL,2,0,NULL,0,NULL,NULL,NULL,0,0.00,NULL,0,NULL,NULL,NULL,NULL),(123,'zhangfy@bluemobi.cn','e10adc3949ba59abbe56e057f20f883e','Vsbdndjfkfkdnfnfmmr',2,0,1,'fghjj','210122199206240928',395,6,1,5,6,'/upload/images/2016/1/7/EDA82202425442F8BA687F4AE4E9FA47.jpg','/upload/images/2016/1/7/EDA82202425442F8BA687F4AE4E9FA47-min.jpg','/upload/images/2016/1/7/F3755419C5C642FB84DF3E157C762593.jpg','/upload/images/2016/1/7/F3755419C5C642FB84DF3E157C762593-min.jpg','/upload/images/2016/1/7/2BF78CD6B0794F40ABA2DF07DF92BB3F.jpg','/upload/images/2016/1/7/2BF78CD6B0794F40ABA2DF07DF92BB3F-min.jpg','/upload/images/2016/1/7/5F843FF8DB44452293D3A04B8DDBC40C.jpg','/upload/images/2016/1/7/5F843FF8DB44452293D3A04B8DDBC40C-min.jpg',0,'CC6E4657F95F47DCB9CCB2BAF96E6650','2015-12-23 16:11:25',NULL,NULL,1,20.05,NULL,NULL,1,2,0,'/upload/images/2016/1/18/ED76399BC97843498ACF7D773F898D2C-min.jpg',4,',vhjn',NULL,'2016-01-26 12:54:31',1,0.00,'YKXTe6lOWkPEeAtUUufwuis/9QubkIymiMsy0eaBU7/p+kpzoR4HogXMFbtQH2eKihI/ZAritOM=',0,NULL,NULL,NULL,NULL),(124,'18742477086','d8578edf8458ce06fbc5bb76a58c5ca4','hk',1,0,NULL,NULL,NULL,NULL,NULL,NULL,NULL,NULL,NULL,NULL,NULL,NULL,NULL,NULL,NULL,NULL,0,'7573CE7F26A647C8B842214D856D692B','2015-12-24 09:31:12',NULL,NULL,NULL,0.00,'2011-12-24',NULL,1,3,0,'/upload/images/2016/1/19/7C9E124EF3C147CF99D12E3253C5A47B-min.jpg',0,NULL,NULL,'2016-01-26 10:04:34',0,0.00,'s3RIay2HYYMiA00JX93Mopk+19tlomIloO6UeOLvBxCwtx/c5T2urzWZCZev7Pu8B3UvqMT/xZd+Hbwn8hD9Bg==',0,NULL,NULL,NULL,NULL),(125,'xiaojiao.wang@bluemobi.cn','e10adc3949ba59abbe56e057f20f883e','qwertyuiopqwertyuiop',2,0,3,'南非就大哭大哭大哭解放军','210122199206240928',395,5,1,3,4,'/upload/images/2015/12/29/A114DFE8E1804BD5A9166CEAC4B0563C.jpg','/upload/images/2015/12/29/A114DFE8E1804BD5A9166CEAC4B0563C-min.jpg','/upload/images/2015/12/29/0068F6C37BD74D7DB6A228D08D56B96A.jpg','/upload/images/2015/12/29/0068F6C37BD74D7DB6A228D08D56B96A-min.jpg','/upload/images/2015/12/29/E355353C1C2D4321B106A74265954A5A.jpg','/upload/images/2015/12/29/E355353C1C2D4321B106A74265954A5A-min.jpg','/upload/images/2015/12/29/76C93908FFAA4A61870A0F0E9ED3E776.jpg','/upload/images/2015/12/29/76C93908FFAA4A61870A0F0E9ED3E776-min.jpg',0,'41CB842981B6431FA3AC2E4E1B8387DA','2015-12-25 15:33:05',NULL,NULL,2,2909.00,NULL,NULL,2,2,0,'/upload/images/2015/12/30/B7A2B12116764837AAB7C06485F02710-min.jpg',3,'本次难兄难弟妈妈那些年承诺能否能否能否你那粉嫩粉嫩',NULL,'2016-01-12 00:48:01',1,0.00,'9Elkr1jNByjqHN2S+VFtf/nOPJ4OJAYNfM464oThqgwAsixCgEI6imRdMJgP8MQf+PMuYOD/DedLBObA+76puA==',0,NULL,NULL,NULL,NULL),(126,'985080675@qq.com','e10adc3949ba59abbe56e057f20f883e',NULL,NULL,0,NULL,NULL,NULL,NULL,NULL,NULL,NULL,NULL,NULL,NULL,NULL,NULL,NULL,NULL,NULL,NULL,0,'83C7110D22A74904BD805D5BA455EE4A','2015-12-28 16:38:18',NULL,NULL,NULL,0.00,NULL,NULL,NULL,2,0,NULL,0,NULL,NULL,NULL,0,0.00,NULL,0,NULL,NULL,NULL,NULL),(127,'861466389@qq.com','e10adc3949ba59abbe56e057f20f883e',NULL,NULL,0,NULL,NULL,NULL,NULL,NULL,NULL,NULL,NULL,NULL,NULL,NULL,NULL,NULL,NULL,NULL,NULL,0,'8F8B81D22AF2458D8B6F49EA63A963DF','2015-12-28 16:47:51',NULL,NULL,NULL,0.00,NULL,NULL,NULL,2,0,NULL,0,NULL,NULL,NULL,0,0.00,NULL,0,NULL,NULL,NULL,NULL),(128,'wangy04@bluemobi.cn','e10adc3949ba59abbe56e057f20f883e','悦1234567890qwertyuiiin',2,0,2,'沈阳解放军大家能对你的你','210122199206240928',395,1,1,3,4,'/upload/images/2015/12/30/18B4DD2965F648A59EFF6453C68B43F0.jpg','/upload/images/2015/12/30/18B4DD2965F648A59EFF6453C68B43F0-min.jpg','/upload/images/2015/12/30/C0C38ABEE7B442A3818E301EE063EDAB.jpg','/upload/images/2015/12/30/C0C38ABEE7B442A3818E301EE063EDAB-min.jpg','/upload/images/2015/12/30/61A35A0DBB03403D9910DE2782047B46.jpg','/upload/images/2015/12/30/61A35A0DBB03403D9910DE2782047B46-min.jpg','/upload/images/2015/12/30/D0495F78C05A4FC7A64BFF89EDF4A9E2.jpg','/upload/images/2015/12/30/D0495F78C05A4FC7A64BFF89EDF4A9E2-min.jpg',0,'8FC703C793664FC38AA2A17BA5CE80D7','2015-12-30 13:09:46',NULL,NULL,2,152.02,NULL,NULL,1,2,0,'/upload/images/2016/1/26/F2D5EF8BC6E54326ABCD1C3F992DC642-min.jpg',4,'那份激动把爸爸说吧巴登巴登不上班不打扮打扮打扮放假就放假不到你的家你的你能对你说不到你',NULL,'2016-01-26 12:55:00',1,0.00,'MsigDLtbFsxEDfmr4NtdLPnOPJ4OJAYNfM464oThqgwAsixCgEI6ir4MBPSNsT5s9u4zftw5kWRLBObA+76puA==',0,NULL,NULL,NULL,NULL),(129,'15988888888','4297f44b13955235245b2497399d7a93',NULL,1,0,NULL,NULL,NULL,NULL,NULL,NULL,NULL,NULL,NULL,NULL,NULL,NULL,NULL,NULL,NULL,NULL,0,'39CF7E819AF54CC8928991AC7729AB01','2016-01-04 10:14:05',NULL,NULL,NULL,0.00,NULL,NULL,1,3,0,NULL,0,NULL,NULL,'2016-01-04 10:14:19',0,0.00,'oa35Th9zPqv1rtWFWwhBb/nOPJ4OJAYNfM464oThqgwAsixCgEI6ikgve7Pp3+J934q4HlRQ2XRLBObA+76puA==',0,NULL,NULL,NULL,NULL),(130,'jianghh@bluemobi.cn','e10adc3949ba59abbe56e057f20f883e','惠惠',2,0,1,'回到家大家','210122199206240928',395,1,1,5,6,'/upload/images/2016/1/4/1CB09041AE8341E6AAEA6917708391A3.jpg','/upload/images/2016/1/4/1CB09041AE8341E6AAEA6917708391A3-min.jpg','/upload/images/2016/1/4/4F5992E5A84749EBBC39D3452A8D8E77.jpg','/upload/images/2016/1/4/4F5992E5A84749EBBC39D3452A8D8E77-min.jpg','/upload/images/2016/1/4/7A04D9823306462780905BAEC9EDFBE6.jpg','/upload/images/2016/1/4/7A04D9823306462780905BAEC9EDFBE6-min.jpg','/upload/images/2016/1/4/6B1E2AC7E99F487C8689EBE464EA7031.jpg','/upload/images/2016/1/4/6B1E2AC7E99F487C8689EBE464EA7031-min.jpg',0,'06067631AB1347BDB2B539802AC8CB8F','2016-01-04 10:20:31',NULL,NULL,2,214.00,NULL,NULL,2,2,0,'/upload/images/2016/1/18/1D478517A83F4F53A52A058A7261D08B-min.jpg',4,'不想你的你的你你的你你想你想你你的那些年才能奶粉难道你们的',NULL,'2016-01-26 16:38:56',1,0.00,'/B0NJrWCXZmzAfMjIuevlJk+19tlomIloO6UeOLvBxCwtx/c5T2urxBoa2bo1Lso5dVI94tRzNvwoACsQbGixw==',0,NULL,NULL,NULL,NULL),(131,'15966666666','4297f44b13955235245b2497399d7a93','123',1,0,NULL,NULL,NULL,NULL,NULL,NULL,NULL,NULL,NULL,NULL,NULL,NULL,NULL,NULL,NULL,NULL,0,'7734585069104E6BB57D7F03D9B8928C','2016-01-04 10:37:53',NULL,NULL,NULL,0.00,'2016-01-03',NULL,1,3,0,NULL,0,NULL,NULL,'2016-01-04 17:36:59',0,0.00,'5hfNJXFBqf2fmugh4e5Kl/bbsiT4fyT74fnCUIs9TO74jD++bi2Yvw+FkOR+fQTqbiFsLImpiWQ=',0,NULL,NULL,NULL,NULL),(132,'15955555555','4297f44b13955235245b2497399d7a93',NULL,NULL,0,NULL,NULL,NULL,NULL,NULL,NULL,NULL,NULL,NULL,NULL,NULL,NULL,NULL,NULL,NULL,NULL,0,'59532AB54B884B61BDAE01816534DDD2','2016-01-04 10:42:30',NULL,NULL,NULL,0.00,NULL,NULL,1,3,0,NULL,0,NULL,NULL,'2016-01-06 15:29:25',0,0.00,'PmpefR2PkYlaI6Abs6wYYfnOPJ4OJAYNfM464oThqgwAsixCgEI6iorDOXGsxQmh7gJMWv79d95LBObA+76puA==',0,NULL,NULL,NULL,NULL),(133,'122@123.com','96e79218965eb72c92a549dd5a330112',NULL,NULL,0,NULL,NULL,NULL,NULL,NULL,NULL,NULL,NULL,NULL,NULL,NULL,NULL,NULL,NULL,NULL,NULL,0,'27E18F2CE6AB43A79BB8B82BCF79DD64','2016-01-04 14:30:33',NULL,NULL,NULL,0.00,NULL,NULL,NULL,2,0,NULL,0,NULL,NULL,NULL,0,0.00,NULL,0,NULL,NULL,NULL,NULL),(134,'jianghh@bluemobi1.cn','96e79218965eb72c92a549dd5a330112',NULL,NULL,0,NULL,NULL,NULL,NULL,NULL,NULL,NULL,NULL,NULL,NULL,NULL,NULL,NULL,NULL,NULL,NULL,0,'60DD8FE32B774140A9FB3638CCDB35BC','2016-01-04 14:33:25',NULL,NULL,NULL,0.00,NULL,NULL,NULL,2,0,NULL,0,NULL,NULL,NULL,0,0.00,NULL,0,NULL,NULL,NULL,NULL),(135,'janghh@bluemobi.cn','96e79218965eb72c92a549dd5a330112',NULL,NULL,0,NULL,NULL,NULL,NULL,NULL,NULL,NULL,NULL,NULL,NULL,NULL,NULL,NULL,NULL,NULL,NULL,0,'BE01AFB5C3E1477BB6EFBEBCEEB8F699','2016-01-04 14:33:49',NULL,NULL,NULL,0.00,NULL,NULL,NULL,2,0,NULL,0,NULL,NULL,NULL,0,0.00,NULL,0,NULL,NULL,NULL,NULL),(136,'janghh@bluemobi.cm','e10adc3949ba59abbe56e057f20f883e',NULL,NULL,0,NULL,NULL,NULL,NULL,NULL,NULL,NULL,NULL,NULL,NULL,NULL,NULL,NULL,NULL,NULL,NULL,0,'F319C3501FA24116BE328E2191BFFC7F','2016-01-04 14:34:57',NULL,NULL,NULL,0.00,NULL,NULL,NULL,2,0,NULL,0,NULL,NULL,NULL,0,0.00,NULL,0,NULL,NULL,NULL,NULL),(137,'dumh@bluemobi.cn','e10adc3949ba59abbe56e057f20f883e',NULL,NULL,0,NULL,NULL,NULL,NULL,NULL,NULL,NULL,NULL,NULL,NULL,NULL,NULL,NULL,NULL,NULL,NULL,0,'DFA38B7DA77E48049E32723D4B392A61','2016-01-06 14:34:22',NULL,NULL,NULL,0.00,NULL,NULL,2,2,0,NULL,1,NULL,NULL,'2016-01-06 15:35:31',1,0.00,'ImSY5IvQZ7k3bdB5Nmss+/nOPJ4OJAYNfM464oThqgxM1f1dwTGz2s2ZkISs07qQt7wzWfeh5/JLBObA+76puA==',0,NULL,NULL,NULL,NULL),(138,'18842457876','e10adc3949ba59abbe56e057f20f883e','qwertyuiopqwertyuiop',1,0,NULL,NULL,NULL,NULL,NULL,NULL,NULL,NULL,NULL,NULL,NULL,NULL,NULL,NULL,NULL,NULL,0,'74D66BD17B3D4E61839E60A93179BDB4','2016-01-07 09:18:39',NULL,NULL,NULL,300.00,'1998-01-07',NULL,1,3,0,'/upload/images/2016/1/7/3790B97134C544EF81220FDC20C5EABB-min.jpg',0,NULL,NULL,'2016-01-07 11:30:31',0,0.00,'dyvAwIWkOUdbvj7sqLWpvZk+19tlomIloO6UeOLvBxCwtx/c5T2ur0ZwTzDCBvMrqse6/66XW8yEp18p6fwh9w==',0,NULL,NULL,NULL,NULL),(139,'13524629349','e10adc3949ba59abbe56e057f20f883e','世界',NULL,0,NULL,NULL,NULL,NULL,NULL,NULL,NULL,NULL,NULL,NULL,NULL,NULL,NULL,NULL,NULL,NULL,0,'9ABD327E19D54E63820C96056CD30FA6','2016-01-12 10:52:50',NULL,NULL,NULL,0.00,'1980-01-30',NULL,2,3,0,'/upload/images/2016/1/19/B2B5497E13AB4DE6B40D5F1E4B98984D-min.jpg',0,NULL,NULL,'2016-01-24 14:31:44',0,0.00,'h23X+9YMnl1uiZ7EEZmqtZk+19tlomIloO6UeOLvBxCwtx/c5T2ur30VrENrjU6xRMGbryjNAHNDgpBejcKA3w==',0,NULL,NULL,NULL,NULL),(141,'easiertranslation@outlook.com','e10adc3949ba59abbe56e057f20f883e','etrans',1,0,1,'纽约大学','3181151900',374,1,2,7,8,'/upload/images/2016/1/13/C216B0883BEB4215AA156E5B174CDDEF.jpg','/upload/images/2016/1/13/C216B0883BEB4215AA156E5B174CDDEF-min.jpg','/upload/images/2016/1/13/CF5E9324715A4DB6BA75BD9DF48B240B.jpg','/upload/images/2016/1/13/CF5E9324715A4DB6BA75BD9DF48B240B-min.jpg','/upload/images/2016/1/13/A2A47AC10B894E9287A5C9BB5FB2493F.jpg','/upload/images/2016/1/13/A2A47AC10B894E9287A5C9BB5FB2493F-min.jpg','/upload/images/2016/1/13/2E4E655D5A58471DBB67C881D861B090.jpg','/upload/images/2016/1/13/2E4E655D5A58471DBB67C881D861B090-min.jpg',0,'B081D1BE0FF4466997F6BA014D160778','2016-01-13 15:21:59',NULL,NULL,2,99999992.00,NULL,NULL,2,2,0,'/upload/images/2016/1/19/8225973ED9BC4C54BC642F66A8154DEC-min.jpg',3,'乐意为大家服务',NULL,'2016-01-20 16:14:26',1,0.00,'X8aqRSEGcb+rfaj83XJcY/bbsiT4fyT74fnCUIs9TO79ZilsByOY5ZnXqbQVMjxSqcMTVaZpulI=',0,NULL,NULL,NULL,NULL),(142,'13816650011','e10adc3949ba59abbe56e057f20f883e',NULL,NULL,0,NULL,NULL,NULL,NULL,NULL,NULL,NULL,NULL,NULL,NULL,NULL,NULL,NULL,NULL,NULL,NULL,0,'83D42DD500B748C4A9AE88430B9194CB','2016-01-14 11:09:39',NULL,NULL,NULL,0.00,NULL,NULL,2,3,0,NULL,0,NULL,NULL,'2016-01-14 11:12:03',0,0.00,'EAxm6EtQ1JWzAfMjIuevlJk+19tlomIloO6UeOLvBxCwtx/c5T2ur1ikNbEwT3pC2Jzcp2jZS5+TWL6FTIzJSQ==',0,NULL,NULL,NULL,NULL),(145,'jason-han@outlook.com','e10adc3949ba59abbe56e057f20f883e','秦晴',2,0,2,'哥伦比亚大学','g31309404',395,1,2,7,8,'/upload/images/2016/1/14/220AD3FFEE7543408E4BEB7DB5C7EE3C.jpg','/upload/images/2016/1/14/220AD3FFEE7543408E4BEB7DB5C7EE3C-min.jpg','/upload/images/2016/1/14/DE707774E8B541D4AFE3642730644C49.jpg','/upload/images/2016/1/14/DE707774E8B541D4AFE3642730644C49-min.jpg','/upload/images/2016/1/14/92E22F2482F14573921CA6184E2EC350.jpg','/upload/images/2016/1/14/92E22F2482F14573921CA6184E2EC350-min.jpg','/upload/images/2016/1/14/6B7962F0B0A94927A0D00547D8B624F3.jpg','/upload/images/2016/1/14/6B7962F0B0A94927A0D00547D8B624F3-min.jpg',0,'84212AA76D4E429DB8D26C4CBCFDC7E7','2016-01-14 15:05:54',NULL,NULL,2,0.00,NULL,NULL,2,2,0,'/upload/images/2016/1/14/0FF0E6DD185F41078AE36D57DD7A6FE9-min.jpg',3,'开心每一天！',NULL,'2016-01-19 10:08:45',1,0.00,'PPeoyi3CqKXEJvlyz17op5k+19tlomIloO6UeOLvBxCwtx/c5T2ur9MCOkt4S7kjSAJ+tnJrTZrceZhLM3ArGw==',0,NULL,NULL,NULL,NULL),(148,'hsj130@sohu.com','e10adc3949ba59abbe56e057f20f883e',NULL,NULL,0,NULL,NULL,NULL,NULL,NULL,NULL,NULL,NULL,NULL,NULL,NULL,NULL,NULL,NULL,NULL,NULL,0,'0C1434D6E72A4A49927227400CEAE73B','2016-01-15 09:18:14',NULL,NULL,NULL,0.00,NULL,NULL,NULL,2,0,NULL,0,NULL,NULL,NULL,0,0.00,NULL,0,NULL,NULL,NULL,NULL),(149,'23234599@qq.com','e10adc3949ba59abbe56e057f20f883e','世界',1,0,1,'斯坦福大学','g123456789',395,1,2,7,8,'/upload/images/2016/1/15/DD408E9FC9D94F829B38B8F554E94320.jpg','/upload/images/2016/1/15/DD408E9FC9D94F829B38B8F554E94320-min.jpg','/upload/images/2016/1/15/EE19C969EC3A4803A48F8D68A027FF35.jpg','/upload/images/2016/1/15/EE19C969EC3A4803A48F8D68A027FF35-min.jpg','/upload/images/2016/1/15/17F83649BA1B472CB4AFECB3773D0685.jpg','/upload/images/2016/1/15/17F83649BA1B472CB4AFECB3773D0685-min.jpg','/upload/images/2016/1/15/091E7007CB7B4A819D61471327CAC384.jpg','/upload/images/2016/1/15/091E7007CB7B4A819D61471327CAC384-min.jpg',0,'414F96DC8FB54DECB87124C04C503CFA','2016-01-15 09:22:09',NULL,NULL,2,0.00,NULL,NULL,2,2,0,'/upload/images/2016/1/19/E0D42D06A2A34367A84515E672F5603D-min.jpg',3,'早睡早起身体好。',NULL,'2016-01-19 00:53:20',1,0.00,'sxGCKPueTFvZKEM6wYX3+/nOPJ4OJAYNfM464oThqgxM1f1dwTGz2rljdDl3G/g8DTetYzRvQz5LBObA+76puA==',0,NULL,NULL,NULL,NULL),(150,'15612345678','e10adc3949ba59abbe56e057f20f883e',NULL,NULL,0,NULL,NULL,NULL,NULL,NULL,NULL,NULL,NULL,NULL,NULL,NULL,NULL,NULL,NULL,NULL,NULL,0,'E4498033F9304B09B9DA914D4828A8DA','2016-01-15 14:12:34',NULL,NULL,NULL,0.00,NULL,NULL,NULL,3,0,NULL,0,NULL,NULL,NULL,0,0.00,NULL,0,NULL,NULL,NULL,NULL),(151,'15632156547','c56d39addca4fe7561121fa35ef8a823',NULL,NULL,0,NULL,NULL,NULL,NULL,NULL,NULL,NULL,NULL,NULL,NULL,NULL,NULL,NULL,NULL,NULL,NULL,0,'1E0014083A90414DB7A2412B511B88AA','2016-01-15 14:13:21',NULL,NULL,NULL,0.00,NULL,NULL,NULL,3,0,NULL,0,NULL,NULL,NULL,0,0.00,NULL,0,NULL,NULL,NULL,NULL),(152,'weishunbosw123@163.com','2cc8339428e54ae9072ae1a5b6cf9e23','Bob',1,0,1,'qqqqq','4444',395,1,1,3,4,'null','null','null','null','null','null','null','null',0,'9DBC683EAD944BC2B7A3743392752577','2016-01-15 14:24:42',NULL,NULL,2,0.00,NULL,NULL,1,2,0,'/upload/images/2016/1/20/5A5C8E26BA414A63858055BB16EC200E-min.jpg',3,'hhhh',NULL,'2016-01-20 16:25:12',1,0.00,'YZZzdV7BHt5Zwcu8t/ERTZk+19tlomIloO6UeOLvBxCwtx/c5T2ur5EEIzX+76qnEmQFCxm4FDCTWL6FTIzJSQ==',0,NULL,NULL,NULL,NULL),(153,'18840822032','2cc8339428e54ae9072ae1a5b6cf9e23','Bob',1,0,NULL,NULL,NULL,NULL,NULL,NULL,NULL,NULL,NULL,NULL,NULL,NULL,NULL,NULL,NULL,NULL,0,'D5D39552E8DB48149465A946957AFF94','2016-01-15 15:51:03',NULL,NULL,NULL,0.00,'2016-01-15',NULL,2,3,0,'/upload/images/2016/1/21/75BD6CEDA5374CF296F5D566BC27F0D5-min.jpg',0,NULL,NULL,'2016-01-21 14:29:13',0,0.00,'oIQQYOrYU9fEeAtUUufwuis/9QubkIymiMsy0eaBU79mNBQaz7xqjPTZ5bbBt18Xa9kPVFr00LU=',0,NULL,NULL,NULL,NULL),(154,'3334@163.com','e10adc3949ba59abbe56e057f20f883e',NULL,NULL,0,NULL,NULL,NULL,NULL,NULL,NULL,NULL,NULL,NULL,NULL,NULL,NULL,NULL,NULL,NULL,NULL,0,'B93C691436FD4477B78A617296F23EAD','2016-01-19 09:14:20',NULL,NULL,NULL,0.00,NULL,NULL,NULL,2,0,NULL,0,NULL,NULL,NULL,0,0.00,NULL,0,NULL,NULL,NULL,NULL),(155,'78949959@qq.com','e10adc3949ba59abbe56e057f20f883e',NULL,NULL,0,NULL,NULL,NULL,NULL,NULL,NULL,NULL,NULL,NULL,NULL,NULL,NULL,NULL,NULL,NULL,NULL,0,'E8685A70E8E1420E8771847B01649AFD','2016-01-19 09:23:42',NULL,NULL,NULL,0.00,NULL,NULL,NULL,2,0,NULL,0,NULL,NULL,NULL,0,0.00,NULL,0,NULL,NULL,NULL,NULL),(156,'1111sss@qq.com','4297f44b13955235245b2497399d7a93',NULL,NULL,0,NULL,NULL,NULL,NULL,NULL,NULL,NULL,NULL,NULL,NULL,NULL,NULL,NULL,NULL,NULL,NULL,0,'1924117AF07540B6AA2DB5D452A3551A','2016-01-19 10:49:38',NULL,NULL,NULL,0.00,NULL,NULL,NULL,2,0,NULL,0,NULL,NULL,NULL,0,0.00,NULL,0,NULL,NULL,NULL,NULL),(157,'liub01@bluemobi.cn','e10adc3949ba59abbe56e057f20f883e','刘饼干',2,0,1,'好像回到家大家','210122199206240928',395,1,1,3,4,'/upload/images/2016/1/19/916BDC74A5174FF1A23466DE8BCFE30C.jpg','/upload/images/2016/1/19/916BDC74A5174FF1A23466DE8BCFE30C-min.jpg','/upload/images/2016/1/19/22CBF8A6891B41D19B0FED66C9FD47EB.jpg','/upload/images/2016/1/19/22CBF8A6891B41D19B0FED66C9FD47EB-min.jpg','/upload/images/2016/1/19/B7EA229E0F654D5C9530803434DE1A25.jpg','/upload/images/2016/1/19/B7EA229E0F654D5C9530803434DE1A25-min.jpg','/upload/images/2016/1/19/11BCB7E3A8014E79B3943F4C1A192E0A.jpg','/upload/images/2016/1/19/11BCB7E3A8014E79B3943F4C1A192E0A-min.jpg',0,'FE0E878D95BC4CD7B943FC6736B17BA3','2016-01-19 14:02:56',NULL,NULL,3,84.00,NULL,NULL,1,2,0,'/upload/images/2016/1/19/7B62E02EEB34418F9D191D97B31E7C8C-min.jpg',3,'好吃解放军经典解放军经典经典解放军家绝对经典家见不到你能对你保持你的吧不吃不发怒你的你',NULL,'2016-01-26 13:14:51',1,0.00,'1UuRRLLE00+2jdP283+8L/nOPJ4OJAYNfM464oThqgwh7eLRe/7MPuT5c+7ZPoUnf/f4kGE4oHJLBObA+76puA==',0,NULL,NULL,NULL,NULL);

#
# Structure for table "t_user_audit"
#

DROP TABLE IF EXISTS `t_user_audit`;
CREATE TABLE `t_user_audit` (
  `auditid` int(11) NOT NULL AUTO_INCREMENT COMMENT '编码',
  `userid` int(11) DEFAULT NULL COMMENT '翻译编码',
  `account` varchar(100) DEFAULT NULL COMMENT '登录账号',
  `name` varchar(50) DEFAULT NULL COMMENT '用户姓名',
  `sex` varchar(2) DEFAULT NULL COMMENT '性别 1男2女',
  `age` int(11) DEFAULT '0' COMMENT '年龄',
  `education` varchar(2) DEFAULT NULL COMMENT '学历 1本科，2硕士，3博士',
  `school` varchar(500) DEFAULT NULL COMMENT '毕业学校',
  `idcardno` varchar(20) DEFAULT NULL COMMENT '护照号',
  `specialtyid` int(11) DEFAULT NULL COMMENT '专业编码',
  `languageid` int(11) DEFAULT NULL COMMENT '语种编码',
  `countryid` int(11) DEFAULT NULL COMMENT '服务国家编码',
  `provinceid` int(11) DEFAULT NULL COMMENT '服务省编码',
  `cityid` int(11) DEFAULT NULL COMMENT '服务城市编码',
  `passporturl` varchar(100) DEFAULT NULL COMMENT '护照照片url',
  `passporturlmin` varchar(100) DEFAULT NULL COMMENT '护照照片压缩url',
  `visaurl` varchar(100) DEFAULT NULL COMMENT '签证照片url',
  `visaurlmin` varchar(100) DEFAULT NULL COMMENT '签证照片压缩url',
  `studentupurl` varchar(100) DEFAULT NULL COMMENT '学生证照片url',
  `studentupurlmin` varchar(100) DEFAULT NULL COMMENT '学生证照片压缩url',
  `studentdownurl` varchar(100) DEFAULT NULL COMMENT '外语等级证明照片url',
  `studentdownurlmin` varchar(100) DEFAULT NULL COMMENT '外语等级证明照片压缩url',
  `auditstate` int(2) DEFAULT '0' COMMENT '翻译人员审核状态 0未填资料，1审核中，2审核不通过，3审核通过，4申请更新资料，5更新资料审核不通过',
  `level` int(2) DEFAULT NULL COMMENT '等级 1初级2中级3高级',
  `createtime` datetime DEFAULT NULL COMMENT '创建时间',
  `remark` varchar(500) DEFAULT NULL COMMENT '个人简介',
  `applytime` datetime DEFAULT NULL COMMENT '申请时间',
  PRIMARY KEY (`auditid`)
) ENGINE=InnoDB AUTO_INCREMENT=14 DEFAULT CHARSET=utf8 COMMENT='翻译申请表';

#
# Data for table "t_user_audit"
#

INSERT INTO `t_user_audit` VALUES (1,141,'easiertranslation@outlook.com','etrans','1',0,'1','纽约大学','3181151900',374,1,2,7,8,'/upload/images/2016/1/13/C216B0883BEB4215AA156E5B174CDDEF.jpg','/upload/images/2016/1/13/C216B0883BEB4215AA156E5B174CDDEF-min.jpg','/upload/images/2016/1/13/CF5E9324715A4DB6BA75BD9DF48B240B.jpg','/upload/images/2016/1/13/CF5E9324715A4DB6BA75BD9DF48B240B-min.jpg','/upload/images/2016/1/13/A2A47AC10B894E9287A5C9BB5FB2493F.jpg','/upload/images/2016/1/13/A2A47AC10B894E9287A5C9BB5FB2493F-min.jpg','/upload/images/2016/1/13/2E4E655D5A58471DBB67C881D861B090.jpg','/upload/images/2016/1/13/2E4E655D5A58471DBB67C881D861B090-min.jpg',2,2,'2016-01-13 15:21:59','乐意为大家服务','2016-01-13 15:28:30'),(4,145,'jason-han@outlook.com','秦晴','2',0,'2','哥伦比亚大学','g31309404',395,1,2,7,8,'/upload/images/2016/1/14/220AD3FFEE7543408E4BEB7DB5C7EE3C.jpg','/upload/images/2016/1/14/220AD3FFEE7543408E4BEB7DB5C7EE3C-min.jpg','/upload/images/2016/1/14/DE707774E8B541D4AFE3642730644C49.jpg','/upload/images/2016/1/14/DE707774E8B541D4AFE3642730644C49-min.jpg','/upload/images/2016/1/14/92E22F2482F14573921CA6184E2EC350.jpg','/upload/images/2016/1/14/92E22F2482F14573921CA6184E2EC350-min.jpg','/upload/images/2016/1/14/6B7962F0B0A94927A0D00547D8B624F3.jpg','/upload/images/2016/1/14/6B7962F0B0A94927A0D00547D8B624F3-min.jpg',3,2,'2016-01-14 15:05:54','开心每一天！','2016-01-14 18:00:56'),(5,146,'hsj130@sohu.com',NULL,NULL,0,NULL,NULL,NULL,NULL,NULL,NULL,NULL,NULL,NULL,NULL,NULL,NULL,NULL,NULL,NULL,NULL,2,NULL,'2016-01-14 23:30:40',NULL,NULL),(6,147,'23234599@qq.com',NULL,NULL,0,NULL,NULL,NULL,NULL,NULL,NULL,NULL,NULL,NULL,NULL,NULL,NULL,NULL,NULL,NULL,NULL,0,NULL,'2016-01-14 23:38:24',NULL,NULL),(7,148,'hsj130@sohu.com',NULL,NULL,0,NULL,NULL,NULL,NULL,NULL,NULL,NULL,NULL,NULL,NULL,NULL,NULL,NULL,NULL,NULL,NULL,0,NULL,'2016-01-15 09:18:14',NULL,NULL),(8,149,'23234599@qq.com','世界','1',0,'1','斯坦福大学','g123456789',395,1,2,7,8,'/upload/images/2016/1/15/DD408E9FC9D94F829B38B8F554E94320.jpg','/upload/images/2016/1/15/DD408E9FC9D94F829B38B8F554E94320-min.jpg','/upload/images/2016/1/15/EE19C969EC3A4803A48F8D68A027FF35.jpg','/upload/images/2016/1/15/EE19C969EC3A4803A48F8D68A027FF35-min.jpg','/upload/images/2016/1/15/17F83649BA1B472CB4AFECB3773D0685.jpg','/upload/images/2016/1/15/17F83649BA1B472CB4AFECB3773D0685-min.jpg','/upload/images/2016/1/15/091E7007CB7B4A819D61471327CAC384.jpg','/upload/images/2016/1/15/091E7007CB7B4A819D61471327CAC384-min.jpg',3,2,'2016-01-15 09:22:09','早睡早起身体好。','2016-01-15 09:25:20'),(9,152,'weishunbosw123@163.com','Bob','1',11,'1','qqqqq','4444',395,1,1,3,4,'null','null','null','null','null','null','null','null',3,1,'2016-01-15 14:24:42','hhhh','2016-01-20 13:40:18'),(10,154,'3334@163.com',NULL,NULL,0,NULL,NULL,NULL,NULL,NULL,NULL,NULL,NULL,NULL,NULL,NULL,NULL,NULL,NULL,NULL,NULL,0,NULL,'2016-01-19 09:14:20',NULL,NULL),(11,155,'78949959@qq.com',NULL,NULL,0,NULL,NULL,NULL,NULL,NULL,NULL,NULL,NULL,NULL,NULL,NULL,NULL,NULL,NULL,NULL,NULL,0,NULL,'2016-01-19 09:23:42',NULL,NULL),(12,156,'1111sss@qq.com',NULL,NULL,0,NULL,NULL,NULL,NULL,NULL,NULL,NULL,NULL,NULL,NULL,NULL,NULL,NULL,NULL,NULL,NULL,0,NULL,'2016-01-19 10:49:38',NULL,NULL),(13,157,'liub01@bluemobi.cn','刘饼干','2',0,'1','好像回到家大家','210122199206240928',395,1,1,3,4,'/upload/images/2016/1/19/916BDC74A5174FF1A23466DE8BCFE30C.jpg','/upload/images/2016/1/19/916BDC74A5174FF1A23466DE8BCFE30C-min.jpg','/upload/images/2016/1/19/22CBF8A6891B41D19B0FED66C9FD47EB.jpg','/upload/images/2016/1/19/22CBF8A6891B41D19B0FED66C9FD47EB-min.jpg','/upload/images/2016/1/19/B7EA229E0F654D5C9530803434DE1A25.jpg','/upload/images/2016/1/19/B7EA229E0F654D5C9530803434DE1A25-min.jpg','/upload/images/2016/1/19/11BCB7E3A8014E79B3943F4C1A192E0A.jpg','/upload/images/2016/1/19/11BCB7E3A8014E79B3943F4C1A192E0A-min.jpg',1,3,'2016-01-19 14:02:56','好吃解放军经典解放军经典经典解放军家绝对经典家见不到你能对你保持你的吧不吃不发怒你的你','2016-01-19 14:04:45');

#
# Structure for table "t_word"
#

DROP TABLE IF EXISTS `t_word`;
CREATE TABLE `t_word` (
  `wordid` int(11) NOT NULL AUTO_INCREMENT COMMENT '主键',
  `title` varchar(100) DEFAULT NULL COMMENT '标题',
  `content` text COMMENT '内容',
  `type` int(2) DEFAULT NULL COMMENT '1关于我们2使用帮助3服务条款4计费规则5服务法律及违约责任约定6法律声明及隐私政策7注册协议',
  `createtime` datetime DEFAULT NULL COMMENT '操作时间',
  PRIMARY KEY (`wordid`)
) ENGINE=InnoDB AUTO_INCREMENT=8 DEFAULT CHARSET=utf8 COMMENT='文字管理';

#
# Data for table "t_word"
#

INSERT INTO `t_word` VALUES (1,'\r\n\r\n关于我们','    “e翻译”手机APP是针对国内的商务人士出访国外，期望在到访的目的地位置附近找到可以提供翻译服务人员的一款应用程序。分为客户端和翻译端，客户端发布需求，在目的地附近寻找当地能够提供满足要求的翻译人员；翻译端接收相关的需求信息，并接单提供服务。\n     “e翻译”手机APP是由上海伊等网络科技有限公司于2016年开发，公司将企业愿景定位于：“打造一个跨国界、全球化，服务大众的异地翻译服务预约平台！”在满足用户需求的同时，创造一种全新的消费模式，打破信息孤岛、沟通壁垒和地缘结构，颠覆以往传统的跨境出行模式让语言不再成为沟通的障碍。\n',1,'2016-01-20 18:21:08'),(2,'\r\n\r\n使用帮助','使用帮助使用帮助使用帮助使用帮助使用帮助使用帮助使用帮助使用帮助使用帮助使用帮助使用帮助使用帮助使用帮助使用帮助使用帮助使用帮助使用帮助使用帮助使用帮助使用帮助使用帮助使用帮助使用帮助使用帮助使用帮助使用帮助使用帮助使用帮助使用帮助使用帮助使用帮助使用帮助使用帮助使用帮助使用帮助使用帮助使用帮助使用帮助使用帮助使用帮助使用帮助使用帮助使用帮助使用帮助使用帮助使用帮助使用帮助使用帮助使用帮助使用帮助使用帮助使用帮助使用帮助111111111111111111111',2,'2015-12-23 15:33:46'),(3,'\r\n\r\n服务条款','《e翻译信息服务平台用户使用规则》\n\n重要提示：在使用e翻译信息服务平台服务之前，请您务必认真阅读本使用规则及附件（简称“本规则”），须充分理解各条款内容，特别是涉及免除或限制责任条款。当您进入e翻译信息服务平台，接受或使用平台各项服务时，即表示您已知悉并同意本规则及附件的全部内容，如您不同意本规则中任何条款，应当立即停止使用。\n您必须具备完全行为能力才能使用平台服务。若您不具备前述行为能力，则您本人及您的监护人、代理人应依法承担因此导致的全部法律责任。\n我们的平台：指e翻译信息服务平台（简称“平台”），是由上海伊等网络科技有限公司开发并运营的，包括官方网站（http://www.easiertrans.com）、手机APP、官方服务电话、第三方网页链接、微信、微博、短消息等在内的综合信息平台，可以向用户提供翻译信息以及获取信息的相关途径。 我们提供的服务是：在我们的平台上，用户可以实现发布和（或）获取海外翻译需求信息，以及与此相关的订单记录、费用测算、评价评级等活动。但平台本身并不实际提供翻译服务，也不代表、代理任何一方用户提供翻译服务，仅充当用户之间的中间人，用户之间使用或提供翻译服务受其签订（或将要履行）的协议约束，平台不是此类协议中的任一方主体。\n我们的用户：依法具有完全行为能力的自然人或法人使用或接受平台服务即为平台用户，包括翻译服务使用方和翻译服务提供方。\n一、用户注册\n1.1自行注册：翻译服务使用方在首次使用或接受平台服务前，按照平台提示信息独立完成注册。\n1.2 协助注册：翻译服务使用方在首次进入平台后或者使用平台服务前，由平台根据用户提供的信息协助其完成注册。\n1.3审核注册：翻译服务提供方应当按照平台提示信息进行注册，并按要求完成相关支持资料的提供、人工审核和审批等流程，通过后方能完成注册。\n1.4用户完成注册后，即可享受平台提供的各项服务，同时应当遵守并履行本规则各项义务。用户以平台认可的其他方式接受或使用翻译服务视为已完成注册。\n二、服务项目\n2.1信息服务\n2.1.1平台为用户提供发送翻译服务需求的请求（下单）和接受该请求（接单）的信息推送服务，以及用户达成和履行翻译服务协议的信息记录服务。\n2.1.2翻译服务提供方通过平台获取信息后，应当向平台支付信息服务费。\n2.2结算服务\n2.2.1平台为用户之间的翻译服务费用结算提供服务。翻译服务结束后，翻译服务使用方应当按照平台订单记录的时间、服务小时数和平台公布的收费标准向翻译服务提供方支付翻译服务费。 平台会根据市场需求或用户反馈更新费用标准，用户应当注意查看平台最新公布收费标准。\n2.2.2平台可以为用户设立预存账户，并根据用户授权代为支付或划取相关费用 （包括预付定金、翻译信息服务费，翻译服务费及其他费用或违约金）。\n2.3评价服务\n2.3.1 用户可以通过平台对翻译服务行为做出评价或提出意见，评价内容应当客观真实，不得包含辱骂、诋毁以及法律禁止性信息，不得违反平台规则。否则，平台有权采取相关措施，包括但不限于删除评价、限制或禁止使用、要求赔偿损失以及追究其他责任。\n2.3.2用户不得以不当方式帮助他人提高评价，不得对其他用户实施威胁、敲诈。\n2.3.3平台可以根据评价统计，对用户进行综合评定，具体评定办法由平台另行制定。\n2.4调查处理服务\n2.4.1 如用户在使用平台过程中以及接受或履行翻译服务过程中发生争议，并选择使用平台的调查处理服务，则表示认可平台作为独立第三方根据所了解的事实及平台规则做出的调处决定。\n2.4.2 用户应当理解并同意，在争议调处服务中，平台人员并非专业判决人士，仅能以普通人的认知对用户提交的凭证进行判断，平台对调处结果免责。\n三、用户义务\n3.1用户使用或接受平台服务时，应当遵守平台秩序，承担以下义务：\n3.1.1用户须向平台提供真实合法的有效信息， 如因提供的信息虚假、错误、不准确、不完整，所导致的服务及信息偏差、失误，平台不承担任何责任；由此引起的任何损失由用户自行承担。\n3.1.2用户应当妥善保管自己的账号，且不应在没有法律授权的情况下提供给他人使用或这使用他人账号。\n3.1.3用户不得利用平台骚扰、妨碍他人或从事任何违法或侵权行为（包括但不限于恶意下单、接单、多次撤单、取消订单等影响平台或其他用户的行为）。\n3.1.4 用户不得影响平台的正常运行，不得进行危害平台服务或影响平台数据的行为。\n3.1.5 当平台提出合理请求时，用户应提供身份证明，相关用户信息支持文件等。\n3.1.6 用户在使用平台服务过程中，所产生的应纳税费，以及一切硬件、软件和网络通讯服务及其它方面的费用，均由其自行承担。\n3.2用户违反平台规则，阻碍平台管理，平台有权采取相关处理措施，包括但不限于：信息删除、屏蔽处理、限制使用、终止服务、查封或注销账号等。如造成平台损失，用户还应赔偿平台包括但不限于直接经济损失、商誉损失、对外垫付或赔偿款项、和解或调解款项、律师费、差旅费、诉讼费用、行政罚款等间接经济损失。\n3.3 用户同意平台向其发送商业性短信息，用以通知、提醒、确认平台使用的相关内容及优惠信息等。\n四、各方责任\n4.1 除本规则载明责任外，平台不对翻译服务中产生的争议及遭受的损失承担责任。\n4.2 翻译服务提供方为翻译服务使用方同意的翻译人员，如双方在履行翻译服务过程中发生争议、纠纷和损失，平台会尽力提供调处服务，但对于双方的损失不承担任何责任。\n4.3鉴于互联网服务的特殊性，以及平台信息来源于用户提供，故平台无法逐一审查信息的真实性、准确性，对此用户自己应审慎判决并独立做出决定。对因此导致的损害，除非平台故意造成外，平台不承担任何责任。\n4.4平台提供的翻译信息服务受制于用户使用情况，平台有权不经事先通知，随时变更、中断或终止部分或全部的服务，并且不保证服务一定能满足用户要求。\n4.5用户未通过平台认可的途径、方式下单、接单，则不能享受本规则中任何权利，因此发生的争议以及造成的损失，平台不承担任何责任。\n五、知识产权\n5.1 平台包含的所有内容，包括但不限于文本、图形、标志及软件的所有权均属上海伊等网络科技有限公司所有，受知识产权等法律法规的保护，您在使用服务过程中不得以任何形式侵害所有人的上述权利。\n5.2 未经平台允许，您不得擅自复制或发送任何平台内容，不得修改平台相关程序或据此创建衍生产品或竞争产品。\n六、规则的发布、变更和终止\n6.1平台所有通过官网、手机app、微信公众号发布的实施细则、公告、通知、产品或流程说明等均视为本规则的不可分割的组成部分，与本规则具有同等法律效力。\n6.2本规则一经发布即生效。平台可以通过官网、手机app、微信、微博、短信等方式对本规则内容的发布、修改、增加、废止等作出公布或通知，也可以就某些功能进行限制或终止使用，用户应当随时关注平台公示信息。规则内容一经公布或通知即替代原规则内容发生效力，如用户不同意发布或变更的内容，应立即停止使用本平台的相关服务；若用户继续使用平台服务，则视为同意发布或变更事项。\n6.3 出现以下情况时，平台有权限制或终止向用户提供服务：\n6.3.1提供的手机号码或邮箱不存在或无法接收信息，且没有其他方式可以进行联系沟通。\n6.3.2本规则变更时，用户明示并通知平台不愿接受新的变更内容的。\n6.3.3 连续180天没有使用平台服务的。\n6.3.4 存在违法或违约行为的。\n6.3.5 其他为维护平台运营秩序采取的限制或终止服务措施。\n6.4 平台在限制或终止提供服务后，仍享有下列权利：\n6.4.1继续保存用户的注册信息及使用平台的服务信息。\n6.4.2就用户的违法或违约行为主张法律责任。\n七、法律适用与管辖\n7.1本规则之效力、解释、变更、执行与争议解决均适用当地法律法规，如与之相违背的，以当地法律法规为首要依据。如无相关法律规定的，则应参照通用商业惯例和（或）行业惯例。用户在使用过程中，因违反当地法律、法规或其他法律规定而受到国家有关部门处罚或处理的，由责任方自行承担。\n7.2因使用平台服务产生争议，应充分友好协商处理；若协商不成，应以平台运营商即上海伊等网络科技有限公司住所地人民法院为管辖法院。\n7.3本规则任一条款被废止或被视为无效的，不影响本规则其余条款的有效性。本规则的最终解释权归平台运营方上海伊等网络科技有限公司所有。\n相关释义：\n平台服务：指基于互联网、通讯技术，包含官网、手机APP、官方客服电话、第三方网页链接、微信、微博以及其他平台认可的服务方式在内的翻译信息服务。\n手机app：指包含翻译服务使用方客户端、翻译服务提供方客户端等在内的由上海伊等网络科技有限公司研发的客户端。\n翻译服务：指翻译服务提供方直接向翻译服务使用方提供的有偿翻译服务。\n帐号：指用户进入和使用平台，以及接受平台服务的账号。\n注册号：指用户用以登录账号的号码。\n预存账户：指用户设立账户预存一定费用，并授权平台代为结算并划扣翻译信息服务费或翻译服务费等费用。翻译服务使用方用户可以设立预存账户，翻译服务提供方用户必须设立预存账户。\n订单：指通过平台记录翻译服务使用方和提供方具体信息的电子订单。\n下单：指翻译服务使用方通过平台认可的方式向翻译服务提供方发出需要翻译服务的邀约。\n接单：指翻译服务提供方通过平台认可的方式做出提供翻译服务的承诺，即接受翻译服务使用方的下单。\n\n《e翻译服务协议》\n甲方：翻译服务使用方\n乙方：翻译服务提供方\n甲、乙双方均为e翻译信息服务平台用户，通过平台使用或提供翻译服务，均应遵守本协议内容。\n一、 甲方权利义务\n1.1确定预约翻译服务的行程安排有效，以及在翻译服务开始后的相关行程地点和环境适宜翻译人员提供服务，如因甲方隐瞒以上事实带来的纠纷或者损害，由甲方承担。\n1.2有权要求乙方对服务过程中的行程安排，涉及的内容信息或商业机密进行保密。\n1.3有权要求乙方尽最大努力做好翻译前期的准备工作，确保为甲方提供高质量的翻译服务。\n1.4甲方委托乙方翻译或进行其它方式处理的文件或资料中不得有违反当地国家法律或社会公德的内容。\n1.5如口译工作，应在合理的时间范围内向乙方提供相关资料及行程安排，以供乙方及时准备；如笔译工作，应提前向乙方提供所需翻译的文稿，以保证有合理充分的时间完成翻译工作。\n1.6妥善保管随身财物，如在翻译过程中出现遗失，应立即报警。\n1.7按照平台公示标准和本协议约定支付翻译服务费及其他费用。\n1.8有权对乙方的翻译服务在平台上进行客观评价。\n二、 乙方权利义务\n2.1提供翻译服务时身体状况良好，不存在不宜翻译的情况（患病、疲惫、饮酒等）。\n2.2提供翻译服务时精神饱满，举止文明。如甲方在翻译服务过程中有正装要求，则应予以满足，如甲方无具体要求，则应服饰整洁。佩戴服务平台胸牌或标识，便于识别。\n2.3接单后不得擅自取消订单，或转由他人提供翻译服务。\n2.4在履行翻译服务前，仔细阅读相关材料，做好翻译前期准备工作，确保准确、清晰、高质量的为甲方提供翻译服务。\n2.5严格遵守职业道德，对于翻译服务过程中的非公开内容予以严格保密。\n2.6结束翻译服务后，返还甲方相关的文件资料。\n2.7按照平台公示标准和本协议约定向甲方展示订单记录的服务时间和费用，收取翻译服务费及其他费用。\n2.8有权对甲方在平台上进行客观评价。\n三、翻译服务费用\n3.1 双方同意以平台订单记录的时间、服务小时数及公示的费用标准为结算依据，并由甲方在服务时间到达后，直接支付给乙方，或者授权平台代为支付。\n3.2若甲方对翻译服务费存有异议，仍应先行付款，可在24小时内向平台提出异议并提供相关证据，经核实确定计费错误，则由乙方退还多收取的费用。\n3.3 在翻译服务过程中产生的其他临时费用均由甲方承担，如因特殊原因乙方先行垫付了上述款项，则甲方应及时返还乙方。\n四、保密责任\n4.1乙方从执行订单开始，应在严格保密的前提下为甲方提供翻译服务，并承诺在订单结束后，决不向任何第三方泄露或不正当使用与甲方文件相关的产品、合同、客户、技术，或其他甲方关联机构业务等任何信息。\n五、违约责任\n5.1 甲、乙双方达成共识就翻译服务内容明确意向并支付定金的，如在服务开始时间的48小时以上，因特殊原因需要取消该次服务的，应向对方说明原因并取得谅解和同意后，取消订单并退回其定金。如在服务开始时间的48小时以内（含48小时），因故取消该次服务的，则定金不予退还，以补偿金的方式发放给受损方。如双方支付定金订单确定的时间与服务开始的时间在48小时以内的，因故取消该次服务，定金退还。\n5.2乙方取消订单必须得到甲方的确认。\n5.3甲方要求或迫使乙方中途停止翻译服务的（包括但不限于对翻译服务费有异议、对乙方服务不满等原因），甲方仍须据实向乙方支付翻译服务费。乙方停止翻译后的全部后果由甲方承担。\n5.4乙方故意拖沓、拖延时间以增加翻译服务费用的，应向甲方支付相当于该次翻译服务费用的2倍作为违约金。\n六、特别约定\n6.1各方确认并知悉，平台仅为向甲、乙双方提供翻译信息服务，促成双方签订本协议的中间人，并不实际提供也不代表、代理任何一方提供本协议项下的翻译服务，平台有权对翻译服务进行质量监控，但不对翻译服务过程中产生的纠纷或争议承担责任，也不对甲、乙双方翻译服务过程中或准备服务过程中、结束服务后遭受的损失承担责任。\n6.2甲、乙任何一方，在履行协议过程中，因违反当地法律、法规或其他法律规定而受到国家有关部门处罚或处理的，由责任方自行承担。\n七、协议效力\n7.1甲方通过平台下单，乙方接单后即视为双方自愿达成了本协议。本协议附件属于协议不可分割的组成部分，与本协议具有同等法律效力。\n7.2本协议所涉及相关概念均适用《e翻译信息服务平台用户使用规则》作出的定义解释。\n八、争议解决\n本协议履行过程中发生的争议，各方应友好协商解决，协商未成的，各方一致同意将争议提交被告所在地人民法院诉讼解决。\n',3,'2016-01-20 18:05:40'),(4,'计费规则','计费规则计费规则计费规则计费规则计费规则计费规则计费规则计费规则计费规则计费规则计费规则计费规则计费规则计费规则计费规则计费规则计费规则计费规则计费规则计费规则计费规则计费规则计费规则计费规则计费规则计费规则计费规则!@$#^$%&%^#%$',4,'2015-12-23 15:34:08'),(5,'\r\n\r\n服务法律及违约责任约定','\n1111服务法律及违约责任约定\n\n服务法律及违约责任约定\n\n服务法律及违约责任约定\n\n服务法律及违约责任约定\n\n服务法律及违约责任约定\n\n服务法律及违约责任约定\n\n服务法律及违约责任约定\n\n服务法律及违约责任约定\n\n服务法律及违约责任约定\n\n服务法律及违约责任约定\n\n服务法律及违约责任约定\n\n服务法律及违约责任约定\n\n服务法律及违约责任约定\n\n服务法律及违约责任约定\n\n服务法律及违约责任约定\n\n服务法律及违约责任约定\n\n服务法律及违约责任约定\n\n服务法律及违约责任约定\n\n服务法律及违约责任约定\n\n服务法律及违约责任约定\n\n服务法律及违约责任约定\n\n服务法律及违约责任约定\n\n服务法律及违约责任约定\n\n服务法律及违约责任约定\n\n服务法律及违约责任约定\n\n服务法律及违约责任约定\n\n服务法律及违约责任约定\n\n服务法律及违约责任约定\n\n服务法律及违约责任约定\n\n服务法律及违约责任约定\n\n服务法律及违约责任约定\n\n服务法律及违约责任约定\n\n服务法律及违约责任约定',5,'2015-11-30 14:48:19'),(6,'\r\n\r\n法律声明和隐私政策','法律声明和隐私政策法律声明和隐私政策法律声明和隐私政策法律声明和隐私政策法律声明和隐私政策法律声明和隐私政策法律声明和隐私政策法律声明和隐私政策法律声明和隐私政策法律声明和隐私政策法律声明和隐私政策法律声明和隐私政策法律声明和隐私政策法律声明和隐私政策法律声明和隐私政策法律声明和隐私政策法律声明和隐私政策法律声明和隐私政策法律声明和隐私政策法律声明和隐私政策法律声明和隐私政策法律声明和隐私政策法律声明和隐私政策法律声明和隐私政策法律声明和隐私政策法律声明和隐私政策法律声明和隐私政策法律声明和隐私政策法律声明和隐私政策法律声明和隐私政策法律声明和隐私政策法律声明和隐私政策法律声明和隐私政策法律声明和隐私政策法律声明和隐私政策法律声明和隐私政策法律声明和隐私政策法律声明和隐私政策法律声明和隐私政策法律声明和隐私政策法律声明和隐私政策                 !@%#############',6,'2015-12-23 15:34:17'),(7,'\r\n\r\n注册协议','《e翻译信息服务平台用户使用规则》\n\n重要提示：在使用e翻译信息服务平台服务之前，请您务必认真阅读本使用规则及附件（简称“本规则”），须充分理解各条款内容，特别是涉及免除或限制责任条款。当您进入e翻译信息服务平台，接受或使用平台各项服务时，即表示您已知悉并同意本规则及附件的全部内容，如您不同意本规则中任何条款，应当立即停止使用。\n您必须具备完全行为能力才能使用平台服务。若您不具备前述行为能力，则您本人及您的监护人、代理人应依法承担因此导致的全部法律责任。\n我们的平台：指e翻译信息服务平台（简称“平台”），是由上海伊等网络科技有限公司开发并运营的，包括官方网站（http://www.easiertrans.com）、手机APP、官方服务电话、第三方网页链接、微信、微博、短消息等在内的综合信息平台，可以向用户提供翻译信息以及获取信息的相关途径。 我们提供的服务是：在我们的平台上，用户可以实现发布和（或）获取海外翻译需求信息，以及与此相关的订单记录、费用测算、评价评级等活动。但平台本身并不实际提供翻译服务，也不代表、代理任何一方用户提供翻译服务，仅充当用户之间的中间人，用户之间使用或提供翻译服务受其签订（或将要履行）的协议约束，平台不是此类协议中的任一方主体。\n我们的用户：依法具有完全行为能力的自然人或法人使用或接受平台服务即为平台用户，包括翻译服务使用方和翻译服务提供方。\n一、用户注册\n1.1自行注册：翻译服务使用方在首次使用或接受平台服务前，按照平台提示信息独立完成注册。\n1.2 协助注册：翻译服务使用方在首次进入平台后或者使用平台服务前，由平台根据用户提供的信息协助其完成注册。\n1.3审核注册：翻译服务提供方应当按照平台提示信息进行注册，并按要求完成相关支持资料的提供、人工审核和审批等流程，通过后方能完成注册。\n1.4用户完成注册后，即可享受平台提供的各项服务，同时应当遵守并履行本规则各项义务。用户以平台认可的其他方式接受或使用翻译服务视为已完成注册。\n二、服务项目\n2.1信息服务\n2.1.1平台为用户提供发送翻译服务需求的请求（下单）和接受该请求（接单）的信息推送服务，以及用户达成和履行翻译服务协议的信息记录服务。\n2.1.2翻译服务提供方通过平台获取信息后，应当向平台支付信息服务费。\n2.2结算服务\n2.2.1平台为用户之间的翻译服务费用结算提供服务。翻译服务结束后，翻译服务使用方应当按照平台订单记录的时间、服务小时数和平台公布的收费标准向翻译服务提供方支付翻译服务费。 平台会根据市场需求或用户反馈更新费用标准，用户应当注意查看平台最新公布收费标准。\n2.2.2平台可以为用户设立预存账户，并根据用户授权代为支付或划取相关费用 （包括预付定金、翻译信息服务费，翻译服务费及其他费用或违约金）。\n2.3评价服务\n2.3.1 用户可以通过平台对翻译服务行为做出评价或提出意见，评价内容应当客观真实，不得包含辱骂、诋毁以及法律禁止性信息，不得违反平台规则。否则，平台有权采取相关措施，包括但不限于删除评价、限制或禁止使用、要求赔偿损失以及追究其他责任。\n2.3.2用户不得以不当方式帮助他人提高评价，不得对其他用户实施威胁、敲诈。\n2.3.3平台可以根据评价统计，对用户进行综合评定，具体评定办法由平台另行制定。\n2.4调查处理服务\n2.4.1 如用户在使用平台过程中以及接受或履行翻译服务过程中发生争议，并选择使用平台的调查处理服务，则表示认可平台作为独立第三方根据所了解的事实及平台规则做出的调处决定。\n2.4.2 用户应当理解并同意，在争议调处服务中，平台人员并非专业判决人士，仅能以普通人的认知对用户提交的凭证进行判断，平台对调处结果免责。\n三、用户义务\n3.1用户使用或接受平台服务时，应当遵守平台秩序，承担以下义务：\n3.1.1用户须向平台提供真实合法的有效信息， 如因提供的信息虚假、错误、不准确、不完整，所导致的服务及信息偏差、失误，平台不承担任何责任；由此引起的任何损失由用户自行承担。\n3.1.2用户应当妥善保管自己的账号，且不应在没有法律授权的情况下提供给他人使用或这使用他人账号。\n3.1.3用户不得利用平台骚扰、妨碍他人或从事任何违法或侵权行为（包括但不限于恶意下单、接单、多次撤单、取消订单等影响平台或其他用户的行为）。\n3.1.4 用户不得影响平台的正常运行，不得进行危害平台服务或影响平台数据的行为。\n3.1.5 当平台提出合理请求时，用户应提供身份证明，相关用户信息支持文件等。\n3.1.6 用户在使用平台服务过程中，所产生的应纳税费，以及一切硬件、软件和网络通讯服务及其它方面的费用，均由其自行承担。\n3.2用户违反平台规则，阻碍平台管理，平台有权采取相关处理措施，包括但不限于：信息删除、屏蔽处理、限制使用、终止服务、查封或注销账号等。如造成平台损失，用户还应赔偿平台包括但不限于直接经济损失、商誉损失、对外垫付或赔偿款项、和解或调解款项、律师费、差旅费、诉讼费用、行政罚款等间接经济损失。\n3.3 用户同意平台向其发送商业性短信息，用以通知、提醒、确认平台使用的相关内容及优惠信息等。\n四、各方责任\n4.1 除本规则载明责任外，平台不对翻译服务中产生的争议及遭受的损失承担责任。\n4.2 翻译服务提供方为翻译服务使用方同意的翻译人员，如双方在履行翻译服务过程中发生争议、纠纷和损失，平台会尽力提供调处服务，但对于双方的损失不承担任何责任。\n4.3鉴于互联网服务的特殊性，以及平台信息来源于用户提供，故平台无法逐一审查信息的真实性、准确性，对此用户自己应审慎判决并独立做出决定。对因此导致的损害，除非平台故意造成外，平台不承担任何责任。\n4.4平台提供的翻译信息服务受制于用户使用情况，平台有权不经事先通知，随时变更、中断或终止部分或全部的服务，并且不保证服务一定能满足用户要求。\n4.5用户未通过平台认可的途径、方式下单、接单，则不能享受本规则中任何权利，因此发生的争议以及造成的损失，平台不承担任何责任。\n五、知识产权\n5.1 平台包含的所有内容，包括但不限于文本、图形、标志及软件的所有权均属上海伊等网络科技有限公司所有，受知识产权等法律法规的保护，您在使用服务过程中不得以任何形式侵害所有人的上述权利。\n5.2 未经平台允许，您不得擅自复制或发送任何平台内容，不得修改平台相关程序或据此创建衍生产品或竞争产品。\n六、规则的发布、变更和终止\n6.1平台所有通过官网、手机app、微信公众号发布的实施细则、公告、通知、产品或流程说明等均视为本规则的不可分割的组成部分，与本规则具有同等法律效力。\n6.2本规则一经发布即生效。平台可以通过官网、手机app、微信、微博、短信等方式对本规则内容的发布、修改、增加、废止等作出公布或通知，也可以就某些功能进行限制或终止使用，用户应当随时关注平台公示信息。规则内容一经公布或通知即替代原规则内容发生效力，如用户不同意发布或变更的内容，应立即停止使用本平台的相关服务；若用户继续使用平台服务，则视为同意发布或变更事项。\n6.3 出现以下情况时，平台有权限制或终止向用户提供服务：\n6.3.1提供的手机号码或邮箱不存在或无法接收信息，且没有其他方式可以进行联系沟通。\n6.3.2本规则变更时，用户明示并通知平台不愿接受新的变更内容的。\n6.3.3 连续180天没有使用平台服务的。\n6.3.4 存在违法或违约行为的。\n6.3.5 其他为维护平台运营秩序采取的限制或终止服务措施。\n6.4 平台在限制或终止提供服务后，仍享有下列权利：\n6.4.1继续保存用户的注册信息及使用平台的服务信息。\n6.4.2就用户的违法或违约行为主张法律责任。\n七、法律适用与管辖\n7.1本规则之效力、解释、变更、执行与争议解决均适用当地法律法规，如与之相违背的，以当地法律法规为首要依据。如无相关法律规定的，则应参照通用商业惯例和（或）行业惯例。用户在使用过程中，因违反当地法律、法规或其他法律规定而受到国家有关部门处罚或处理的，由责任方自行承担。\n7.2因使用平台服务产生争议，应充分友好协商处理；若协商不成，应以平台运营商即上海伊等网络科技有限公司住所地人民法院为管辖法院。\n7.3本规则任一条款被废止或被视为无效的，不影响本规则其余条款的有效性。本规则的最终解释权归平台运营方上海伊等网络科技有限公司所有。\n相关释义：\n平台服务：指基于互联网、通讯技术，包含官网、手机APP、官方客服电话、第三方网页链接、微信、微博以及其他平台认可的服务方式在内的翻译信息服务。\n手机app：指包含翻译服务使用方客户端、翻译服务提供方客户端等在内的由上海伊等网络科技有限公司研发的客户端。\n翻译服务：指翻译服务提供方直接向翻译服务使用方提供的有偿翻译服务。\n帐号：指用户进入和使用平台，以及接受平台服务的账号。\n注册号：指用户用以登录账号的号码。\n预存账户：指用户设立账户预存一定费用，并授权平台代为结算并划扣翻译信息服务费或翻译服务费等费用。翻译服务使用方用户可以设立预存账户，翻译服务提供方用户必须设立预存账户。\n订单：指通过平台记录翻译服务使用方和提供方具体信息的电子订单。\n下单：指翻译服务使用方通过平台认可的方式向翻译服务提供方发出需要翻译服务的邀约。\n接单：指翻译服务提供方通过平台认可的方式做出提供翻译服务的承诺，即接受翻译服务使用方的下单。\n\n《e翻译服务协议》\n甲方：翻译服务使用方\n乙方：翻译服务提供方\n甲、乙双方均为e翻译信息服务平台用户，通过平台使用或提供翻译服务，均应遵守本协议内容。\n一、 甲方权利义务\n1.1确定预约翻译服务的行程安排有效，以及在翻译服务开始后的相关行程地点和环境适宜翻译人员提供服务，如因甲方隐瞒以上事实带来的纠纷或者损害，由甲方承担。\n1.2有权要求乙方对服务过程中的行程安排，涉及的内容信息或商业机密进行保密。\n1.3有权要求乙方尽最大努力做好翻译前期的准备工作，确保为甲方提供高质量的翻译服务。\n1.4甲方委托乙方翻译或进行其它方式处理的文件或资料中不得有违反当地国家法律或社会公德的内容。\n1.5如口译工作，应在合理的时间范围内向乙方提供相关资料及行程安排，以供乙方及时准备；如笔译工作，应提前向乙方提供所需翻译的文稿，以保证有合理充分的时间完成翻译工作。\n1.6妥善保管随身财物，如在翻译过程中出现遗失，应立即报警。\n1.7按照平台公示标准和本协议约定支付翻译服务费及其他费用。\n1.8有权对乙方的翻译服务在平台上进行客观评价。\n二、 乙方权利义务\n2.1提供翻译服务时身体状况良好，不存在不宜翻译的情况（患病、疲惫、饮酒等）。\n2.2提供翻译服务时精神饱满，举止文明。如甲方在翻译服务过程中有正装要求，则应予以满足，如甲方无具体要求，则应服饰整洁。佩戴服务平台胸牌或标识，便于识别。\n2.3接单后不得擅自取消订单，或转由他人提供翻译服务。\n2.4在履行翻译服务前，仔细阅读相关材料，做好翻译前期准备工作，确保准确、清晰、高质量的为甲方提供翻译服务。\n2.5严格遵守职业道德，对于翻译服务过程中的非公开内容予以严格保密。\n2.6结束翻译服务后，返还甲方相关的文件资料。\n2.7按照平台公示标准和本协议约定向甲方展示订单记录的服务时间和费用，收取翻译服务费及其他费用。\n2.8有权对甲方在平台上进行客观评价。\n三、翻译服务费用\n3.1 双方同意以平台订单记录的时间、服务小时数及公示的费用标准为结算依据，并由甲方在服务时间到达后，直接支付给乙方，或者授权平台代为支付。\n3.2若甲方对翻译服务费存有异议，仍应先行付款，可在24小时内向平台提出异议并提供相关证据，经核实确定计费错误，则由乙方退还多收取的费用。\n3.3 在翻译服务过程中产生的其他临时费用均由甲方承担，如因特殊原因乙方先行垫付了上述款项，则甲方应及时返还乙方。\n四、保密责任\n4.1乙方从执行订单开始，应在严格保密的前提下为甲方提供翻译服务，并承诺在订单结束后，决不向任何第三方泄露或不正当使用与甲方文件相关的产品、合同、客户、技术，或其他甲方关联机构业务等任何信息。\n五、违约责任\n5.1 甲、乙双方达成共识就翻译服务内容明确意向并支付定金的，如在服务开始时间的48小时以上，因特殊原因需要取消该次服务的，应向对方说明原因并取得谅解和同意后，取消订单并退回其定金。如在服务开始时间的48小时以内（含48小时），因故取消该次服务的，则定金不予退还，以补偿金的方式发放给受损方。如双方支付定金订单确定的时间与服务开始的时间在48小时以内的，因故取消该次服务，定金退还。\n5.2乙方取消订单必须得到甲方的确认。\n5.3甲方要求或迫使乙方中途停止翻译服务的（包括但不限于对翻译服务费有异议、对乙方服务不满等原因），甲方仍须据实向乙方支付翻译服务费。乙方停止翻译后的全部后果由甲方承担。\n5.4乙方故意拖沓、拖延时间以增加翻译服务费用的，应向甲方支付相当于该次翻译服务费用的2倍作为违约金。\n六、特别约定\n6.1各方确认并知悉，平台仅为向甲、乙双方提供翻译信息服务，促成双方签订本协议的中间人，并不实际提供也不代表、代理任何一方提供本协议项下的翻译服务，平台有权对翻译服务进行质量监控，但不对翻译服务过程中产生的纠纷或争议承担责任，也不对甲、乙双方翻译服务过程中或准备服务过程中、结束服务后遭受的损失承担责任。\n6.2甲、乙任何一方，在履行协议过程中，因违反当地法律、法规或其他法律规定而受到国家有关部门处罚或处理的，由责任方自行承担。\n七、协议效力\n7.1甲方通过平台下单，乙方接单后即视为双方自愿达成了本协议。本协议附件属于协议不可分割的组成部分，与本协议具有同等法律效力。\n7.2本协议所涉及相关概念均适用《e翻译信息服务平台用户使用规则》作出的定义解释。\n八、争议解决\n本协议履行过程中发生的争议，各方应友好协商解决，协商未成的，各方一致同意将争议提交被告所在地人民法院诉讼解决。\n',7,'2016-01-20 18:06:34');
